Date_Key,Date,Year,Quarter,Month,Month_Name,Year_Month,Week,Day,Day_Of_Week,Day_Name,Is_Weekend
19970204,1997-02-04,1997,Q1,2,February,1997-02,6,4,2,Tuesday,0
19970205,1997-02-05,1997,Q1,2,February,1997-02,6,5,3,Wednesday,0
19970206,1997-02-06,1997,Q1,2,February,1997-02,6,6,4,Thursday,0
19970207,1997-02-07,1997,Q1,2,February,1997-02,6,7,5,Friday,0
19970210,1997-02-10,1997,Q1,2,February,1997-02,7,10,1,Monday,0
19970211,1997-02-11,1997,Q1,2,February,1997-02,7,11,2,Tuesday,0
19970212,1997-02-12,1997,Q1,2,February,1997-02,7,12,3,Wednesday,0
19970213,1997-02-13,1997,Q1,2,February,1997-02,7,13,4,Thursday,0
19970214,1997-02-14,1997,Q1,2,February,1997-02,7,14,5,Friday,0
19970217,1997-02-17,1997,Q1,2,February,1997-02,8,17,1,Monday,0
19970218,1997-02-18,1997,Q1,2,February,1997-02,8,18,2,Tuesday,0
19970219,1997-02-19,1997,Q1,2,February,1997-02,8,19,3,Wednesday,0
19970220,1997-02-20,1997,Q1,2,February,1997-02,8,20,4,Thursday,0
19970221,1997-02-21,1997,Q1,2,February,1997-02,8,21,5,Friday,0
19970224,1997-02-24,1997,Q1,2,February,1997-02,9,24,1,Monday,0
19970225,1997-02-25,1997,Q1,2,February,1997-02,9,25,2,Tuesday,0
19970226,1997-02-26,1997,Q1,2,February,1997-02,9,26,3,Wednesday,0
19970227,1997-02-27,1997,Q1,2,February,1997-02,9,27,4,Thursday,0
19970228,1997-02-28,1997,Q1,2,February,1997-02,9,28,5,Friday,0
19970303,1997-03-03,1997,Q1,3,March,1997-03,10,3,1,Monday,0
19970304,1997-03-04,1997,Q1,3,March,1997-03,10,4,2,Tuesday,0
19970305,1997-03-05,1997,Q1,3,March,1997-03,10,5,3,Wednesday,0
19970306,1997-03-06,1997,Q1,3,March,1997-03,10,6,4,Thursday,0
19970310,1997-03-10,1997,Q1,3,March,1997-03,11,10,1,Monday,0
19970311,1997-03-11,1997,Q1,3,March,1997-03,11,11,2,Tuesday,0
19970312,1997-03-12,1997,Q1,3,March,1997-03,11,12,3,Wednesday,0
19970313,1997-03-13,1997,Q1,3,March,1997-03,11,13,4,Thursday,0
19970314,1997-03-14,1997,Q1,3,March,1997-03,11,14,5,Friday,0
19970317,1997-03-17,1997,Q1,3,March,1997-03,12,17,1,Monday,0
19970318,1997-03-18,1997,Q1,3,March,1997-03,12,18,2,Tuesday,0
19970319,1997-03-19,1997,Q1,3,March,1997-03,12,19,3,Wednesday,0
19970320,1997-03-20,1997,Q1,3,March,1997-03,12,20,4,Thursday,0
19970321,1997-03-21,1997,Q1,3,March,1997-03,12,21,5,Friday,0
19970325,1997-03-25,1997,Q1,3,March,1997-03,13,25,2,Tuesday,0
19970326,1997-03-26,1997,Q1,3,March,1997-03,13,26,3,Wednesday,0
19970327,1997-03-27,1997,Q1,3,March,1997-03,13,27,4,Thursday,0
19970328,1997-03-28,1997,Q1,3,March,1997-03,13,28,5,Friday,0
19970331,1997-03-31,1997,Q1,3,March,1997-03,14,31,1,Monday,0
19970401,1997-04-01,1997,Q2,4,April,1997-04,14,1,2,Tuesday,0
19970402,1997-04-02,1997,Q2,4,April,1997-04,14,2,3,Wednesday,0
19970403,1997-04-03,1997,Q2,4,April,1997-04,14,3,4,Thursday,0
19970404,1997-04-04,1997,Q2,4,April,1997-04,14,4,5,Friday,0
19970407,1997-04-07,1997,Q2,4,April,1997-04,15,7,1,Monday,0
19970409,1997-04-09,1997,Q2,4,April,1997-04,15,9,3,Wednesday,0
19970410,1997-04-10,1997,Q2,4,April,1997-04,15,10,4,Thursday,0
19970411,1997-04-11,1997,Q2,4,April,1997-04,15,11,5,Friday,0
19970415,1997-04-15,1997,Q2,4,April,1997-04,16,15,2,Tuesday,0
19970417,1997-04-17,1997,Q2,4,April,1997-04,16,17,4,Thursday,0
19970421,1997-04-21,1997,Q2,4,April,1997-04,17,21,1,Monday,0
19970422,1997-04-22,1997,Q2,4,April,1997-04,17,22,2,Tuesday,0
19970423,1997-04-23,1997,Q2,4,April,1997-04,17,23,3,Wednesday,0
19970424,1997-04-24,1997,Q2,4,April,1997-04,17,24,4,Thursday,0
19970425,1997-04-25,1997,Q2,4,April,1997-04,17,25,5,Friday,0
19970428,1997-04-28,1997,Q2,4,April,1997-04,18,28,1,Monday,0
19970429,1997-04-29,1997,Q2,4,April,1997-04,18,29,2,Tuesday,0
19970430,1997-04-30,1997,Q2,4,April,1997-04,18,30,3,Wednesday,0
19970502,1997-05-02,1997,Q2,5,May,1997-05,18,2,5,Friday,0
19970505,1997-05-05,1997,Q2,5,May,1997-05,19,5,1,Monday,0
19970506,1997-05-06,1997,Q2,5,May,1997-05,19,6,2,Tuesday,0
19970507,1997-05-07,1997,Q2,5,May,1997-05,19,7,3,Wednesday,0
19970508,1997-05-08,1997,Q2,5,May,1997-05,19,8,4,Thursday,0
19970509,1997-05-09,1997,Q2,5,May,1997-05,19,9,5,Friday,0
19970512,1997-05-12,1997,Q2,5,May,1997-05,20,12,1,Monday,0
19970513,1997-05-13,1997,Q2,5,May,1997-05,20,13,2,Tuesday,0
19970514,1997-05-14,1997,Q2,5,May,1997-05,20,14,3,Wednesday,0
19970515,1997-05-15,1997,Q2,5,May,1997-05,20,15,4,Thursday,0
19970516,1997-05-16,1997,Q2,5,May,1997-05,20,16,5,Friday,0
19970519,1997-05-19,1997,Q2,5,May,1997-05,21,19,1,Monday,0
19970520,1997-05-20,1997,Q2,5,May,1997-05,21,20,2,Tuesday,0
19970521,1997-05-21,1997,Q2,5,May,1997-05,21,21,3,Wednesday,0
19970522,1997-05-22,1997,Q2,5,May,1997-05,21,22,4,Thursday,0
19970523,1997-05-23,1997,Q2,5,May,1997-05,21,23,5,Friday,0
19970526,1997-05-26,1997,Q2,5,May,1997-05,22,26,1,Monday,0
19970527,1997-05-27,1997,Q2,5,May,1997-05,22,27,2,Tuesday,0
19970528,1997-05-28,1997,Q2,5,May,1997-05,22,28,3,Wednesday,0
19970529,1997-05-29,1997,Q2,5,May,1997-05,22,29,4,Thursday,0
19970530,1997-05-30,1997,Q2,5,May,1997-05,22,30,5,Friday,0
19970602,1997-06-02,1997,Q2,6,June,1997-06,23,2,1,Monday,0
19970603,1997-06-03,1997,Q2,6,June,1997-06,23,3,2,Tuesday,0
19970604,1997-06-04,1997,Q2,6,June,1997-06,23,4,3,Wednesday,0
19970605,1997-06-05,1997,Q2,6,June,1997-06,23,5,4,Thursday,0
19970606,1997-06-06,1997,Q2,6,June,1997-06,23,6,5,Friday,0
19970609,1997-06-09,1997,Q2,6,June,1997-06,24,9,1,Monday,0
19970610,1997-06-10,1997,Q2,6,June,1997-06,24,10,2,Tuesday,0
19970611,1997-06-11,1997,Q2,6,June,1997-06,24,11,3,Wednesday,0
19970612,1997-06-12,1997,Q2,6,June,1997-06,24,12,4,Thursday,0
19970613,1997-06-13,1997,Q2,6,June,1997-06,24,13,5,Friday,0
19970616,1997-06-16,1997,Q2,6,June,1997-06,25,16,1,Monday,0
19970617,1997-06-17,1997,Q2,6,June,1997-06,25,17,2,Tuesday,0
19970618,1997-06-18,1997,Q2,6,June,1997-06,25,18,3,Wednesday,0
19970619,1997-06-19,1997,Q2,6,June,1997-06,25,19,4,Thursday,0
19970620,1997-06-20,1997,Q2,6,June,1997-06,25,20,5,Friday,0
19970623,1997-06-23,1997,Q2,6,June,1997-06,26,23,1,Monday,0
19970624,1997-06-24,1997,Q2,6,June,1997-06,26,24,2,Tuesday,0
19970625,1997-06-25,1997,Q2,6,June,1997-06,26,25,3,Wednesday,0
19970626,1997-06-26,1997,Q2,6,June,1997-06,26,26,4,Thursday,0
19970627,1997-06-27,1997,Q2,6,June,1997-06,26,27,5,Friday,0
19970630,1997-06-30,1997,Q2,6,June,1997-06,27,30,1,Monday,0
19970701,1997-07-01,1997,Q3,7,July,1997-07,27,1,2,Tuesday,0
19970702,1997-07-02,1997,Q3,7,July,1997-07,27,2,3,Wednesday,0
19970703,1997-07-03,1997,Q3,7,July,1997-07,27,3,4,Thursday,0
19970704,1997-07-04,1997,Q3,7,July,1997-07,27,4,5,Friday,0
19970707,1997-07-07,1997,Q3,7,July,1997-07,28,7,1,Monday,0
19970708,1997-07-08,1997,Q3,7,July,1997-07,28,8,2,Tuesday,0
19970709,1997-07-09,1997,Q3,7,July,1997-07,28,9,3,Wednesday,0
19970710,1997-07-10,1997,Q3,7,July,1997-07,28,10,4,Thursday,0
19970711,1997-07-11,1997,Q3,7,July,1997-07,28,11,5,Friday,0
19970714,1997-07-14,1997,Q3,7,July,1997-07,29,14,1,Monday,0
19970715,1997-07-15,1997,Q3,7,July,1997-07,29,15,2,Tuesday,0
19970716,1997-07-16,1997,Q3,7,July,1997-07,29,16,3,Wednesday,0
19970717,1997-07-17,1997,Q3,7,July,1997-07,29,17,4,Thursday,0
19970718,1997-07-18,1997,Q3,7,July,1997-07,29,18,5,Friday,0
19970721,1997-07-21,1997,Q3,7,July,1997-07,30,21,1,Monday,0
19970722,1997-07-22,1997,Q3,7,July,1997-07,30,22,2,Tuesday,0
19970723,1997-07-23,1997,Q3,7,July,1997-07,30,23,3,Wednesday,0
19970724,1997-07-24,1997,Q3,7,July,1997-07,30,24,4,Thursday,0
19970725,1997-07-25,1997,Q3,7,July,1997-07,30,25,5,Friday,0
19970728,1997-07-28,1997,Q3,7,July,1997-07,31,28,1,Monday,0
19970729,1997-07-29,1997,Q3,7,July,1997-07,31,29,2,Tuesday,0
19970730,1997-07-30,1997,Q3,7,July,1997-07,31,30,3,Wednesday,0
19970731,1997-07-31,1997,Q3,7,July,1997-07,31,31,4,Thursday,0
19970801,1997-08-01,1997,Q3,8,August,1997-08,31,1,5,Friday,0
19970804,1997-08-04,1997,Q3,8,August,1997-08,32,4,1,Monday,0
19970805,1997-08-05,1997,Q3,8,August,1997-08,32,5,2,Tuesday,0
19970806,1997-08-06,1997,Q3,8,August,1997-08,32,6,3,Wednesday,0
19970807,1997-08-07,1997,Q3,8,August,1997-08,32,7,4,Thursday,0
19970808,1997-08-08,1997,Q3,8,August,1997-08,32,8,5,Friday,0
19970811,1997-08-11,1997,Q3,8,August,1997-08,33,11,1,Monday,0
19970812,1997-08-12,1997,Q3,8,August,1997-08,33,12,2,Tuesday,0
19970813,1997-08-13,1997,Q3,8,August,1997-08,33,13,3,Wednesday,0
19970814,1997-08-14,1997,Q3,8,August,1997-08,33,14,4,Thursday,0
19970818,1997-08-18,1997,Q3,8,August,1997-08,34,18,1,Monday,0
19970819,1997-08-19,1997,Q3,8,August,1997-08,34,19,2,Tuesday,0
19970820,1997-08-20,1997,Q3,8,August,1997-08,34,20,3,Wednesday,0
19970821,1997-08-21,1997,Q3,8,August,1997-08,34,21,4,Thursday,0
19970822,1997-08-22,1997,Q3,8,August,1997-08,34,22,5,Friday,0
19970825,1997-08-25,1997,Q3,8,August,1997-08,35,25,1,Monday,0
19970826,1997-08-26,1997,Q3,8,August,1997-08,35,26,2,Tuesday,0
19970827,1997-08-27,1997,Q3,8,August,1997-08,35,27,3,Wednesday,0
19970828,1997-08-28,1997,Q3,8,August,1997-08,35,28,4,Thursday,0
19970829,1997-08-29,1997,Q3,8,August,1997-08,35,29,5,Friday,0
19970901,1997-09-01,1997,Q3,9,September,1997-09,36,1,1,Monday,0
19970902,1997-09-02,1997,Q3,9,September,1997-09,36,2,2,Tuesday,0
19970903,1997-09-03,1997,Q3,9,September,1997-09,36,3,3,Wednesday,0
19970904,1997-09-04,1997,Q3,9,September,1997-09,36,4,4,Thursday,0
19970905,1997-09-05,1997,Q3,9,September,1997-09,36,5,5,Friday,0
19970908,1997-09-08,1997,Q3,9,September,1997-09,37,8,1,Monday,0
19970909,1997-09-09,1997,Q3,9,September,1997-09,37,9,2,Tuesday,0
19970910,1997-09-10,1997,Q3,9,September,1997-09,37,10,3,Wednesday,0
19970911,1997-09-11,1997,Q3,9,September,1997-09,37,11,4,Thursday,0
19970912,1997-09-12,1997,Q3,9,September,1997-09,37,12,5,Friday,0
19970915,1997-09-15,1997,Q3,9,September,1997-09,38,15,1,Monday,0
19970916,1997-09-16,1997,Q3,9,September,1997-09,38,16,2,Tuesday,0
19970917,1997-09-17,1997,Q3,9,September,1997-09,38,17,3,Wednesday,0
19970918,1997-09-18,1997,Q3,9,September,1997-09,38,18,4,Thursday,0
19970919,1997-09-19,1997,Q3,9,September,1997-09,38,19,5,Friday,0
19970922,1997-09-22,1997,Q3,9,September,1997-09,39,22,1,Monday,0
19970923,1997-09-23,1997,Q3,9,September,1997-09,39,23,2,Tuesday,0
19970924,1997-09-24,1997,Q3,9,September,1997-09,39,24,3,Wednesday,0
19970925,1997-09-25,1997,Q3,9,September,1997-09,39,25,4,Thursday,0
19970926,1997-09-26,1997,Q3,9,September,1997-09,39,26,5,Friday,0
19970929,1997-09-29,1997,Q3,9,September,1997-09,40,29,1,Monday,0
19970930,1997-09-30,1997,Q3,9,September,1997-09,40,30,2,Tuesday,0
19971001,1997-10-01,1997,Q4,10,October,1997-10,40,1,3,Wednesday,0
19971003,1997-10-03,1997,Q4,10,October,1997-10,40,3,5,Friday,0
19971006,1997-10-06,1997,Q4,10,October,1997-10,41,6,1,Monday,0
19971007,1997-10-07,1997,Q4,10,October,1997-10,41,7,2,Tuesday,0
19971008,1997-10-08,1997,Q4,10,October,1997-10,41,8,3,Wednesday,0
19971009,1997-10-09,1997,Q4,10,October,1997-10,41,9,4,Thursday,0
19971010,1997-10-10,1997,Q4,10,October,1997-10,41,10,5,Friday,0
19971013,1997-10-13,1997,Q4,10,October,1997-10,42,13,1,Monday,0
19971014,1997-10-14,1997,Q4,10,October,1997-10,42,14,2,Tuesday,0
19971015,1997-10-15,1997,Q4,10,October,1997-10,42,15,3,Wednesday,0
19971016,1997-10-16,1997,Q4,10,October,1997-10,42,16,4,Thursday,0
19971017,1997-10-17,1997,Q4,10,October,1997-10,42,17,5,Friday,0
19971020,1997-10-20,1997,Q4,10,October,1997-10,43,20,1,Monday,0
19971021,1997-10-21,1997,Q4,10,October,1997-10,43,21,2,Tuesday,0
19971022,1997-10-22,1997,Q4,10,October,1997-10,43,22,3,Wednesday,0
19971023,1997-10-23,1997,Q4,10,October,1997-10,43,23,4,Thursday,0
19971024,1997-10-24,1997,Q4,10,October,1997-10,43,24,5,Friday,0
19971027,1997-10-27,1997,Q4,10,October,1997-10,44,27,1,Monday,0
19971028,1997-10-28,1997,Q4,10,October,1997-10,44,28,2,Tuesday,0
19971029,1997-10-29,1997,Q4,10,October,1997-10,44,29,3,Wednesday,0
19971030,1997-10-30,1997,Q4,10,October,1997-10,44,30,4,Thursday,0
19971103,1997-11-03,1997,Q4,11,November,1997-11,45,3,1,Monday,0
19971104,1997-11-04,1997,Q4,11,November,1997-11,45,4,2,Tuesday,0
19971105,1997-11-05,1997,Q4,11,November,1997-11,45,5,3,Wednesday,0
19971106,1997-11-06,1997,Q4,11,November,1997-11,45,6,4,Thursday,0
19971107,1997-11-07,1997,Q4,11,November,1997-11,45,7,5,Friday,0
19971110,1997-11-10,1997,Q4,11,November,1997-11,46,10,1,Monday,0
19971111,1997-11-11,1997,Q4,11,November,1997-11,46,11,2,Tuesday,0
19971112,1997-11-12,1997,Q4,11,November,1997-11,46,12,3,Wednesday,0
19971113,1997-11-13,1997,Q4,11,November,1997-11,46,13,4,Thursday,0
19971114,1997-11-14,1997,Q4,11,November,1997-11,46,14,5,Friday,0
19971117,1997-11-17,1997,Q4,11,November,1997-11,47,17,1,Monday,0
19971118,1997-11-18,1997,Q4,11,November,1997-11,47,18,2,Tuesday,0
19971119,1997-11-19,1997,Q4,11,November,1997-11,47,19,3,Wednesday,0
19971120,1997-11-20,1997,Q4,11,November,1997-11,47,20,4,Thursday,0
19971121,1997-11-21,1997,Q4,11,November,1997-11,47,21,5,Friday,0
19971124,1997-11-24,1997,Q4,11,November,1997-11,48,24,1,Monday,0
19971125,1997-11-25,1997,Q4,11,November,1997-11,48,25,2,Tuesday,0
19971126,1997-11-26,1997,Q4,11,November,1997-11,48,26,3,Wednesday,0
19971127,1997-11-27,1997,Q4,11,November,1997-11,48,27,4,Thursday,0
19971128,1997-11-28,1997,Q4,11,November,1997-11,48,28,5,Friday,0
19971201,1997-12-01,1997,Q4,12,December,1997-12,49,1,1,Monday,0
19971202,1997-12-02,1997,Q4,12,December,1997-12,49,2,2,Tuesday,0
19971203,1997-12-03,1997,Q4,12,December,1997-12,49,3,3,Wednesday,0
19971204,1997-12-04,1997,Q4,12,December,1997-12,49,4,4,Thursday,0
19971205,1997-12-05,1997,Q4,12,December,1997-12,49,5,5,Friday,0
19971208,1997-12-08,1997,Q4,12,December,1997-12,50,8,1,Monday,0
19971209,1997-12-09,1997,Q4,12,December,1997-12,50,9,2,Tuesday,0
19971210,1997-12-10,1997,Q4,12,December,1997-12,50,10,3,Wednesday,0
19971211,1997-12-11,1997,Q4,12,December,1997-12,50,11,4,Thursday,0
19971212,1997-12-12,1997,Q4,12,December,1997-12,50,12,5,Friday,0
19971215,1997-12-15,1997,Q4,12,December,1997-12,51,15,1,Monday,0
19971216,1997-12-16,1997,Q4,12,December,1997-12,51,16,2,Tuesday,0
19971217,1997-12-17,1997,Q4,12,December,1997-12,51,17,3,Wednesday,0
19971218,1997-12-18,1997,Q4,12,December,1997-12,51,18,4,Thursday,0
19971219,1997-12-19,1997,Q4,12,December,1997-12,51,19,5,Friday,0
19971222,1997-12-22,1997,Q4,12,December,1997-12,52,22,1,Monday,0
19971223,1997-12-23,1997,Q4,12,December,1997-12,52,23,2,Tuesday,0
19971224,1997-12-24,1997,Q4,12,December,1997-12,52,24,3,Wednesday,0
19971226,1997-12-26,1997,Q4,12,December,1997-12,52,26,5,Friday,0
19971229,1997-12-29,1997,Q4,12,December,1997-12,1,29,1,Monday,0
19971230,1997-12-30,1997,Q4,12,December,1997-12,1,30,2,Tuesday,0
19971231,1997-12-31,1997,Q4,12,December,1997-12,1,31,3,Wednesday,0
19980101,1998-01-01,1998,Q1,1,January,1998-01,1,1,4,Thursday,0
19980102,1998-01-02,1998,Q1,1,January,1998-01,1,2,5,Friday,0
19980105,1998-01-05,1998,Q1,1,January,1998-01,2,5,1,Monday,0
19980106,1998-01-06,1998,Q1,1,January,1998-01,2,6,2,Tuesday,0
19980107,1998-01-07,1998,Q1,1,January,1998-01,2,7,3,Wednesday,0
19980108,1998-01-08,1998,Q1,1,January,1998-01,2,8,4,Thursday,0
19980109,1998-01-09,1998,Q1,1,January,1998-01,2,9,5,Friday,0
19980112,1998-01-12,1998,Q1,1,January,1998-01,3,12,1,Monday,0
19980113,1998-01-13,1998,Q1,1,January,1998-01,3,13,2,Tuesday,0
19980114,1998-01-14,1998,Q1,1,January,1998-01,3,14,3,Wednesday,0
19980115,1998-01-15,1998,Q1,1,January,1998-01,3,15,4,Thursday,0
19980116,1998-01-16,1998,Q1,1,January,1998-01,3,16,5,Friday,0
19980119,1998-01-19,1998,Q1,1,January,1998-01,4,19,1,Monday,0
19980120,1998-01-20,1998,Q1,1,January,1998-01,4,20,2,Tuesday,0
19980121,1998-01-21,1998,Q1,1,January,1998-01,4,21,3,Wednesday,0
19980122,1998-01-22,1998,Q1,1,January,1998-01,4,22,4,Thursday,0
19980123,1998-01-23,1998,Q1,1,January,1998-01,4,23,5,Friday,0
19980127,1998-01-27,1998,Q1,1,January,1998-01,5,27,2,Tuesday,0
19980128,1998-01-28,1998,Q1,1,January,1998-01,5,28,3,Wednesday,0
19980129,1998-01-29,1998,Q1,1,January,1998-01,5,29,4,Thursday,0
19980130,1998-01-30,1998,Q1,1,January,1998-01,5,30,5,Friday,0
19980202,1998-02-02,1998,Q1,2,February,1998-02,6,2,1,Monday,0
19980203,1998-02-03,1998,Q1,2,February,1998-02,6,3,2,Tuesday,0
19980204,1998-02-04,1998,Q1,2,February,1998-02,6,4,3,Wednesday,0
19980205,1998-02-05,1998,Q1,2,February,1998-02,6,5,4,Thursday,0
19980206,1998-02-06,1998,Q1,2,February,1998-02,6,6,5,Friday,0
19980209,1998-02-09,1998,Q1,2,February,1998-02,7,9,1,Monday,0
19980210,1998-02-10,1998,Q1,2,February,1998-02,7,10,2,Tuesday,0
19980211,1998-02-11,1998,Q1,2,February,1998-02,7,11,3,Wednesday,0
19980212,1998-02-12,1998,Q1,2,February,1998-02,7,12,4,Thursday,0
19980213,1998-02-13,1998,Q1,2,February,1998-02,7,13,5,Friday,0
19980216,1998-02-16,1998,Q1,2,February,1998-02,8,16,1,Monday,0
19980217,1998-02-17,1998,Q1,2,February,1998-02,8,17,2,Tuesday,0
19980218,1998-02-18,1998,Q1,2,February,1998-02,8,18,3,Wednesday,0
19980219,1998-02-19,1998,Q1,2,February,1998-02,8,19,4,Thursday,0
19980220,1998-02-20,1998,Q1,2,February,1998-02,8,20,5,Friday,0
19980223,1998-02-23,1998,Q1,2,February,1998-02,9,23,1,Monday,0
19980224,1998-02-24,1998,Q1,2,February,1998-02,9,24,2,Tuesday,0
19980225,1998-02-25,1998,Q1,2,February,1998-02,9,25,3,Wednesday,0
19980226,1998-02-26,1998,Q1,2,February,1998-02,9,26,4,Thursday,0
19980227,1998-02-27,1998,Q1,2,February,1998-02,9,27,5,Friday,0
19980302,1998-03-02,1998,Q1,3,March,1998-03,10,2,1,Monday,0
19980303,1998-03-03,1998,Q1,3,March,1998-03,10,3,2,Tuesday,0
19980304,1998-03-04,1998,Q1,3,March,1998-03,10,4,3,Wednesday,0
19980305,1998-03-05,1998,Q1,3,March,1998-03,10,5,4,Thursday,0
19980306,1998-03-06,1998,Q1,3,March,1998-03,10,6,5,Friday,0
19980309,1998-03-09,1998,Q1,3,March,1998-03,11,9,1,Monday,0
19980310,1998-03-10,1998,Q1,3,March,1998-03,11,10,2,Tuesday,0
19980311,1998-03-11,1998,Q1,3,March,1998-03,11,11,3,Wednesday,0
19980312,1998-03-12,1998,Q1,3,March,1998-03,11,12,4,Thursday,0
19980316,1998-03-16,1998,Q1,3,March,1998-03,12,16,1,Monday,0
19980317,1998-03-17,1998,Q1,3,March,1998-03,12,17,2,Tuesday,0
19980318,1998-03-18,1998,Q1,3,March,1998-03,12,18,3,Wednesday,0
19980319,1998-03-19,1998,Q1,3,March,1998-03,12,19,4,Thursday,0
19980320,1998-03-20,1998,Q1,3,March,1998-03,12,20,5,Friday,0
19980323,1998-03-23,1998,Q1,3,March,1998-03,13,23,1,Monday,0
19980324,1998-03-24,1998,Q1,3,March,1998-03,13,24,2,Tuesday,0
19980325,1998-03-25,1998,Q1,3,March,1998-03,13,25,3,Wednesday,0
19980326,1998-03-26,1998,Q1,3,March,1998-03,13,26,4,Thursday,0
19980327,1998-03-27,1998,Q1,3,March,1998-03,13,27,5,Friday,0
19980330,1998-03-30,1998,Q1,3,March,1998-03,14,30,1,Monday,0
19980331,1998-03-31,1998,Q1,3,March,1998-03,14,31,2,Tuesday,0
19980401,1998-04-01,1998,Q2,4,April,1998-04,14,1,3,Wednesday,0
19980402,1998-04-02,1998,Q2,4,April,1998-04,14,2,4,Thursday,0
19980403,1998-04-03,1998,Q2,4,April,1998-04,14,3,5,Friday,0
19980406,1998-04-06,1998,Q2,4,April,1998-04,15,6,1,Monday,0
19980407,1998-04-07,1998,Q2,4,April,1998-04,15,7,2,Tuesday,0
19980408,1998-04-08,1998,Q2,4,April,1998-04,15,8,3,Wednesday,0
19980409,1998-04-09,1998,Q2,4,April,1998-04,15,9,4,Thursday,0
19980410,1998-04-10,1998,Q2,4,April,1998-04,15,10,5,Friday,0
19980413,1998-04-13,1998,Q2,4,April,1998-04,16,13,1,Monday,0
19980415,1998-04-15,1998,Q2,4,April,1998-04,16,15,3,Wednesday,0
19980416,1998-04-16,1998,Q2,4,April,1998-04,16,16,4,Thursday,0
19980417,1998-04-17,1998,Q2,4,April,1998-04,16,17,5,Friday,0
19980420,1998-04-20,1998,Q2,4,April,1998-04,17,20,1,Monday,0
19980421,1998-04-21,1998,Q2,4,April,1998-04,17,21,2,Tuesday,0
19980422,1998-04-22,1998,Q2,4,April,1998-04,17,22,3,Wednesday,0
19980423,1998-04-23,1998,Q2,4,April,1998-04,17,23,4,Thursday,0
19980424,1998-04-24,1998,Q2,4,April,1998-04,17,24,5,Friday,0
19980427,1998-04-27,1998,Q2,4,April,1998-04,18,27,1,Monday,0
19980428,1998-04-28,1998,Q2,4,April,1998-04,18,28,2,Tuesday,0
19980429,1998-04-29,1998,Q2,4,April,1998-04,18,29,3,Wednesday,0
19980430,1998-04-30,1998,Q2,4,April,1998-04,18,30,4,Thursday,0
19980504,1998-05-04,1998,Q2,5,May,1998-05,19,4,1,Monday,0
19980505,1998-05-05,1998,Q2,5,May,1998-05,19,5,2,Tuesday,0
19980506,1998-05-06,1998,Q2,5,May,1998-05,19,6,3,Wednesday,0
19980508,1998-05-08,1998,Q2,5,May,1998-05,19,8,5,Friday,0
19980511,1998-05-11,1998,Q2,5,May,1998-05,20,11,1,Monday,0
19980512,1998-05-12,1998,Q2,5,May,1998-05,20,12,2,Tuesday,0
19980513,1998-05-13,1998,Q2,5,May,1998-05,20,13,3,Wednesday,0
19980514,1998-05-14,1998,Q2,5,May,1998-05,20,14,4,Thursday,0
19980515,1998-05-15,1998,Q2,5,May,1998-05,20,15,5,Friday,0
19980518,1998-05-18,1998,Q2,5,May,1998-05,21,18,1,Monday,0
19980519,1998-05-19,1998,Q2,5,May,1998-05,21,19,2,Tuesday,0
19980520,1998-05-20,1998,Q2,5,May,1998-05,21,20,3,Wednesday,0
19980521,1998-05-21,1998,Q2,5,May,1998-05,21,21,4,Thursday,0
19980522,1998-05-22,1998,Q2,5,May,1998-05,21,22,5,Friday,0
19980525,1998-05-25,1998,Q2,5,May,1998-05,22,25,1,Monday,0
19980526,1998-05-26,1998,Q2,5,May,1998-05,22,26,2,Tuesday,0
19980527,1998-05-27,1998,Q2,5,May,1998-05,22,27,3,Wednesday,0
19980528,1998-05-28,1998,Q2,5,May,1998-05,22,28,4,Thursday,0
19980529,1998-05-29,1998,Q2,5,May,1998-05,22,29,5,Friday,0
19980601,1998-06-01,1998,Q2,6,June,1998-06,23,1,1,Monday,0
19980602,1998-06-02,1998,Q2,6,June,1998-06,23,2,2,Tuesday,0
19980603,1998-06-03,1998,Q2,6,June,1998-06,23,3,3,Wednesday,0
19980604,1998-06-04,1998,Q2,6,June,1998-06,23,4,4,Thursday,0
19980605,1998-06-05,1998,Q2,6,June,1998-06,23,5,5,Friday,0
19980608,1998-06-08,1998,Q2,6,June,1998-06,24,8,1,Monday,0
19980609,1998-06-09,1998,Q2,6,June,1998-06,24,9,2,Tuesday,0
19980610,1998-06-10,1998,Q2,6,June,1998-06,24,10,3,Wednesday,0
19980611,1998-06-11,1998,Q2,6,June,1998-06,24,11,4,Thursday,0
19980612,1998-06-12,1998,Q2,6,June,1998-06,24,12,5,Friday,0
19980615,1998-06-15,1998,Q2,6,June,1998-06,25,15,1,Monday,0
19980616,1998-06-16,1998,Q2,6,June,1998-06,25,16,2,Tuesday,0
19980617,1998-06-17,1998,Q2,6,June,1998-06,25,17,3,Wednesday,0
19980618,1998-06-18,1998,Q2,6,June,1998-06,25,18,4,Thursday,0
19980619,1998-06-19,1998,Q2,6,June,1998-06,25,19,5,Friday,0
19980622,1998-06-22,1998,Q2,6,June,1998-06,26,22,1,Monday,0
19980623,1998-06-23,1998,Q2,6,June,1998-06,26,23,2,Tuesday,0
19980624,1998-06-24,1998,Q2,6,June,1998-06,26,24,3,Wednesday,0
19980625,1998-06-25,1998,Q2,6,June,1998-06,26,25,4,Thursday,0
19980626,1998-06-26,1998,Q2,6,June,1998-06,26,26,5,Friday,0
19980629,1998-06-29,1998,Q2,6,June,1998-06,27,29,1,Monday,0
19980630,1998-06-30,1998,Q2,6,June,1998-06,27,30,2,Tuesday,0
19980701,1998-07-01,1998,Q3,7,July,1998-07,27,1,3,Wednesday,0
19980702,1998-07-02,1998,Q3,7,July,1998-07,27,2,4,Thursday,0
19980703,1998-07-03,1998,Q3,7,July,1998-07,27,3,5,Friday,0
19980706,1998-07-06,1998,Q3,7,July,1998-07,28,6,1,Monday,0
19980707,1998-07-07,1998,Q3,7,July,1998-07,28,7,2,Tuesday,0
19980708,1998-07-08,1998,Q3,7,July,1998-07,28,8,3,Wednesday,0
19980709,1998-07-09,1998,Q3,7,July,1998-07,28,9,4,Thursday,0
19980710,1998-07-10,1998,Q3,7,July,1998-07,28,10,5,Friday,0
19980713,1998-07-13,1998,Q3,7,July,1998-07,29,13,1,Monday,0
19980714,1998-07-14,1998,Q3,7,July,1998-07,29,14,2,Tuesday,0
19980715,1998-07-15,1998,Q3,7,July,1998-07,29,15,3,Wednesday,0
19980716,1998-07-16,1998,Q3,7,July,1998-07,29,16,4,Thursday,0
19980717,1998-07-17,1998,Q3,7,July,1998-07,29,17,5,Friday,0
19980720,1998-07-20,1998,Q3,7,July,1998-07,30,20,1,Monday,0
19980721,1998-07-21,1998,Q3,7,July,1998-07,30,21,2,Tuesday,0
19980722,1998-07-22,1998,Q3,7,July,1998-07,30,22,3,Wednesday,0
19980723,1998-07-23,1998,Q3,7,July,1998-07,30,23,4,Thursday,0
19980724,1998-07-24,1998,Q3,7,July,1998-07,30,24,5,Friday,0
19980727,1998-07-27,1998,Q3,7,July,1998-07,31,27,1,Monday,0
19980728,1998-07-28,1998,Q3,7,July,1998-07,31,28,2,Tuesday,0
19980729,1998-07-29,1998,Q3,7,July,1998-07,31,29,3,Wednesday,0
19980730,1998-07-30,1998,Q3,7,July,1998-07,31,30,4,Thursday,0
19980731,1998-07-31,1998,Q3,7,July,1998-07,31,31,5,Friday,0
19980803,1998-08-03,1998,Q3,8,August,1998-08,32,3,1,Monday,0
19980804,1998-08-04,1998,Q3,8,August,1998-08,32,4,2,Tuesday,0
19980805,1998-08-05,1998,Q3,8,August,1998-08,32,5,3,Wednesday,0
19980806,1998-08-06,1998,Q3,8,August,1998-08,32,6,4,Thursday,0
19980807,1998-08-07,1998,Q3,8,August,1998-08,32,7,5,Friday,0
19980810,1998-08-10,1998,Q3,8,August,1998-08,33,10,1,Monday,0
19980811,1998-08-11,1998,Q3,8,August,1998-08,33,11,2,Tuesday,0
19980812,1998-08-12,1998,Q3,8,August,1998-08,33,12,3,Wednesday,0
19980813,1998-08-13,1998,Q3,8,August,1998-08,33,13,4,Thursday,0
19980814,1998-08-14,1998,Q3,8,August,1998-08,33,14,5,Friday,0
19980817,1998-08-17,1998,Q3,8,August,1998-08,34,17,1,Monday,0
19980818,1998-08-18,1998,Q3,8,August,1998-08,34,18,2,Tuesday,0
19980819,1998-08-19,1998,Q3,8,August,1998-08,34,19,3,Wednesday,0
19980820,1998-08-20,1998,Q3,8,August,1998-08,34,20,4,Thursday,0
19980821,1998-08-21,1998,Q3,8,August,1998-08,34,21,5,Friday,0
19980824,1998-08-24,1998,Q3,8,August,1998-08,35,24,1,Monday,0
19980825,1998-08-25,1998,Q3,8,August,1998-08,35,25,2,Tuesday,0
19980827,1998-08-27,1998,Q3,8,August,1998-08,35,27,4,Thursday,0
19980828,1998-08-28,1998,Q3,8,August,1998-08,35,28,5,Friday,0
19980831,1998-08-31,1998,Q3,8,August,1998-08,36,31,1,Monday,0
19980901,1998-09-01,1998,Q3,9,September,1998-09,36,1,2,Tuesday,0
19980902,1998-09-02,1998,Q3,9,September,1998-09,36,2,3,Wednesday,0
19980903,1998-09-03,1998,Q3,9,September,1998-09,36,3,4,Thursday,0
19980904,1998-09-04,1998,Q3,9,September,1998-09,36,4,5,Friday,0
19980907,1998-09-07,1998,Q3,9,September,1998-09,37,7,1,Monday,0
19980908,1998-09-08,1998,Q3,9,September,1998-09,37,8,2,Tuesday,0
19980909,1998-09-09,1998,Q3,9,September,1998-09,37,9,3,Wednesday,0
19980910,1998-09-10,1998,Q3,9,September,1998-09,37,10,4,Thursday,0
19980911,1998-09-11,1998,Q3,9,September,1998-09,37,11,5,Friday,0
19980914,1998-09-14,1998,Q3,9,September,1998-09,38,14,1,Monday,0
19980915,1998-09-15,1998,Q3,9,September,1998-09,38,15,2,Tuesday,0
19980916,1998-09-16,1998,Q3,9,September,1998-09,38,16,3,Wednesday,0
19980917,1998-09-17,1998,Q3,9,September,1998-09,38,17,4,Thursday,0
19980918,1998-09-18,1998,Q3,9,September,1998-09,38,18,5,Friday,0
19980921,1998-09-21,1998,Q3,9,September,1998-09,39,21,1,Monday,0
19980922,1998-09-22,1998,Q3,9,September,1998-09,39,22,2,Tuesday,0
19980923,1998-09-23,1998,Q3,9,September,1998-09,39,23,3,Wednesday,0
19980924,1998-09-24,1998,Q3,9,September,1998-09,39,24,4,Thursday,0
19980925,1998-09-25,1998,Q3,9,September,1998-09,39,25,5,Friday,0
19980928,1998-09-28,1998,Q3,9,September,1998-09,40,28,1,Monday,0
19980929,1998-09-29,1998,Q3,9,September,1998-09,40,29,2,Tuesday,0
19980930,1998-09-30,1998,Q3,9,September,1998-09,40,30,3,Wednesday,0
19981005,1998-10-05,1998,Q4,10,October,1998-10,41,5,1,Monday,0
19981006,1998-10-06,1998,Q4,10,October,1998-10,41,6,2,Tuesday,0
19981007,1998-10-07,1998,Q4,10,October,1998-10,41,7,3,Wednesday,0
19981008,1998-10-08,1998,Q4,10,October,1998-10,41,8,4,Thursday,0
19981009,1998-10-09,1998,Q4,10,October,1998-10,41,9,5,Friday,0
19981012,1998-10-12,1998,Q4,10,October,1998-10,42,12,1,Monday,0
19981013,1998-10-13,1998,Q4,10,October,1998-10,42,13,2,Tuesday,0
19981014,1998-10-14,1998,Q4,10,October,1998-10,42,14,3,Wednesday,0
19981015,1998-10-15,1998,Q4,10,October,1998-10,42,15,4,Thursday,0
19981016,1998-10-16,1998,Q4,10,October,1998-10,42,16,5,Friday,0
19981019,1998-10-19,1998,Q4,10,October,1998-10,43,19,1,Monday,0
19981020,1998-10-20,1998,Q4,10,October,1998-10,43,20,2,Tuesday,0
19981022,1998-10-22,1998,Q4,10,October,1998-10,43,22,4,Thursday,0
19981023,1998-10-23,1998,Q4,10,October,1998-10,43,23,5,Friday,0
19981026,1998-10-26,1998,Q4,10,October,1998-10,44,26,1,Monday,0
19981027,1998-10-27,1998,Q4,10,October,1998-10,44,27,2,Tuesday,0
19981028,1998-10-28,1998,Q4,10,October,1998-10,44,28,3,Wednesday,0
19981029,1998-10-29,1998,Q4,10,October,1998-10,44,29,4,Thursday,0
19981030,1998-10-30,1998,Q4,10,October,1998-10,44,30,5,Friday,0
19981102,1998-11-02,1998,Q4,11,November,1998-11,45,2,1,Monday,0
19981103,1998-11-03,1998,Q4,11,November,1998-11,45,3,2,Tuesday,0
19981105,1998-11-05,1998,Q4,11,November,1998-11,45,5,4,Thursday,0
19981106,1998-11-06,1998,Q4,11,November,1998-11,45,6,5,Friday,0
19981109,1998-11-09,1998,Q4,11,November,1998-11,46,9,1,Monday,0
19981110,1998-11-10,1998,Q4,11,November,1998-11,46,10,2,Tuesday,0
19981111,1998-11-11,1998,Q4,11,November,1998-11,46,11,3,Wednesday,0
19981112,1998-11-12,1998,Q4,11,November,1998-11,46,12,4,Thursday,0
19981113,1998-11-13,1998,Q4,11,November,1998-11,46,13,5,Friday,0
19981116,1998-11-16,1998,Q4,11,November,1998-11,47,16,1,Monday,0
19981117,1998-11-17,1998,Q4,11,November,1998-11,47,17,2,Tuesday,0
19981118,1998-11-18,1998,Q4,11,November,1998-11,47,18,3,Wednesday,0
19981119,1998-11-19,1998,Q4,11,November,1998-11,47,19,4,Thursday,0
19981120,1998-11-20,1998,Q4,11,November,1998-11,47,20,5,Friday,0
19981123,1998-11-23,1998,Q4,11,November,1998-11,48,23,1,Monday,0
19981124,1998-11-24,1998,Q4,11,November,1998-11,48,24,2,Tuesday,0
19981125,1998-11-25,1998,Q4,11,November,1998-11,48,25,3,Wednesday,0
19981126,1998-11-26,1998,Q4,11,November,1998-11,48,26,4,Thursday,0
19981127,1998-11-27,1998,Q4,11,November,1998-11,48,27,5,Friday,0
19981130,1998-11-30,1998,Q4,11,November,1998-11,49,30,1,Monday,0
19981201,1998-12-01,1998,Q4,12,December,1998-12,49,1,2,Tuesday,0
19981202,1998-12-02,1998,Q4,12,December,1998-12,49,2,3,Wednesday,0
19981203,1998-12-03,1998,Q4,12,December,1998-12,49,3,4,Thursday,0
19981204,1998-12-04,1998,Q4,12,December,1998-12,49,4,5,Friday,0
19981207,1998-12-07,1998,Q4,12,December,1998-12,50,7,1,Monday,0
19981208,1998-12-08,1998,Q4,12,December,1998-12,50,8,2,Tuesday,0
19981209,1998-12-09,1998,Q4,12,December,1998-12,50,9,3,Wednesday,0
19981210,1998-12-10,1998,Q4,12,December,1998-12,50,10,4,Thursday,0
19981211,1998-12-11,1998,Q4,12,December,1998-12,50,11,5,Friday,0
19981214,1998-12-14,1998,Q4,12,December,1998-12,51,14,1,Monday,0
19981215,1998-12-15,1998,Q4,12,December,1998-12,51,15,2,Tuesday,0
19981216,1998-12-16,1998,Q4,12,December,1998-12,51,16,3,Wednesday,0
19981217,1998-12-17,1998,Q4,12,December,1998-12,51,17,4,Thursday,0
19981218,1998-12-18,1998,Q4,12,December,1998-12,51,18,5,Friday,0
19981221,1998-12-21,1998,Q4,12,December,1998-12,52,21,1,Monday,0
19981222,1998-12-22,1998,Q4,12,December,1998-12,52,22,2,Tuesday,0
19981223,1998-12-23,1998,Q4,12,December,1998-12,52,23,3,Wednesday,0
19981224,1998-12-24,1998,Q4,12,December,1998-12,52,24,4,Thursday,0
19981228,1998-12-28,1998,Q4,12,December,1998-12,53,28,1,Monday,0
19981229,1998-12-29,1998,Q4,12,December,1998-12,53,29,2,Tuesday,0
19981230,1998-12-30,1998,Q4,12,December,1998-12,53,30,3,Wednesday,0
19981231,1998-12-31,1998,Q4,12,December,1998-12,53,31,4,Thursday,0
19990101,1999-01-01,1999,Q1,1,January,1999-01,53,1,5,Friday,0
19990104,1999-01-04,1999,Q1,1,January,1999-01,1,4,1,Monday,0
19990105,1999-01-05,1999,Q1,1,January,1999-01,1,5,2,Tuesday,0
19990106,1999-01-06,1999,Q1,1,January,1999-01,1,6,3,Wednesday,0
19990107,1999-01-07,1999,Q1,1,January,1999-01,1,7,4,Thursday,0
19990108,1999-01-08,1999,Q1,1,January,1999-01,1,8,5,Friday,0
19990111,1999-01-11,1999,Q1,1,January,1999-01,2,11,1,Monday,0
19990112,1999-01-12,1999,Q1,1,January,1999-01,2,12,2,Tuesday,0
19990113,1999-01-13,1999,Q1,1,January,1999-01,2,13,3,Wednesday,0
19990114,1999-01-14,1999,Q1,1,January,1999-01,2,14,4,Thursday,0
19990115,1999-01-15,1999,Q1,1,January,1999-01,2,15,5,Friday,0
19990118,1999-01-18,1999,Q1,1,January,1999-01,3,18,1,Monday,0
19990119,1999-01-19,1999,Q1,1,January,1999-01,3,19,2,Tuesday,0
19990121,1999-01-21,1999,Q1,1,January,1999-01,3,21,4,Thursday,0
19990122,1999-01-22,1999,Q1,1,January,1999-01,3,22,5,Friday,0
19990125,1999-01-25,1999,Q1,1,January,1999-01,4,25,1,Monday,0
19990127,1999-01-27,1999,Q1,1,January,1999-01,4,27,3,Wednesday,0
19990128,1999-01-28,1999,Q1,1,January,1999-01,4,28,4,Thursday,0
19990129,1999-01-29,1999,Q1,1,January,1999-01,4,29,5,Friday,0
19990201,1999-02-01,1999,Q1,2,February,1999-02,5,1,1,Monday,0
19990202,1999-02-02,1999,Q1,2,February,1999-02,5,2,2,Tuesday,0
19990203,1999-02-03,1999,Q1,2,February,1999-02,5,3,3,Wednesday,0
19990204,1999-02-04,1999,Q1,2,February,1999-02,5,4,4,Thursday,0
19990205,1999-02-05,1999,Q1,2,February,1999-02,5,5,5,Friday,0
19990208,1999-02-08,1999,Q1,2,February,1999-02,6,8,1,Monday,0
19990209,1999-02-09,1999,Q1,2,February,1999-02,6,9,2,Tuesday,0
19990210,1999-02-10,1999,Q1,2,February,1999-02,6,10,3,Wednesday,0
19990211,1999-02-11,1999,Q1,2,February,1999-02,6,11,4,Thursday,0
19990212,1999-02-12,1999,Q1,2,February,1999-02,6,12,5,Friday,0
19990215,1999-02-15,1999,Q1,2,February,1999-02,7,15,1,Monday,0
19990216,1999-02-16,1999,Q1,2,February,1999-02,7,16,2,Tuesday,0
19990217,1999-02-17,1999,Q1,2,February,1999-02,7,17,3,Wednesday,0
19990218,1999-02-18,1999,Q1,2,February,1999-02,7,18,4,Thursday,0
19990219,1999-02-19,1999,Q1,2,February,1999-02,7,19,5,Friday,0
19990222,1999-02-22,1999,Q1,2,February,1999-02,8,22,1,Monday,0
19990223,1999-02-23,1999,Q1,2,February,1999-02,8,23,2,Tuesday,0
19990224,1999-02-24,1999,Q1,2,February,1999-02,8,24,3,Wednesday,0
19990225,1999-02-25,1999,Q1,2,February,1999-02,8,25,4,Thursday,0
19990226,1999-02-26,1999,Q1,2,February,1999-02,8,26,5,Friday,0
19990301,1999-03-01,1999,Q1,3,March,1999-03,9,1,1,Monday,0
19990303,1999-03-03,1999,Q1,3,March,1999-03,9,3,3,Wednesday,0
19990304,1999-03-04,1999,Q1,3,March,1999-03,9,4,4,Thursday,0
19990305,1999-03-05,1999,Q1,3,March,1999-03,9,5,5,Friday,0
19990308,1999-03-08,1999,Q1,3,March,1999-03,10,8,1,Monday,0
19990309,1999-03-09,1999,Q1,3,March,1999-03,10,9,2,Tuesday,0
19990310,1999-03-10,1999,Q1,3,March,1999-03,10,10,3,Wednesday,0
19990311,1999-03-11,1999,Q1,3,March,1999-03,10,11,4,Thursday,0
19990312,1999-03-12,1999,Q1,3,March,1999-03,10,12,5,Friday,0
19990315,1999-03-15,1999,Q1,3,March,1999-03,11,15,1,Monday,0
19990316,1999-03-16,1999,Q1,3,March,1999-03,11,16,2,Tuesday,0
19990317,1999-03-17,1999,Q1,3,March,1999-03,11,17,3,Wednesday,0
19990318,1999-03-18,1999,Q1,3,March,1999-03,11,18,4,Thursday,0
19990319,1999-03-19,1999,Q1,3,March,1999-03,11,19,5,Friday,0
19990322,1999-03-22,1999,Q1,3,March,1999-03,12,22,1,Monday,0
19990323,1999-03-23,1999,Q1,3,March,1999-03,12,23,2,Tuesday,0
19990324,1999-03-24,1999,Q1,3,March,1999-03,12,24,3,Wednesday,0
19990325,1999-03-25,1999,Q1,3,March,1999-03,12,25,4,Thursday,0
19990326,1999-03-26,1999,Q1,3,March,1999-03,12,26,5,Friday,0
19990330,1999-03-30,1999,Q1,3,March,1999-03,13,30,2,Tuesday,0
19990331,1999-03-31,1999,Q1,3,March,1999-03,13,31,3,Wednesday,0
19990401,1999-04-01,1999,Q2,4,April,1999-04,13,1,4,Thursday,0
19990405,1999-04-05,1999,Q2,4,April,1999-04,14,5,1,Monday,0
19990406,1999-04-06,1999,Q2,4,April,1999-04,14,6,2,Tuesday,0
19990407,1999-04-07,1999,Q2,4,April,1999-04,14,7,3,Wednesday,0
19990408,1999-04-08,1999,Q2,4,April,1999-04,14,8,4,Thursday,0
19990409,1999-04-09,1999,Q2,4,April,1999-04,14,9,5,Friday,0
19990412,1999-04-12,1999,Q2,4,April,1999-04,15,12,1,Monday,0
19990413,1999-04-13,1999,Q2,4,April,1999-04,15,13,2,Tuesday,0
19990415,1999-04-15,1999,Q2,4,April,1999-04,15,15,4,Thursday,0
19990416,1999-04-16,1999,Q2,4,April,1999-04,15,16,5,Friday,0
19990419,1999-04-19,1999,Q2,4,April,1999-04,16,19,1,Monday,0
19990420,1999-04-20,1999,Q2,4,April,1999-04,16,20,2,Tuesday,0
19990421,1999-04-21,1999,Q2,4,April,1999-04,16,21,3,Wednesday,0
19990422,1999-04-22,1999,Q2,4,April,1999-04,16,22,4,Thursday,0
19990423,1999-04-23,1999,Q2,4,April,1999-04,16,23,5,Friday,0
19990426,1999-04-26,1999,Q2,4,April,1999-04,17,26,1,Monday,0
19990428,1999-04-28,1999,Q2,4,April,1999-04,17,28,3,Wednesday,0
19990429,1999-04-29,1999,Q2,4,April,1999-04,17,29,4,Thursday,0
19990430,1999-04-30,1999,Q2,4,April,1999-04,17,30,5,Friday,0
19990503,1999-05-03,1999,Q2,5,May,1999-05,18,3,1,Monday,0
19990504,1999-05-04,1999,Q2,5,May,1999-05,18,4,2,Tuesday,0
19990505,1999-05-05,1999,Q2,5,May,1999-05,18,5,3,Wednesday,0
19990506,1999-05-06,1999,Q2,5,May,1999-05,18,6,4,Thursday,0
19990507,1999-05-07,1999,Q2,5,May,1999-05,18,7,5,Friday,0
19990510,1999-05-10,1999,Q2,5,May,1999-05,19,10,1,Monday,0
19990511,1999-05-11,1999,Q2,5,May,1999-05,19,11,2,Tuesday,0
19990512,1999-05-12,1999,Q2,5,May,1999-05,19,12,3,Wednesday,0
19990513,1999-05-13,1999,Q2,5,May,1999-05,19,13,4,Thursday,0
19990514,1999-05-14,1999,Q2,5,May,1999-05,19,14,5,Friday,0
19990517,1999-05-17,1999,Q2,5,May,1999-05,20,17,1,Monday,0
19990518,1999-05-18,1999,Q2,5,May,1999-05,20,18,2,Tuesday,0
19990519,1999-05-19,1999,Q2,5,May,1999-05,20,19,3,Wednesday,0
19990520,1999-05-20,1999,Q2,5,May,1999-05,20,20,4,Thursday,0
19990521,1999-05-21,1999,Q2,5,May,1999-05,20,21,5,Friday,0
19990524,1999-05-24,1999,Q2,5,May,1999-05,21,24,1,Monday,0
19990525,1999-05-25,1999,Q2,5,May,1999-05,21,25,2,Tuesday,0
19990526,1999-05-26,1999,Q2,5,May,1999-05,21,26,3,Wednesday,0
19990527,1999-05-27,1999,Q2,5,May,1999-05,21,27,4,Thursday,0
19990528,1999-05-28,1999,Q2,5,May,1999-05,21,28,5,Friday,0
19990531,1999-05-31,1999,Q2,5,May,1999-05,22,31,1,Monday,0
19990601,1999-06-01,1999,Q2,6,June,1999-06,22,1,2,Tuesday,0
19990602,1999-06-02,1999,Q2,6,June,1999-06,22,2,3,Wednesday,0
19990603,1999-06-03,1999,Q2,6,June,1999-06,22,3,4,Thursday,0
19990604,1999-06-04,1999,Q2,6,June,1999-06,22,4,5,Friday,0
19990607,1999-06-07,1999,Q2,6,June,1999-06,23,7,1,Monday,0
19990608,1999-06-08,1999,Q2,6,June,1999-06,23,8,2,Tuesday,0
19990609,1999-06-09,1999,Q2,6,June,1999-06,23,9,3,Wednesday,0
19990610,1999-06-10,1999,Q2,6,June,1999-06,23,10,4,Thursday,0
19990611,1999-06-11,1999,Q2,6,June,1999-06,23,11,5,Friday,0
19990614,1999-06-14,1999,Q2,6,June,1999-06,24,14,1,Monday,0
19990615,1999-06-15,1999,Q2,6,June,1999-06,24,15,2,Tuesday,0
19990616,1999-06-16,1999,Q2,6,June,1999-06,24,16,3,Wednesday,0
19990617,1999-06-17,1999,Q2,6,June,1999-06,24,17,4,Thursday,0
19990618,1999-06-18,1999,Q2,6,June,1999-06,24,18,5,Friday,0
19990621,1999-06-21,1999,Q2,6,June,1999-06,25,21,1,Monday,0
19990622,1999-06-22,1999,Q2,6,June,1999-06,25,22,2,Tuesday,0
19990623,1999-06-23,1999,Q2,6,June,1999-06,25,23,3,Wednesday,0
19990624,1999-06-24,1999,Q2,6,June,1999-06,25,24,4,Thursday,0
19990625,1999-06-25,1999,Q2,6,June,1999-06,25,25,5,Friday,0
19990628,1999-06-28,1999,Q2,6,June,1999-06,26,28,1,Monday,0
19990629,1999-06-29,1999,Q2,6,June,1999-06,26,29,2,Tuesday,0
19990630,1999-06-30,1999,Q2,6,June,1999-06,26,30,3,Wednesday,0
19990701,1999-07-01,1999,Q3,7,July,1999-07,26,1,4,Thursday,0
19990702,1999-07-02,1999,Q3,7,July,1999-07,26,2,5,Friday,0
19990705,1999-07-05,1999,Q3,7,July,1999-07,27,5,1,Monday,0
19990706,1999-07-06,1999,Q3,7,July,1999-07,27,6,2,Tuesday,0
19990707,1999-07-07,1999,Q3,7,July,1999-07,27,7,3,Wednesday,0
19990708,1999-07-08,1999,Q3,7,July,1999-07,27,8,4,Thursday,0
19990709,1999-07-09,1999,Q3,7,July,1999-07,27,9,5,Friday,0
19990712,1999-07-12,1999,Q3,7,July,1999-07,28,12,1,Monday,0
19990713,1999-07-13,1999,Q3,7,July,1999-07,28,13,2,Tuesday,0
19990714,1999-07-14,1999,Q3,7,July,1999-07,28,14,3,Wednesday,0
19990715,1999-07-15,1999,Q3,7,July,1999-07,28,15,4,Thursday,0
19990716,1999-07-16,1999,Q3,7,July,1999-07,28,16,5,Friday,0
19990719,1999-07-19,1999,Q3,7,July,1999-07,29,19,1,Monday,0
19990720,1999-07-20,1999,Q3,7,July,1999-07,29,20,2,Tuesday,0
19990721,1999-07-21,1999,Q3,7,July,1999-07,29,21,3,Wednesday,0
19990722,1999-07-22,1999,Q3,7,July,1999-07,29,22,4,Thursday,0
19990723,1999-07-23,1999,Q3,7,July,1999-07,29,23,5,Friday,0
19990726,1999-07-26,1999,Q3,7,July,1999-07,30,26,1,Monday,0
19990727,1999-07-27,1999,Q3,7,July,1999-07,30,27,2,Tuesday,0
19990728,1999-07-28,1999,Q3,7,July,1999-07,30,28,3,Wednesday,0
19990729,1999-07-29,1999,Q3,7,July,1999-07,30,29,4,Thursday,0
19990730,1999-07-30,1999,Q3,7,July,1999-07,30,30,5,Friday,0
19990802,1999-08-02,1999,Q3,8,August,1999-08,31,2,1,Monday,0
19990803,1999-08-03,1999,Q3,8,August,1999-08,31,3,2,Tuesday,0
19990804,1999-08-04,1999,Q3,8,August,1999-08,31,4,3,Wednesday,0
19990805,1999-08-05,1999,Q3,8,August,1999-08,31,5,4,Thursday,0
19990806,1999-08-06,1999,Q3,8,August,1999-08,31,6,5,Friday,0
19990809,1999-08-09,1999,Q3,8,August,1999-08,32,9,1,Monday,0
19990810,1999-08-10,1999,Q3,8,August,1999-08,32,10,2,Tuesday,0
19990811,1999-08-11,1999,Q3,8,August,1999-08,32,11,3,Wednesday,0
19990812,1999-08-12,1999,Q3,8,August,1999-08,32,12,4,Thursday,0
19990813,1999-08-13,1999,Q3,8,August,1999-08,32,13,5,Friday,0
19990816,1999-08-16,1999,Q3,8,August,1999-08,33,16,1,Monday,0
19990817,1999-08-17,1999,Q3,8,August,1999-08,33,17,2,Tuesday,0
19990818,1999-08-18,1999,Q3,8,August,1999-08,33,18,3,Wednesday,0
19990819,1999-08-19,1999,Q3,8,August,1999-08,33,19,4,Thursday,0
19990820,1999-08-20,1999,Q3,8,August,1999-08,33,20,5,Friday,0
19990823,1999-08-23,1999,Q3,8,August,1999-08,34,23,1,Monday,0
19990824,1999-08-24,1999,Q3,8,August,1999-08,34,24,2,Tuesday,0
19990825,1999-08-25,1999,Q3,8,August,1999-08,34,25,3,Wednesday,0
19990826,1999-08-26,1999,Q3,8,August,1999-08,34,26,4,Thursday,0
19990827,1999-08-27,1999,Q3,8,August,1999-08,34,27,5,Friday,0
19990830,1999-08-30,1999,Q3,8,August,1999-08,35,30,1,Monday,0
19990831,1999-08-31,1999,Q3,8,August,1999-08,35,31,2,Tuesday,0
19990901,1999-09-01,1999,Q3,9,September,1999-09,35,1,3,Wednesday,0
19990902,1999-09-02,1999,Q3,9,September,1999-09,35,2,4,Thursday,0
19990903,1999-09-03,1999,Q3,9,September,1999-09,35,3,5,Friday,0
19990906,1999-09-06,1999,Q3,9,September,1999-09,36,6,1,Monday,0
19990907,1999-09-07,1999,Q3,9,September,1999-09,36,7,2,Tuesday,0
19990908,1999-09-08,1999,Q3,9,September,1999-09,36,8,3,Wednesday,0
19990909,1999-09-09,1999,Q3,9,September,1999-09,36,9,4,Thursday,0
19990910,1999-09-10,1999,Q3,9,September,1999-09,36,10,5,Friday,0
19990914,1999-09-14,1999,Q3,9,September,1999-09,37,14,2,Tuesday,0
19990915,1999-09-15,1999,Q3,9,September,1999-09,37,15,3,Wednesday,0
19990916,1999-09-16,1999,Q3,9,September,1999-09,37,16,4,Thursday,0
19990917,1999-09-17,1999,Q3,9,September,1999-09,37,17,5,Friday,0
19990920,1999-09-20,1999,Q3,9,September,1999-09,38,20,1,Monday,0
19990921,1999-09-21,1999,Q3,9,September,1999-09,38,21,2,Tuesday,0
19990922,1999-09-22,1999,Q3,9,September,1999-09,38,22,3,Wednesday,0
19990923,1999-09-23,1999,Q3,9,September,1999-09,38,23,4,Thursday,0
19990924,1999-09-24,1999,Q3,9,September,1999-09,38,24,5,Friday,0
19990927,1999-09-27,1999,Q3,9,September,1999-09,39,27,1,Monday,0
19990928,1999-09-28,1999,Q3,9,September,1999-09,39,28,2,Tuesday,0
19990929,1999-09-29,1999,Q3,9,September,1999-09,39,29,3,Wednesday,0
19990930,1999-09-30,1999,Q3,9,September,1999-09,39,30,4,Thursday,0
19991001,1999-10-01,1999,Q4,10,October,1999-10,39,1,5,Friday,0
19991004,1999-10-04,1999,Q4,10,October,1999-10,40,4,1,Monday,0
19991005,1999-10-05,1999,Q4,10,October,1999-10,40,5,2,Tuesday,0
19991006,1999-10-06,1999,Q4,10,October,1999-10,40,6,3,Wednesday,0
19991007,1999-10-07,1999,Q4,10,October,1999-10,40,7,4,Thursday,0
19991008,1999-10-08,1999,Q4,10,October,1999-10,40,8,5,Friday,0
19991011,1999-10-11,1999,Q4,10,October,1999-10,41,11,1,Monday,0
19991012,1999-10-12,1999,Q4,10,October,1999-10,41,12,2,Tuesday,0
19991013,1999-10-13,1999,Q4,10,October,1999-10,41,13,3,Wednesday,0
19991014,1999-10-14,1999,Q4,10,October,1999-10,41,14,4,Thursday,0
19991015,1999-10-15,1999,Q4,10,October,1999-10,41,15,5,Friday,0
19991018,1999-10-18,1999,Q4,10,October,1999-10,42,18,1,Monday,0
19991020,1999-10-20,1999,Q4,10,October,1999-10,42,20,3,Wednesday,0
19991021,1999-10-21,1999,Q4,10,October,1999-10,42,21,4,Thursday,0
19991022,1999-10-22,1999,Q4,10,October,1999-10,42,22,5,Friday,0
19991025,1999-10-25,1999,Q4,10,October,1999-10,43,25,1,Monday,0
19991026,1999-10-26,1999,Q4,10,October,1999-10,43,26,2,Tuesday,0
19991027,1999-10-27,1999,Q4,10,October,1999-10,43,27,3,Wednesday,0
19991028,1999-10-28,1999,Q4,10,October,1999-10,43,28,4,Thursday,0
19991029,1999-10-29,1999,Q4,10,October,1999-10,43,29,5,Friday,0
19991101,1999-11-01,1999,Q4,11,November,1999-11,44,1,1,Monday,0
19991102,1999-11-02,1999,Q4,11,November,1999-11,44,2,2,Tuesday,0
19991103,1999-11-03,1999,Q4,11,November,1999-11,44,3,3,Wednesday,0
19991104,1999-11-04,1999,Q4,11,November,1999-11,44,4,4,Thursday,0
19991105,1999-11-05,1999,Q4,11,November,1999-11,44,5,5,Friday,0
19991109,1999-11-09,1999,Q4,11,November,1999-11,45,9,2,Tuesday,0
19991110,1999-11-10,1999,Q4,11,November,1999-11,45,10,3,Wednesday,0
19991111,1999-11-11,1999,Q4,11,November,1999-11,45,11,4,Thursday,0
19991112,1999-11-12,1999,Q4,11,November,1999-11,45,12,5,Friday,0
19991115,1999-11-15,1999,Q4,11,November,1999-11,46,15,1,Monday,0
19991116,1999-11-16,1999,Q4,11,November,1999-11,46,16,2,Tuesday,0
19991117,1999-11-17,1999,Q4,11,November,1999-11,46,17,3,Wednesday,0
19991118,1999-11-18,1999,Q4,11,November,1999-11,46,18,4,Thursday,0
19991119,1999-11-19,1999,Q4,11,November,1999-11,46,19,5,Friday,0
19991122,1999-11-22,1999,Q4,11,November,1999-11,47,22,1,Monday,0
19991124,1999-11-24,1999,Q4,11,November,1999-11,47,24,3,Wednesday,0
19991125,1999-11-25,1999,Q4,11,November,1999-11,47,25,4,Thursday,0
19991126,1999-11-26,1999,Q4,11,November,1999-11,47,26,5,Friday,0
19991129,1999-11-29,1999,Q4,11,November,1999-11,48,29,1,Monday,0
19991130,1999-11-30,1999,Q4,11,November,1999-11,48,30,2,Tuesday,0
19991201,1999-12-01,1999,Q4,12,December,1999-12,48,1,3,Wednesday,0
19991202,1999-12-02,1999,Q4,12,December,1999-12,48,2,4,Thursday,0
19991203,1999-12-03,1999,Q4,12,December,1999-12,48,3,5,Friday,0
19991206,1999-12-06,1999,Q4,12,December,1999-12,49,6,1,Monday,0
19991207,1999-12-07,1999,Q4,12,December,1999-12,49,7,2,Tuesday,0
19991208,1999-12-08,1999,Q4,12,December,1999-12,49,8,3,Wednesday,0
19991209,1999-12-09,1999,Q4,12,December,1999-12,49,9,4,Thursday,0
19991210,1999-12-10,1999,Q4,12,December,1999-12,49,10,5,Friday,0
19991213,1999-12-13,1999,Q4,12,December,1999-12,50,13,1,Monday,0
19991214,1999-12-14,1999,Q4,12,December,1999-12,50,14,2,Tuesday,0
19991215,1999-12-15,1999,Q4,12,December,1999-12,50,15,3,Wednesday,0
19991216,1999-12-16,1999,Q4,12,December,1999-12,50,16,4,Thursday,0
19991217,1999-12-17,1999,Q4,12,December,1999-12,50,17,5,Friday,0
19991220,1999-12-20,1999,Q4,12,December,1999-12,51,20,1,Monday,0
19991221,1999-12-21,1999,Q4,12,December,1999-12,51,21,2,Tuesday,0
19991222,1999-12-22,1999,Q4,12,December,1999-12,51,22,3,Wednesday,0
19991223,1999-12-23,1999,Q4,12,December,1999-12,51,23,4,Thursday,0
19991224,1999-12-24,1999,Q4,12,December,1999-12,51,24,5,Friday,0
19991227,1999-12-27,1999,Q4,12,December,1999-12,52,27,1,Monday,0
19991228,1999-12-28,1999,Q4,12,December,1999-12,52,28,2,Tuesday,0
19991229,1999-12-29,1999,Q4,12,December,1999-12,52,29,3,Wednesday,0
19991230,1999-12-30,1999,Q4,12,December,1999-12,52,30,4,Thursday,0
20000103,2000-01-03,2000,Q1,1,January,2000-01,1,3,1,Monday,0
20000104,2000-01-04,2000,Q1,1,January,2000-01,1,4,2,Tuesday,0
20000105,2000-01-05,2000,Q1,1,January,2000-01,1,5,3,Wednesday,0
20000106,2000-01-06,2000,Q1,1,January,2000-01,1,6,4,Thursday,0
20000107,2000-01-07,2000,Q1,1,January,2000-01,1,7,5,Friday,0
20000110,2000-01-10,2000,Q1,1,January,2000-01,2,10,1,Monday,0
20000111,2000-01-11,2000,Q1,1,January,2000-01,2,11,2,Tuesday,0
20000112,2000-01-12,2000,Q1,1,January,2000-01,2,12,3,Wednesday,0
20000113,2000-01-13,2000,Q1,1,January,2000-01,2,13,4,Thursday,0
20000114,2000-01-14,2000,Q1,1,January,2000-01,2,14,5,Friday,0
20000117,2000-01-17,2000,Q1,1,January,2000-01,3,17,1,Monday,0
20000118,2000-01-18,2000,Q1,1,January,2000-01,3,18,2,Tuesday,0
20000119,2000-01-19,2000,Q1,1,January,2000-01,3,19,3,Wednesday,0
20000120,2000-01-20,2000,Q1,1,January,2000-01,3,20,4,Thursday,0
20000121,2000-01-21,2000,Q1,1,January,2000-01,3,21,5,Friday,0
20000124,2000-01-24,2000,Q1,1,January,2000-01,4,24,1,Monday,0
20000125,2000-01-25,2000,Q1,1,January,2000-01,4,25,2,Tuesday,0
20000127,2000-01-27,2000,Q1,1,January,2000-01,4,27,4,Thursday,0
20000128,2000-01-28,2000,Q1,1,January,2000-01,4,28,5,Friday,0
20000131,2000-01-31,2000,Q1,1,January,2000-01,5,31,1,Monday,0
20000201,2000-02-01,2000,Q1,2,February,2000-02,5,1,2,Tuesday,0
20000202,2000-02-02,2000,Q1,2,February,2000-02,5,2,3,Wednesday,0
20000203,2000-02-03,2000,Q1,2,February,2000-02,5,3,4,Thursday,0
20000204,2000-02-04,2000,Q1,2,February,2000-02,5,4,5,Friday,0
20000207,2000-02-07,2000,Q1,2,February,2000-02,6,7,1,Monday,0
20000208,2000-02-08,2000,Q1,2,February,2000-02,6,8,2,Tuesday,0
20000209,2000-02-09,2000,Q1,2,February,2000-02,6,9,3,Wednesday,0
20000210,2000-02-10,2000,Q1,2,February,2000-02,6,10,4,Thursday,0
20000211,2000-02-11,2000,Q1,2,February,2000-02,6,11,5,Friday,0
20000214,2000-02-14,2000,Q1,2,February,2000-02,7,14,1,Monday,0
20000215,2000-02-15,2000,Q1,2,February,2000-02,7,15,2,Tuesday,0
20000216,2000-02-16,2000,Q1,2,February,2000-02,7,16,3,Wednesday,0
20000217,2000-02-17,2000,Q1,2,February,2000-02,7,17,4,Thursday,0
20000218,2000-02-18,2000,Q1,2,February,2000-02,7,18,5,Friday,0
20000221,2000-02-21,2000,Q1,2,February,2000-02,8,21,1,Monday,0
20000222,2000-02-22,2000,Q1,2,February,2000-02,8,22,2,Tuesday,0
20000223,2000-02-23,2000,Q1,2,February,2000-02,8,23,3,Wednesday,0
20000224,2000-02-24,2000,Q1,2,February,2000-02,8,24,4,Thursday,0
20000225,2000-02-25,2000,Q1,2,February,2000-02,8,25,5,Friday,0
20000228,2000-02-28,2000,Q1,2,February,2000-02,9,28,1,Monday,0
20000229,2000-02-29,2000,Q1,2,February,2000-02,9,29,2,Tuesday,0
20000301,2000-03-01,2000,Q1,3,March,2000-03,9,1,3,Wednesday,0
20000302,2000-03-02,2000,Q1,3,March,2000-03,9,2,4,Thursday,0
20000303,2000-03-03,2000,Q1,3,March,2000-03,9,3,5,Friday,0
20000306,2000-03-06,2000,Q1,3,March,2000-03,10,6,1,Monday,0
20000307,2000-03-07,2000,Q1,3,March,2000-03,10,7,2,Tuesday,0
20000308,2000-03-08,2000,Q1,3,March,2000-03,10,8,3,Wednesday,0
20000309,2000-03-09,2000,Q1,3,March,2000-03,10,9,4,Thursday,0
20000310,2000-03-10,2000,Q1,3,March,2000-03,10,10,5,Friday,0
20000313,2000-03-13,2000,Q1,3,March,2000-03,11,13,1,Monday,0
20000314,2000-03-14,2000,Q1,3,March,2000-03,11,14,2,Tuesday,0
20000315,2000-03-15,2000,Q1,3,March,2000-03,11,15,3,Wednesday,0
20000316,2000-03-16,2000,Q1,3,March,2000-03,11,16,4,Thursday,0
20000321,2000-03-21,2000,Q1,3,March,2000-03,12,21,2,Tuesday,0
20000322,2000-03-22,2000,Q1,3,March,2000-03,12,22,3,Wednesday,0
20000323,2000-03-23,2000,Q1,3,March,2000-03,12,23,4,Thursday,0
20000324,2000-03-24,2000,Q1,3,March,2000-03,12,24,5,Friday,0
20000327,2000-03-27,2000,Q1,3,March,2000-03,13,27,1,Monday,0
20000328,2000-03-28,2000,Q1,3,March,2000-03,13,28,2,Tuesday,0
20000329,2000-03-29,2000,Q1,3,March,2000-03,13,29,3,Wednesday,0
20000330,2000-03-30,2000,Q1,3,March,2000-03,13,30,4,Thursday,0
20000331,2000-03-31,2000,Q1,3,March,2000-03,13,31,5,Friday,0
20000403,2000-04-03,2000,Q2,4,April,2000-04,14,3,1,Monday,0
20000404,2000-04-04,2000,Q2,4,April,2000-04,14,4,2,Tuesday,0
20000405,2000-04-05,2000,Q2,4,April,2000-04,14,5,3,Wednesday,0
20000406,2000-04-06,2000,Q2,4,April,2000-04,14,6,4,Thursday,0
20000407,2000-04-07,2000,Q2,4,April,2000-04,14,7,5,Friday,0
20000410,2000-04-10,2000,Q2,4,April,2000-04,15,10,1,Monday,0
20000411,2000-04-11,2000,Q2,4,April,2000-04,15,11,2,Tuesday,0
20000412,2000-04-12,2000,Q2,4,April,2000-04,15,12,3,Wednesday,0
20000413,2000-04-13,2000,Q2,4,April,2000-04,15,13,4,Thursday,0
20000417,2000-04-17,2000,Q2,4,April,2000-04,16,17,1,Monday,0
20000418,2000-04-18,2000,Q2,4,April,2000-04,16,18,2,Tuesday,0
20000419,2000-04-19,2000,Q2,4,April,2000-04,16,19,3,Wednesday,0
20000420,2000-04-20,2000,Q2,4,April,2000-04,16,20,4,Thursday,0
20000424,2000-04-24,2000,Q2,4,April,2000-04,17,24,1,Monday,0
20000425,2000-04-25,2000,Q2,4,April,2000-04,17,25,2,Tuesday,0
20000426,2000-04-26,2000,Q2,4,April,2000-04,17,26,3,Wednesday,0
20000427,2000-04-27,2000,Q2,4,April,2000-04,17,27,4,Thursday,0
20000428,2000-04-28,2000,Q2,4,April,2000-04,17,28,5,Friday,0
20000502,2000-05-02,2000,Q2,5,May,2000-05,18,2,2,Tuesday,0
20000503,2000-05-03,2000,Q2,5,May,2000-05,18,3,3,Wednesday,0
20000504,2000-05-04,2000,Q2,5,May,2000-05,18,4,4,Thursday,0
20000505,2000-05-05,2000,Q2,5,May,2000-05,18,5,5,Friday,0
20000508,2000-05-08,2000,Q2,5,May,2000-05,19,8,1,Monday,0
20000509,2000-05-09,2000,Q2,5,May,2000-05,19,9,2,Tuesday,0
20000510,2000-05-10,2000,Q2,5,May,2000-05,19,10,3,Wednesday,0
20000511,2000-05-11,2000,Q2,5,May,2000-05,19,11,4,Thursday,0
20000512,2000-05-12,2000,Q2,5,May,2000-05,19,12,5,Friday,0
20000515,2000-05-15,2000,Q2,5,May,2000-05,20,15,1,Monday,0
20000516,2000-05-16,2000,Q2,5,May,2000-05,20,16,2,Tuesday,0
20000517,2000-05-17,2000,Q2,5,May,2000-05,20,17,3,Wednesday,0
20000518,2000-05-18,2000,Q2,5,May,2000-05,20,18,4,Thursday,0
20000519,2000-05-19,2000,Q2,5,May,2000-05,20,19,5,Friday,0
20000522,2000-05-22,2000,Q2,5,May,2000-05,21,22,1,Monday,0
20000523,2000-05-23,2000,Q2,5,May,2000-05,21,23,2,Tuesday,0
20000524,2000-05-24,2000,Q2,5,May,2000-05,21,24,3,Wednesday,0
20000525,2000-05-25,2000,Q2,5,May,2000-05,21,25,4,Thursday,0
20000526,2000-05-26,2000,Q2,5,May,2000-05,21,26,5,Friday,0
20000529,2000-05-29,2000,Q2,5,May,2000-05,22,29,1,Monday,0
20000530,2000-05-30,2000,Q2,5,May,2000-05,22,30,2,Tuesday,0
20000531,2000-05-31,2000,Q2,5,May,2000-05,22,31,3,Wednesday,0
20000601,2000-06-01,2000,Q2,6,June,2000-06,22,1,4,Thursday,0
20000602,2000-06-02,2000,Q2,6,June,2000-06,22,2,5,Friday,0
20000605,2000-06-05,2000,Q2,6,June,2000-06,23,5,1,Monday,0
20000606,2000-06-06,2000,Q2,6,June,2000-06,23,6,2,Tuesday,0
20000607,2000-06-07,2000,Q2,6,June,2000-06,23,7,3,Wednesday,0
20000608,2000-06-08,2000,Q2,6,June,2000-06,23,8,4,Thursday,0
20000609,2000-06-09,2000,Q2,6,June,2000-06,23,9,5,Friday,0
20000612,2000-06-12,2000,Q2,6,June,2000-06,24,12,1,Monday,0
20000613,2000-06-13,2000,Q2,6,June,2000-06,24,13,2,Tuesday,0
20000614,2000-06-14,2000,Q2,6,June,2000-06,24,14,3,Wednesday,0
20000615,2000-06-15,2000,Q2,6,June,2000-06,24,15,4,Thursday,0
20000616,2000-06-16,2000,Q2,6,June,2000-06,24,16,5,Friday,0
20000619,2000-06-19,2000,Q2,6,June,2000-06,25,19,1,Monday,0
20000620,2000-06-20,2000,Q2,6,June,2000-06,25,20,2,Tuesday,0
20000621,2000-06-21,2000,Q2,6,June,2000-06,25,21,3,Wednesday,0
20000622,2000-06-22,2000,Q2,6,June,2000-06,25,22,4,Thursday,0
20000623,2000-06-23,2000,Q2,6,June,2000-06,25,23,5,Friday,0
20000626,2000-06-26,2000,Q2,6,June,2000-06,26,26,1,Monday,0
20000627,2000-06-27,2000,Q2,6,June,2000-06,26,27,2,Tuesday,0
20000628,2000-06-28,2000,Q2,6,June,2000-06,26,28,3,Wednesday,0
20000629,2000-06-29,2000,Q2,6,June,2000-06,26,29,4,Thursday,0
20000630,2000-06-30,2000,Q2,6,June,2000-06,26,30,5,Friday,0
20000703,2000-07-03,2000,Q3,7,July,2000-07,27,3,1,Monday,0
20000704,2000-07-04,2000,Q3,7,July,2000-07,27,4,2,Tuesday,0
20000705,2000-07-05,2000,Q3,7,July,2000-07,27,5,3,Wednesday,0
20000706,2000-07-06,2000,Q3,7,July,2000-07,27,6,4,Thursday,0
20000707,2000-07-07,2000,Q3,7,July,2000-07,27,7,5,Friday,0
20000710,2000-07-10,2000,Q3,7,July,2000-07,28,10,1,Monday,0
20000711,2000-07-11,2000,Q3,7,July,2000-07,28,11,2,Tuesday,0
20000712,2000-07-12,2000,Q3,7,July,2000-07,28,12,3,Wednesday,0
20000713,2000-07-13,2000,Q3,7,July,2000-07,28,13,4,Thursday,0
20000714,2000-07-14,2000,Q3,7,July,2000-07,28,14,5,Friday,0
20000717,2000-07-17,2000,Q3,7,July,2000-07,29,17,1,Monday,0
20000718,2000-07-18,2000,Q3,7,July,2000-07,29,18,2,Tuesday,0
20000719,2000-07-19,2000,Q3,7,July,2000-07,29,19,3,Wednesday,0
20000720,2000-07-20,2000,Q3,7,July,2000-07,29,20,4,Thursday,0
20000721,2000-07-21,2000,Q3,7,July,2000-07,29,21,5,Friday,0
20000724,2000-07-24,2000,Q3,7,July,2000-07,30,24,1,Monday,0
20000725,2000-07-25,2000,Q3,7,July,2000-07,30,25,2,Tuesday,0
20000726,2000-07-26,2000,Q3,7,July,2000-07,30,26,3,Wednesday,0
20000727,2000-07-27,2000,Q3,7,July,2000-07,30,27,4,Thursday,0
20000728,2000-07-28,2000,Q3,7,July,2000-07,30,28,5,Friday,0
20000731,2000-07-31,2000,Q3,7,July,2000-07,31,31,1,Monday,0
20000801,2000-08-01,2000,Q3,8,August,2000-08,31,1,2,Tuesday,0
20000802,2000-08-02,2000,Q3,8,August,2000-08,31,2,3,Wednesday,0
20000803,2000-08-03,2000,Q3,8,August,2000-08,31,3,4,Thursday,0
20000804,2000-08-04,2000,Q3,8,August,2000-08,31,4,5,Friday,0
20000807,2000-08-07,2000,Q3,8,August,2000-08,32,7,1,Monday,0
20000808,2000-08-08,2000,Q3,8,August,2000-08,32,8,2,Tuesday,0
20000809,2000-08-09,2000,Q3,8,August,2000-08,32,9,3,Wednesday,0
20000810,2000-08-10,2000,Q3,8,August,2000-08,32,10,4,Thursday,0
20000811,2000-08-11,2000,Q3,8,August,2000-08,32,11,5,Friday,0
20000814,2000-08-14,2000,Q3,8,August,2000-08,33,14,1,Monday,0
20000816,2000-08-16,2000,Q3,8,August,2000-08,33,16,3,Wednesday,0
20000817,2000-08-17,2000,Q3,8,August,2000-08,33,17,4,Thursday,0
20000818,2000-08-18,2000,Q3,8,August,2000-08,33,18,5,Friday,0
20000821,2000-08-21,2000,Q3,8,August,2000-08,34,21,1,Monday,0
20000822,2000-08-22,2000,Q3,8,August,2000-08,34,22,2,Tuesday,0
20000823,2000-08-23,2000,Q3,8,August,2000-08,34,23,3,Wednesday,0
20000824,2000-08-24,2000,Q3,8,August,2000-08,34,24,4,Thursday,0
20000825,2000-08-25,2000,Q3,8,August,2000-08,34,25,5,Friday,0
20000828,2000-08-28,2000,Q3,8,August,2000-08,35,28,1,Monday,0
20000829,2000-08-29,2000,Q3,8,August,2000-08,35,29,2,Tuesday,0
20000830,2000-08-30,2000,Q3,8,August,2000-08,35,30,3,Wednesday,0
20000831,2000-08-31,2000,Q3,8,August,2000-08,35,31,4,Thursday,0
20000904,2000-09-04,2000,Q3,9,September,2000-09,36,4,1,Monday,0
20000905,2000-09-05,2000,Q3,9,September,2000-09,36,5,2,Tuesday,0
20000906,2000-09-06,2000,Q3,9,September,2000-09,36,6,3,Wednesday,0
20000907,2000-09-07,2000,Q3,9,September,2000-09,36,7,4,Thursday,0
20000908,2000-09-08,2000,Q3,9,September,2000-09,36,8,5,Friday,0
20000911,2000-09-11,2000,Q3,9,September,2000-09,37,11,1,Monday,0
20000912,2000-09-12,2000,Q3,9,September,2000-09,37,12,2,Tuesday,0
20000913,2000-09-13,2000,Q3,9,September,2000-09,37,13,3,Wednesday,0
20000914,2000-09-14,2000,Q3,9,September,2000-09,37,14,4,Thursday,0
20000915,2000-09-15,2000,Q3,9,September,2000-09,37,15,5,Friday,0
20000918,2000-09-18,2000,Q3,9,September,2000-09,38,18,1,Monday,0
20000919,2000-09-19,2000,Q3,9,September,2000-09,38,19,2,Tuesday,0
20000920,2000-09-20,2000,Q3,9,September,2000-09,38,20,3,Wednesday,0
20000921,2000-09-21,2000,Q3,9,September,2000-09,38,21,4,Thursday,0
20000922,2000-09-22,2000,Q3,9,September,2000-09,38,22,5,Friday,0
20000925,2000-09-25,2000,Q3,9,September,2000-09,39,25,1,Monday,0
20000926,2000-09-26,2000,Q3,9,September,2000-09,39,26,2,Tuesday,0
20000927,2000-09-27,2000,Q3,9,September,2000-09,39,27,3,Wednesday,0
20000928,2000-09-28,2000,Q3,9,September,2000-09,39,28,4,Thursday,0
20000929,2000-09-29,2000,Q3,9,September,2000-09,39,29,5,Friday,0
20001003,2000-10-03,2000,Q4,10,October,2000-10,40,3,2,Tuesday,0
20001004,2000-10-04,2000,Q4,10,October,2000-10,40,4,3,Wednesday,0
20001005,2000-10-05,2000,Q4,10,October,2000-10,40,5,4,Thursday,0
20001006,2000-10-06,2000,Q4,10,October,2000-10,40,6,5,Friday,0
20001009,2000-10-09,2000,Q4,10,October,2000-10,41,9,1,Monday,0
20001010,2000-10-10,2000,Q4,10,October,2000-10,41,10,2,Tuesday,0
20001011,2000-10-11,2000,Q4,10,October,2000-10,41,11,3,Wednesday,0
20001012,2000-10-12,2000,Q4,10,October,2000-10,41,12,4,Thursday,0
20001013,2000-10-13,2000,Q4,10,October,2000-10,41,13,5,Friday,0
20001016,2000-10-16,2000,Q4,10,October,2000-10,42,16,1,Monday,0
20001017,2000-10-17,2000,Q4,10,October,2000-10,42,17,2,Tuesday,0
20001018,2000-10-18,2000,Q4,10,October,2000-10,42,18,3,Wednesday,0
20001019,2000-10-19,2000,Q4,10,October,2000-10,42,19,4,Thursday,0
20001020,2000-10-20,2000,Q4,10,October,2000-10,42,20,5,Friday,0
20001023,2000-10-23,2000,Q4,10,October,2000-10,43,23,1,Monday,0
20001024,2000-10-24,2000,Q4,10,October,2000-10,43,24,2,Tuesday,0
20001025,2000-10-25,2000,Q4,10,October,2000-10,43,25,3,Wednesday,0
20001026,2000-10-26,2000,Q4,10,October,2000-10,43,26,4,Thursday,0
20001027,2000-10-27,2000,Q4,10,October,2000-10,43,27,5,Friday,0
20001030,2000-10-30,2000,Q4,10,October,2000-10,44,30,1,Monday,0
20001031,2000-10-31,2000,Q4,10,October,2000-10,44,31,2,Tuesday,0
20001101,2000-11-01,2000,Q4,11,November,2000-11,44,1,3,Wednesday,0
20001102,2000-11-02,2000,Q4,11,November,2000-11,44,2,4,Thursday,0
20001103,2000-11-03,2000,Q4,11,November,2000-11,44,3,5,Friday,0
20001106,2000-11-06,2000,Q4,11,November,2000-11,45,6,1,Monday,0
20001107,2000-11-07,2000,Q4,11,November,2000-11,45,7,2,Tuesday,0
20001108,2000-11-08,2000,Q4,11,November,2000-11,45,8,3,Wednesday,0
20001109,2000-11-09,2000,Q4,11,November,2000-11,45,9,4,Thursday,0
20001110,2000-11-10,2000,Q4,11,November,2000-11,45,10,5,Friday,0
20001113,2000-11-13,2000,Q4,11,November,2000-11,46,13,1,Monday,0
20001114,2000-11-14,2000,Q4,11,November,2000-11,46,14,2,Tuesday,0
20001115,2000-11-15,2000,Q4,11,November,2000-11,46,15,3,Wednesday,0
20001116,2000-11-16,2000,Q4,11,November,2000-11,46,16,4,Thursday,0
20001117,2000-11-17,2000,Q4,11,November,2000-11,46,17,5,Friday,0
20001120,2000-11-20,2000,Q4,11,November,2000-11,47,20,1,Monday,0
20001121,2000-11-21,2000,Q4,11,November,2000-11,47,21,2,Tuesday,0
20001122,2000-11-22,2000,Q4,11,November,2000-11,47,22,3,Wednesday,0
20001123,2000-11-23,2000,Q4,11,November,2000-11,47,23,4,Thursday,0
20001124,2000-11-24,2000,Q4,11,November,2000-11,47,24,5,Friday,0
20001127,2000-11-27,2000,Q4,11,November,2000-11,48,27,1,Monday,0
20001128,2000-11-28,2000,Q4,11,November,2000-11,48,28,2,Tuesday,0
20001129,2000-11-29,2000,Q4,11,November,2000-11,48,29,3,Wednesday,0
20001130,2000-11-30,2000,Q4,11,November,2000-11,48,30,4,Thursday,0
20001201,2000-12-01,2000,Q4,12,December,2000-12,48,1,5,Friday,0
20001204,2000-12-04,2000,Q4,12,December,2000-12,49,4,1,Monday,0
20001205,2000-12-05,2000,Q4,12,December,2000-12,49,5,2,Tuesday,0
20001206,2000-12-06,2000,Q4,12,December,2000-12,49,6,3,Wednesday,0
20001207,2000-12-07,2000,Q4,12,December,2000-12,49,7,4,Thursday,0
20001208,2000-12-08,2000,Q4,12,December,2000-12,49,8,5,Friday,0
20001211,2000-12-11,2000,Q4,12,December,2000-12,50,11,1,Monday,0
20001212,2000-12-12,2000,Q4,12,December,2000-12,50,12,2,Tuesday,0
20001213,2000-12-13,2000,Q4,12,December,2000-12,50,13,3,Wednesday,0
20001214,2000-12-14,2000,Q4,12,December,2000-12,50,14,4,Thursday,0
20001215,2000-12-15,2000,Q4,12,December,2000-12,50,15,5,Friday,0
20001218,2000-12-18,2000,Q4,12,December,2000-12,51,18,1,Monday,0
20001219,2000-12-19,2000,Q4,12,December,2000-12,51,19,2,Tuesday,0
20001220,2000-12-20,2000,Q4,12,December,2000-12,51,20,3,Wednesday,0
20001221,2000-12-21,2000,Q4,12,December,2000-12,51,21,4,Thursday,0
20001222,2000-12-22,2000,Q4,12,December,2000-12,51,22,5,Friday,0
20001226,2000-12-26,2000,Q4,12,December,2000-12,52,26,2,Tuesday,0
20001227,2000-12-27,2000,Q4,12,December,2000-12,52,27,3,Wednesday,0
20001228,2000-12-28,2000,Q4,12,December,2000-12,52,28,4,Thursday,0
20001229,2000-12-29,2000,Q4,12,December,2000-12,52,29,5,Friday,0
20010101,2001-01-01,2001,Q1,1,January,2001-01,1,1,1,Monday,0
20010102,2001-01-02,2001,Q1,1,January,2001-01,1,2,2,Tuesday,0
20010103,2001-01-03,2001,Q1,1,January,2001-01,1,3,3,Wednesday,0
20010104,2001-01-04,2001,Q1,1,January,2001-01,1,4,4,Thursday,0
20010105,2001-01-05,2001,Q1,1,January,2001-01,1,5,5,Friday,0
20010108,2001-01-08,2001,Q1,1,January,2001-01,2,8,1,Monday,0
20010109,2001-01-09,2001,Q1,1,January,2001-01,2,9,2,Tuesday,0
20010110,2001-01-10,2001,Q1,1,January,2001-01,2,10,3,Wednesday,0
20010111,2001-01-11,2001,Q1,1,January,2001-01,2,11,4,Thursday,0
20010112,2001-01-12,2001,Q1,1,January,2001-01,2,12,5,Friday,0
20010115,2001-01-15,2001,Q1,1,January,2001-01,3,15,1,Monday,0
20010116,2001-01-16,2001,Q1,1,January,2001-01,3,16,2,Tuesday,0
20010117,2001-01-17,2001,Q1,1,January,2001-01,3,17,3,Wednesday,0
20010118,2001-01-18,2001,Q1,1,January,2001-01,3,18,4,Thursday,0
20010119,2001-01-19,2001,Q1,1,January,2001-01,3,19,5,Friday,0
20010122,2001-01-22,2001,Q1,1,January,2001-01,4,22,1,Monday,0
20010123,2001-01-23,2001,Q1,1,January,2001-01,4,23,2,Tuesday,0
20010124,2001-01-24,2001,Q1,1,January,2001-01,4,24,3,Wednesday,0
20010125,2001-01-25,2001,Q1,1,January,2001-01,4,25,4,Thursday,0
20010129,2001-01-29,2001,Q1,1,January,2001-01,5,29,1,Monday,0
20010130,2001-01-30,2001,Q1,1,January,2001-01,5,30,2,Tuesday,0
20010131,2001-01-31,2001,Q1,1,January,2001-01,5,31,3,Wednesday,0
20010201,2001-02-01,2001,Q1,2,February,2001-02,5,1,4,Thursday,0
20010202,2001-02-02,2001,Q1,2,February,2001-02,5,2,5,Friday,0
20010205,2001-02-05,2001,Q1,2,February,2001-02,6,5,1,Monday,0
20010206,2001-02-06,2001,Q1,2,February,2001-02,6,6,2,Tuesday,0
20010207,2001-02-07,2001,Q1,2,February,2001-02,6,7,3,Wednesday,0
20010208,2001-02-08,2001,Q1,2,February,2001-02,6,8,4,Thursday,0
20010209,2001-02-09,2001,Q1,2,February,2001-02,6,9,5,Friday,0
20010212,2001-02-12,2001,Q1,2,February,2001-02,7,12,1,Monday,0
20010213,2001-02-13,2001,Q1,2,February,2001-02,7,13,2,Tuesday,0
20010214,2001-02-14,2001,Q1,2,February,2001-02,7,14,3,Wednesday,0
20010215,2001-02-15,2001,Q1,2,February,2001-02,7,15,4,Thursday,0
20010216,2001-02-16,2001,Q1,2,February,2001-02,7,16,5,Friday,0
20010219,2001-02-19,2001,Q1,2,February,2001-02,8,19,1,Monday,0
20010220,2001-02-20,2001,Q1,2,February,2001-02,8,20,2,Tuesday,0
20010221,2001-02-21,2001,Q1,2,February,2001-02,8,21,3,Wednesday,0
20010222,2001-02-22,2001,Q1,2,February,2001-02,8,22,4,Thursday,0
20010223,2001-02-23,2001,Q1,2,February,2001-02,8,23,5,Friday,0
20010226,2001-02-26,2001,Q1,2,February,2001-02,9,26,1,Monday,0
20010227,2001-02-27,2001,Q1,2,February,2001-02,9,27,2,Tuesday,0
20010228,2001-02-28,2001,Q1,2,February,2001-02,9,28,3,Wednesday,0
20010301,2001-03-01,2001,Q1,3,March,2001-03,9,1,4,Thursday,0
20010302,2001-03-02,2001,Q1,3,March,2001-03,9,2,5,Friday,0
20010305,2001-03-05,2001,Q1,3,March,2001-03,10,5,1,Monday,0
20010307,2001-03-07,2001,Q1,3,March,2001-03,10,7,3,Wednesday,0
20010308,2001-03-08,2001,Q1,3,March,2001-03,10,8,4,Thursday,0
20010309,2001-03-09,2001,Q1,3,March,2001-03,10,9,5,Friday,0
20010312,2001-03-12,2001,Q1,3,March,2001-03,11,12,1,Monday,0
20010313,2001-03-13,2001,Q1,3,March,2001-03,11,13,2,Tuesday,0
20010314,2001-03-14,2001,Q1,3,March,2001-03,11,14,3,Wednesday,0
20010315,2001-03-15,2001,Q1,3,March,2001-03,11,15,4,Thursday,0
20010316,2001-03-16,2001,Q1,3,March,2001-03,11,16,5,Friday,0
20010319,2001-03-19,2001,Q1,3,March,2001-03,12,19,1,Monday,0
20010320,2001-03-20,2001,Q1,3,March,2001-03,12,20,2,Tuesday,0
20010321,2001-03-21,2001,Q1,3,March,2001-03,12,21,3,Wednesday,0
20010322,2001-03-22,2001,Q1,3,March,2001-03,12,22,4,Thursday,0
20010323,2001-03-23,2001,Q1,3,March,2001-03,12,23,5,Friday,0
20010326,2001-03-26,2001,Q1,3,March,2001-03,13,26,1,Monday,0
20010327,2001-03-27,2001,Q1,3,March,2001-03,13,27,2,Tuesday,0
20010328,2001-03-28,2001,Q1,3,March,2001-03,13,28,3,Wednesday,0
20010329,2001-03-29,2001,Q1,3,March,2001-03,13,29,4,Thursday,0
20010330,2001-03-30,2001,Q1,3,March,2001-03,13,30,5,Friday,0
20010402,2001-04-02,2001,Q2,4,April,2001-04,14,2,1,Monday,0
20010403,2001-04-03,2001,Q2,4,April,2001-04,14,3,2,Tuesday,0
20010404,2001-04-04,2001,Q2,4,April,2001-04,14,4,3,Wednesday,0
20010406,2001-04-06,2001,Q2,4,April,2001-04,14,6,5,Friday,0
20010409,2001-04-09,2001,Q2,4,April,2001-04,15,9,1,Monday,0
20010410,2001-04-10,2001,Q2,4,April,2001-04,15,10,2,Tuesday,0
20010411,2001-04-11,2001,Q2,4,April,2001-04,15,11,3,Wednesday,0
20010412,2001-04-12,2001,Q2,4,April,2001-04,15,12,4,Thursday,0
20010416,2001-04-16,2001,Q2,4,April,2001-04,16,16,1,Monday,0
20010417,2001-04-17,2001,Q2,4,April,2001-04,16,17,2,Tuesday,0
20010418,2001-04-18,2001,Q2,4,April,2001-04,16,18,3,Wednesday,0
20010419,2001-04-19,2001,Q2,4,April,2001-04,16,19,4,Thursday,0
20010420,2001-04-20,2001,Q2,4,April,2001-04,16,20,5,Friday,0
20010423,2001-04-23,2001,Q2,4,April,2001-04,17,23,1,Monday,0
20010424,2001-04-24,2001,Q2,4,April,2001-04,17,24,2,Tuesday,0
20010425,2001-04-25,2001,Q2,4,April,2001-04,17,25,3,Wednesday,0
20010426,2001-04-26,2001,Q2,4,April,2001-04,17,26,4,Thursday,0
20010427,2001-04-27,2001,Q2,4,April,2001-04,17,27,5,Friday,0
20010430,2001-04-30,2001,Q2,4,April,2001-04,18,30,1,Monday,0
20010502,2001-05-02,2001,Q2,5,May,2001-05,18,2,3,Wednesday,0
20010503,2001-05-03,2001,Q2,5,May,2001-05,18,3,4,Thursday,0
20010504,2001-05-04,2001,Q2,5,May,2001-05,18,4,5,Friday,0
20010507,2001-05-07,2001,Q2,5,May,2001-05,19,7,1,Monday,0
20010508,2001-05-08,2001,Q2,5,May,2001-05,19,8,2,Tuesday,0
20010509,2001-05-09,2001,Q2,5,May,2001-05,19,9,3,Wednesday,0
20010510,2001-05-10,2001,Q2,5,May,2001-05,19,10,4,Thursday,0
20010511,2001-05-11,2001,Q2,5,May,2001-05,19,11,5,Friday,0
20010514,2001-05-14,2001,Q2,5,May,2001-05,20,14,1,Monday,0
20010515,2001-05-15,2001,Q2,5,May,2001-05,20,15,2,Tuesday,0
20010516,2001-05-16,2001,Q2,5,May,2001-05,20,16,3,Wednesday,0
20010517,2001-05-17,2001,Q2,5,May,2001-05,20,17,4,Thursday,0
20010518,2001-05-18,2001,Q2,5,May,2001-05,20,18,5,Friday,0
20010521,2001-05-21,2001,Q2,5,May,2001-05,21,21,1,Monday,0
20010522,2001-05-22,2001,Q2,5,May,2001-05,21,22,2,Tuesday,0
20010523,2001-05-23,2001,Q2,5,May,2001-05,21,23,3,Wednesday,0
20010524,2001-05-24,2001,Q2,5,May,2001-05,21,24,4,Thursday,0
20010525,2001-05-25,2001,Q2,5,May,2001-05,21,25,5,Friday,0
20010528,2001-05-28,2001,Q2,5,May,2001-05,22,28,1,Monday,0
20010529,2001-05-29,2001,Q2,5,May,2001-05,22,29,2,Tuesday,0
20010530,2001-05-30,2001,Q2,5,May,2001-05,22,30,3,Wednesday,0
20010531,2001-05-31,2001,Q2,5,May,2001-05,22,31,4,Thursday,0
20010601,2001-06-01,2001,Q2,6,June,2001-06,22,1,5,Friday,0
20010604,2001-06-04,2001,Q2,6,June,2001-06,23,4,1,Monday,0
20010605,2001-06-05,2001,Q2,6,June,2001-06,23,5,2,Tuesday,0
20010606,2001-06-06,2001,Q2,6,June,2001-06,23,6,3,Wednesday,0
20010607,2001-06-07,2001,Q2,6,June,2001-06,23,7,4,Thursday,0
20010608,2001-06-08,2001,Q2,6,June,2001-06,23,8,5,Friday,0
20010611,2001-06-11,2001,Q2,6,June,2001-06,24,11,1,Monday,0
20010612,2001-06-12,2001,Q2,6,June,2001-06,24,12,2,Tuesday,0
20010613,2001-06-13,2001,Q2,6,June,2001-06,24,13,3,Wednesday,0
20010614,2001-06-14,2001,Q2,6,June,2001-06,24,14,4,Thursday,0
20010615,2001-06-15,2001,Q2,6,June,2001-06,24,15,5,Friday,0
20010618,2001-06-18,2001,Q2,6,June,2001-06,25,18,1,Monday,0
20010619,2001-06-19,2001,Q2,6,June,2001-06,25,19,2,Tuesday,0
20010620,2001-06-20,2001,Q2,6,June,2001-06,25,20,3,Wednesday,0
20010621,2001-06-21,2001,Q2,6,June,2001-06,25,21,4,Thursday,0
20010622,2001-06-22,2001,Q2,6,June,2001-06,25,22,5,Friday,0
20010625,2001-06-25,2001,Q2,6,June,2001-06,26,25,1,Monday,0
20010626,2001-06-26,2001,Q2,6,June,2001-06,26,26,2,Tuesday,0
20010627,2001-06-27,2001,Q2,6,June,2001-06,26,27,3,Wednesday,0
20010628,2001-06-28,2001,Q2,6,June,2001-06,26,28,4,Thursday,0
20010629,2001-06-29,2001,Q2,6,June,2001-06,26,29,5,Friday,0
20010702,2001-07-02,2001,Q3,7,July,2001-07,27,2,1,Monday,0
20010703,2001-07-03,2001,Q3,7,July,2001-07,27,3,2,Tuesday,0
20010704,2001-07-04,2001,Q3,7,July,2001-07,27,4,3,Wednesday,0
20010705,2001-07-05,2001,Q3,7,July,2001-07,27,5,4,Thursday,0
20010706,2001-07-06,2001,Q3,7,July,2001-07,27,6,5,Friday,0
20010709,2001-07-09,2001,Q3,7,July,2001-07,28,9,1,Monday,0
20010710,2001-07-10,2001,Q3,7,July,2001-07,28,10,2,Tuesday,0
20010711,2001-07-11,2001,Q3,7,July,2001-07,28,11,3,Wednesday,0
20010712,2001-07-12,2001,Q3,7,July,2001-07,28,12,4,Thursday,0
20010713,2001-07-13,2001,Q3,7,July,2001-07,28,13,5,Friday,0
20010716,2001-07-16,2001,Q3,7,July,2001-07,29,16,1,Monday,0
20010717,2001-07-17,2001,Q3,7,July,2001-07,29,17,2,Tuesday,0
20010718,2001-07-18,2001,Q3,7,July,2001-07,29,18,3,Wednesday,0
20010719,2001-07-19,2001,Q3,7,July,2001-07,29,19,4,Thursday,0
20010720,2001-07-20,2001,Q3,7,July,2001-07,29,20,5,Friday,0
20010723,2001-07-23,2001,Q3,7,July,2001-07,30,23,1,Monday,0
20010724,2001-07-24,2001,Q3,7,July,2001-07,30,24,2,Tuesday,0
20010725,2001-07-25,2001,Q3,7,July,2001-07,30,25,3,Wednesday,0
20010726,2001-07-26,2001,Q3,7,July,2001-07,30,26,4,Thursday,0
20010727,2001-07-27,2001,Q3,7,July,2001-07,30,27,5,Friday,0
20010730,2001-07-30,2001,Q3,7,July,2001-07,31,30,1,Monday,0
20010731,2001-07-31,2001,Q3,7,July,2001-07,31,31,2,Tuesday,0
20010801,2001-08-01,2001,Q3,8,August,2001-08,31,1,3,Wednesday,0
20010802,2001-08-02,2001,Q3,8,August,2001-08,31,2,4,Thursday,0
20010803,2001-08-03,2001,Q3,8,August,2001-08,31,3,5,Friday,0
20010806,2001-08-06,2001,Q3,8,August,2001-08,32,6,1,Monday,0
20010807,2001-08-07,2001,Q3,8,August,2001-08,32,7,2,Tuesday,0
20010808,2001-08-08,2001,Q3,8,August,2001-08,32,8,3,Wednesday,0
20010809,2001-08-09,2001,Q3,8,August,2001-08,32,9,4,Thursday,0
20010810,2001-08-10,2001,Q3,8,August,2001-08,32,10,5,Friday,0
20010813,2001-08-13,2001,Q3,8,August,2001-08,33,13,1,Monday,0
20010814,2001-08-14,2001,Q3,8,August,2001-08,33,14,2,Tuesday,0
20010816,2001-08-16,2001,Q3,8,August,2001-08,33,16,4,Thursday,0
20010817,2001-08-17,2001,Q3,8,August,2001-08,33,17,5,Friday,0
20010820,2001-08-20,2001,Q3,8,August,2001-08,34,20,1,Monday,0
20010821,2001-08-21,2001,Q3,8,August,2001-08,34,21,2,Tuesday,0
20010823,2001-08-23,2001,Q3,8,August,2001-08,34,23,4,Thursday,0
20010824,2001-08-24,2001,Q3,8,August,2001-08,34,24,5,Friday,0
20010827,2001-08-27,2001,Q3,8,August,2001-08,35,27,1,Monday,0
20010828,2001-08-28,2001,Q3,8,August,2001-08,35,28,2,Tuesday,0
20010829,2001-08-29,2001,Q3,8,August,2001-08,35,29,3,Wednesday,0
20010830,2001-08-30,2001,Q3,8,August,2001-08,35,30,4,Thursday,0
20010831,2001-08-31,2001,Q3,8,August,2001-08,35,31,5,Friday,0
20010903,2001-09-03,2001,Q3,9,September,2001-09,36,3,1,Monday,0
20010904,2001-09-04,2001,Q3,9,September,2001-09,36,4,2,Tuesday,0
20010905,2001-09-05,2001,Q3,9,September,2001-09,36,5,3,Wednesday,0
20010906,2001-09-06,2001,Q3,9,September,2001-09,36,6,4,Thursday,0
20010907,2001-09-07,2001,Q3,9,September,2001-09,36,7,5,Friday,0
20010910,2001-09-10,2001,Q3,9,September,2001-09,37,10,1,Monday,0
20010911,2001-09-11,2001,Q3,9,September,2001-09,37,11,2,Tuesday,0
20010912,2001-09-12,2001,Q3,9,September,2001-09,37,12,3,Wednesday,0
20010913,2001-09-13,2001,Q3,9,September,2001-09,37,13,4,Thursday,0
20010914,2001-09-14,2001,Q3,9,September,2001-09,37,14,5,Friday,0
20010917,2001-09-17,2001,Q3,9,September,2001-09,38,17,1,Monday,0
20010918,2001-09-18,2001,Q3,9,September,2001-09,38,18,2,Tuesday,0
20010919,2001-09-19,2001,Q3,9,September,2001-09,38,19,3,Wednesday,0
20010920,2001-09-20,2001,Q3,9,September,2001-09,38,20,4,Thursday,0
20010921,2001-09-21,2001,Q3,9,September,2001-09,38,21,5,Friday,0
20010924,2001-09-24,2001,Q3,9,September,2001-09,39,24,1,Monday,0
20010925,2001-09-25,2001,Q3,9,September,2001-09,39,25,2,Tuesday,0
20010926,2001-09-26,2001,Q3,9,September,2001-09,39,26,3,Wednesday,0
20010927,2001-09-27,2001,Q3,9,September,2001-09,39,27,4,Thursday,0
20010928,2001-09-28,2001,Q3,9,September,2001-09,39,28,5,Friday,0
20011001,2001-10-01,2001,Q4,10,October,2001-10,40,1,1,Monday,0
20011003,2001-10-03,2001,Q4,10,October,2001-10,40,3,3,Wednesday,0
20011004,2001-10-04,2001,Q4,10,October,2001-10,40,4,4,Thursday,0
20011005,2001-10-05,2001,Q4,10,October,2001-10,40,5,5,Friday,0
20011008,2001-10-08,2001,Q4,10,October,2001-10,41,8,1,Monday,0
20011009,2001-10-09,2001,Q4,10,October,2001-10,41,9,2,Tuesday,0
20011010,2001-10-10,2001,Q4,10,October,2001-10,41,10,3,Wednesday,0
20011011,2001-10-11,2001,Q4,10,October,2001-10,41,11,4,Thursday,0
20011012,2001-10-12,2001,Q4,10,October,2001-10,41,12,5,Friday,0
20011015,2001-10-15,2001,Q4,10,October,2001-10,42,15,1,Monday,0
20011016,2001-10-16,2001,Q4,10,October,2001-10,42,16,2,Tuesday,0
20011017,2001-10-17,2001,Q4,10,October,2001-10,42,17,3,Wednesday,0
20011018,2001-10-18,2001,Q4,10,October,2001-10,42,18,4,Thursday,0
20011019,2001-10-19,2001,Q4,10,October,2001-10,42,19,5,Friday,0
20011022,2001-10-22,2001,Q4,10,October,2001-10,43,22,1,Monday,0
20011023,2001-10-23,2001,Q4,10,October,2001-10,43,23,2,Tuesday,0
20011024,2001-10-24,2001,Q4,10,October,2001-10,43,24,3,Wednesday,0
20011025,2001-10-25,2001,Q4,10,October,2001-10,43,25,4,Thursday,0
20011029,2001-10-29,2001,Q4,10,October,2001-10,44,29,1,Monday,0
20011030,2001-10-30,2001,Q4,10,October,2001-10,44,30,2,Tuesday,0
20011031,2001-10-31,2001,Q4,10,October,2001-10,44,31,3,Wednesday,0
20011101,2001-11-01,2001,Q4,11,November,2001-11,44,1,4,Thursday,0
20011102,2001-11-02,2001,Q4,11,November,2001-11,44,2,5,Friday,0
20011105,2001-11-05,2001,Q4,11,November,2001-11,45,5,1,Monday,0
20011106,2001-11-06,2001,Q4,11,November,2001-11,45,6,2,Tuesday,0
20011107,2001-11-07,2001,Q4,11,November,2001-11,45,7,3,Wednesday,0
20011108,2001-11-08,2001,Q4,11,November,2001-11,45,8,4,Thursday,0
20011109,2001-11-09,2001,Q4,11,November,2001-11,45,9,5,Friday,0
20011112,2001-11-12,2001,Q4,11,November,2001-11,46,12,1,Monday,0
20011113,2001-11-13,2001,Q4,11,November,2001-11,46,13,2,Tuesday,0
20011114,2001-11-14,2001,Q4,11,November,2001-11,46,14,3,Wednesday,0
20011115,2001-11-15,2001,Q4,11,November,2001-11,46,15,4,Thursday,0
20011119,2001-11-19,2001,Q4,11,November,2001-11,47,19,1,Monday,0
20011120,2001-11-20,2001,Q4,11,November,2001-11,47,20,2,Tuesday,0
20011121,2001-11-21,2001,Q4,11,November,2001-11,47,21,3,Wednesday,0
20011122,2001-11-22,2001,Q4,11,November,2001-11,47,22,4,Thursday,0
20011123,2001-11-23,2001,Q4,11,November,2001-11,47,23,5,Friday,0
20011126,2001-11-26,2001,Q4,11,November,2001-11,48,26,1,Monday,0
20011127,2001-11-27,2001,Q4,11,November,2001-11,48,27,2,Tuesday,0
20011128,2001-11-28,2001,Q4,11,November,2001-11,48,28,3,Wednesday,0
20011129,2001-11-29,2001,Q4,11,November,2001-11,48,29,4,Thursday,0
20011203,2001-12-03,2001,Q4,12,December,2001-12,49,3,1,Monday,0
20011204,2001-12-04,2001,Q4,12,December,2001-12,49,4,2,Tuesday,0
20011205,2001-12-05,2001,Q4,12,December,2001-12,49,5,3,Wednesday,0
20011206,2001-12-06,2001,Q4,12,December,2001-12,49,6,4,Thursday,0
20011207,2001-12-07,2001,Q4,12,December,2001-12,49,7,5,Friday,0
20011210,2001-12-10,2001,Q4,12,December,2001-12,50,10,1,Monday,0
20011211,2001-12-11,2001,Q4,12,December,2001-12,50,11,2,Tuesday,0
20011212,2001-12-12,2001,Q4,12,December,2001-12,50,12,3,Wednesday,0
20011213,2001-12-13,2001,Q4,12,December,2001-12,50,13,4,Thursday,0
20011214,2001-12-14,2001,Q4,12,December,2001-12,50,14,5,Friday,0
20011218,2001-12-18,2001,Q4,12,December,2001-12,51,18,2,Tuesday,0
20011219,2001-12-19,2001,Q4,12,December,2001-12,51,19,3,Wednesday,0
20011220,2001-12-20,2001,Q4,12,December,2001-12,51,20,4,Thursday,0
20011221,2001-12-21,2001,Q4,12,December,2001-12,51,21,5,Friday,0
20011224,2001-12-24,2001,Q4,12,December,2001-12,52,24,1,Monday,0
20011226,2001-12-26,2001,Q4,12,December,2001-12,52,26,3,Wednesday,0
20011227,2001-12-27,2001,Q4,12,December,2001-12,52,27,4,Thursday,0
20011228,2001-12-28,2001,Q4,12,December,2001-12,52,28,5,Friday,0
20011231,2001-12-31,2001,Q4,12,December,2001-12,1,31,1,Monday,0
20020101,2002-01-01,2002,Q1,1,January,2002-01,1,1,2,Tuesday,0
20020102,2002-01-02,2002,Q1,1,January,2002-01,1,2,3,Wednesday,0
20020103,2002-01-03,2002,Q1,1,January,2002-01,1,3,4,Thursday,0
20020104,2002-01-04,2002,Q1,1,January,2002-01,1,4,5,Friday,0
20020107,2002-01-07,2002,Q1,1,January,2002-01,2,7,1,Monday,0
20020108,2002-01-08,2002,Q1,1,January,2002-01,2,8,2,Tuesday,0
20020109,2002-01-09,2002,Q1,1,January,2002-01,2,9,3,Wednesday,0
20020110,2002-01-10,2002,Q1,1,January,2002-01,2,10,4,Thursday,0
20020111,2002-01-11,2002,Q1,1,January,2002-01,2,11,5,Friday,0
20020114,2002-01-14,2002,Q1,1,January,2002-01,3,14,1,Monday,0
20020115,2002-01-15,2002,Q1,1,January,2002-01,3,15,2,Tuesday,0
20020116,2002-01-16,2002,Q1,1,January,2002-01,3,16,3,Wednesday,0
20020117,2002-01-17,2002,Q1,1,January,2002-01,3,17,4,Thursday,0
20020118,2002-01-18,2002,Q1,1,January,2002-01,3,18,5,Friday,0
20020121,2002-01-21,2002,Q1,1,January,2002-01,4,21,1,Monday,0
20020122,2002-01-22,2002,Q1,1,January,2002-01,4,22,2,Tuesday,0
20020123,2002-01-23,2002,Q1,1,January,2002-01,4,23,3,Wednesday,0
20020124,2002-01-24,2002,Q1,1,January,2002-01,4,24,4,Thursday,0
20020125,2002-01-25,2002,Q1,1,January,2002-01,4,25,5,Friday,0
20020128,2002-01-28,2002,Q1,1,January,2002-01,5,28,1,Monday,0
20020129,2002-01-29,2002,Q1,1,January,2002-01,5,29,2,Tuesday,0
20020130,2002-01-30,2002,Q1,1,January,2002-01,5,30,3,Wednesday,0
20020131,2002-01-31,2002,Q1,1,January,2002-01,5,31,4,Thursday,0
20020201,2002-02-01,2002,Q1,2,February,2002-02,5,1,5,Friday,0
20020204,2002-02-04,2002,Q1,2,February,2002-02,6,4,1,Monday,0
20020205,2002-02-05,2002,Q1,2,February,2002-02,6,5,2,Tuesday,0
20020206,2002-02-06,2002,Q1,2,February,2002-02,6,6,3,Wednesday,0
20020207,2002-02-07,2002,Q1,2,February,2002-02,6,7,4,Thursday,0
20020208,2002-02-08,2002,Q1,2,February,2002-02,6,8,5,Friday,0
20020211,2002-02-11,2002,Q1,2,February,2002-02,7,11,1,Monday,0
20020212,2002-02-12,2002,Q1,2,February,2002-02,7,12,2,Tuesday,0
20020213,2002-02-13,2002,Q1,2,February,2002-02,7,13,3,Wednesday,0
20020214,2002-02-14,2002,Q1,2,February,2002-02,7,14,4,Thursday,0
20020215,2002-02-15,2002,Q1,2,February,2002-02,7,15,5,Friday,0
20020218,2002-02-18,2002,Q1,2,February,2002-02,8,18,1,Monday,0
20020219,2002-02-19,2002,Q1,2,February,2002-02,8,19,2,Tuesday,0
20020220,2002-02-20,2002,Q1,2,February,2002-02,8,20,3,Wednesday,0
20020221,2002-02-21,2002,Q1,2,February,2002-02,8,21,4,Thursday,0
20020222,2002-02-22,2002,Q1,2,February,2002-02,8,22,5,Friday,0
20020225,2002-02-25,2002,Q1,2,February,2002-02,9,25,1,Monday,0
20020226,2002-02-26,2002,Q1,2,February,2002-02,9,26,2,Tuesday,0
20020227,2002-02-27,2002,Q1,2,February,2002-02,9,27,3,Wednesday,0
20020228,2002-02-28,2002,Q1,2,February,2002-02,9,28,4,Thursday,0
20020301,2002-03-01,2002,Q1,3,March,2002-03,9,1,5,Friday,0
20020304,2002-03-04,2002,Q1,3,March,2002-03,10,4,1,Monday,0
20020305,2002-03-05,2002,Q1,3,March,2002-03,10,5,2,Tuesday,0
20020306,2002-03-06,2002,Q1,3,March,2002-03,10,6,3,Wednesday,0
20020307,2002-03-07,2002,Q1,3,March,2002-03,10,7,4,Thursday,0
20020308,2002-03-08,2002,Q1,3,March,2002-03,10,8,5,Friday,0
20020311,2002-03-11,2002,Q1,3,March,2002-03,11,11,1,Monday,0
20020312,2002-03-12,2002,Q1,3,March,2002-03,11,12,2,Tuesday,0
20020313,2002-03-13,2002,Q1,3,March,2002-03,11,13,3,Wednesday,0
20020314,2002-03-14,2002,Q1,3,March,2002-03,11,14,4,Thursday,0
20020315,2002-03-15,2002,Q1,3,March,2002-03,11,15,5,Friday,0
20020318,2002-03-18,2002,Q1,3,March,2002-03,12,18,1,Monday,0
20020319,2002-03-19,2002,Q1,3,March,2002-03,12,19,2,Tuesday,0
20020320,2002-03-20,2002,Q1,3,March,2002-03,12,20,3,Wednesday,0
20020321,2002-03-21,2002,Q1,3,March,2002-03,12,21,4,Thursday,0
20020322,2002-03-22,2002,Q1,3,March,2002-03,12,22,5,Friday,0
20020326,2002-03-26,2002,Q1,3,March,2002-03,13,26,2,Tuesday,0
20020327,2002-03-27,2002,Q1,3,March,2002-03,13,27,3,Wednesday,0
20020328,2002-03-28,2002,Q1,3,March,2002-03,13,28,4,Thursday,0
20020401,2002-04-01,2002,Q2,4,April,2002-04,14,1,1,Monday,0
20020402,2002-04-02,2002,Q2,4,April,2002-04,14,2,2,Tuesday,0
20020403,2002-04-03,2002,Q2,4,April,2002-04,14,3,3,Wednesday,0
20020404,2002-04-04,2002,Q2,4,April,2002-04,14,4,4,Thursday,0
20020405,2002-04-05,2002,Q2,4,April,2002-04,14,5,5,Friday,0
20020408,2002-04-08,2002,Q2,4,April,2002-04,15,8,1,Monday,0
20020409,2002-04-09,2002,Q2,4,April,2002-04,15,9,2,Tuesday,0
20020410,2002-04-10,2002,Q2,4,April,2002-04,15,10,3,Wednesday,0
20020411,2002-04-11,2002,Q2,4,April,2002-04,15,11,4,Thursday,0
20020412,2002-04-12,2002,Q2,4,April,2002-04,15,12,5,Friday,0
20020415,2002-04-15,2002,Q2,4,April,2002-04,16,15,1,Monday,0
20020416,2002-04-16,2002,Q2,4,April,2002-04,16,16,2,Tuesday,0
20020417,2002-04-17,2002,Q2,4,April,2002-04,16,17,3,Wednesday,0
20020418,2002-04-18,2002,Q2,4,April,2002-04,16,18,4,Thursday,0
20020419,2002-04-19,2002,Q2,4,April,2002-04,16,19,5,Friday,0
20020422,2002-04-22,2002,Q2,4,April,2002-04,17,22,1,Monday,0
20020423,2002-04-23,2002,Q2,4,April,2002-04,17,23,2,Tuesday,0
20020424,2002-04-24,2002,Q2,4,April,2002-04,17,24,3,Wednesday,0
20020425,2002-04-25,2002,Q2,4,April,2002-04,17,25,4,Thursday,0
20020426,2002-04-26,2002,Q2,4,April,2002-04,17,26,5,Friday,0
20020429,2002-04-29,2002,Q2,4,April,2002-04,18,29,1,Monday,0
20020430,2002-04-30,2002,Q2,4,April,2002-04,18,30,2,Tuesday,0
20020502,2002-05-02,2002,Q2,5,May,2002-05,18,2,4,Thursday,0
20020503,2002-05-03,2002,Q2,5,May,2002-05,18,3,5,Friday,0
20020506,2002-05-06,2002,Q2,5,May,2002-05,19,6,1,Monday,0
20020507,2002-05-07,2002,Q2,5,May,2002-05,19,7,2,Tuesday,0
20020508,2002-05-08,2002,Q2,5,May,2002-05,19,8,3,Wednesday,0
20020509,2002-05-09,2002,Q2,5,May,2002-05,19,9,4,Thursday,0
20020510,2002-05-10,2002,Q2,5,May,2002-05,19,10,5,Friday,0
20020513,2002-05-13,2002,Q2,5,May,2002-05,20,13,1,Monday,0
20020514,2002-05-14,2002,Q2,5,May,2002-05,20,14,2,Tuesday,0
20020515,2002-05-15,2002,Q2,5,May,2002-05,20,15,3,Wednesday,0
20020516,2002-05-16,2002,Q2,5,May,2002-05,20,16,4,Thursday,0
20020517,2002-05-17,2002,Q2,5,May,2002-05,20,17,5,Friday,0
20020520,2002-05-20,2002,Q2,5,May,2002-05,21,20,1,Monday,0
20020521,2002-05-21,2002,Q2,5,May,2002-05,21,21,2,Tuesday,0
20020522,2002-05-22,2002,Q2,5,May,2002-05,21,22,3,Wednesday,0
20020523,2002-05-23,2002,Q2,5,May,2002-05,21,23,4,Thursday,0
20020524,2002-05-24,2002,Q2,5,May,2002-05,21,24,5,Friday,0
20020527,2002-05-27,2002,Q2,5,May,2002-05,22,27,1,Monday,0
20020528,2002-05-28,2002,Q2,5,May,2002-05,22,28,2,Tuesday,0
20020529,2002-05-29,2002,Q2,5,May,2002-05,22,29,3,Wednesday,0
20020530,2002-05-30,2002,Q2,5,May,2002-05,22,30,4,Thursday,0
20020531,2002-05-31,2002,Q2,5,May,2002-05,22,31,5,Friday,0
20020603,2002-06-03,2002,Q2,6,June,2002-06,23,3,1,Monday,0
20020604,2002-06-04,2002,Q2,6,June,2002-06,23,4,2,Tuesday,0
20020605,2002-06-05,2002,Q2,6,June,2002-06,23,5,3,Wednesday,0
20020606,2002-06-06,2002,Q2,6,June,2002-06,23,6,4,Thursday,0
20020607,2002-06-07,2002,Q2,6,June,2002-06,23,7,5,Friday,0
20020610,2002-06-10,2002,Q2,6,June,2002-06,24,10,1,Monday,0
20020611,2002-06-11,2002,Q2,6,June,2002-06,24,11,2,Tuesday,0
20020612,2002-06-12,2002,Q2,6,June,2002-06,24,12,3,Wednesday,0
20020613,2002-06-13,2002,Q2,6,June,2002-06,24,13,4,Thursday,0
20020614,2002-06-14,2002,Q2,6,June,2002-06,24,14,5,Friday,0
20020617,2002-06-17,2002,Q2,6,June,2002-06,25,17,1,Monday,0
20020618,2002-06-18,2002,Q2,6,June,2002-06,25,18,2,Tuesday,0
20020619,2002-06-19,2002,Q2,6,June,2002-06,25,19,3,Wednesday,0
20020620,2002-06-20,2002,Q2,6,June,2002-06,25,20,4,Thursday,0
20020621,2002-06-21,2002,Q2,6,June,2002-06,25,21,5,Friday,0
20020624,2002-06-24,2002,Q2,6,June,2002-06,26,24,1,Monday,0
20020625,2002-06-25,2002,Q2,6,June,2002-06,26,25,2,Tuesday,0
20020626,2002-06-26,2002,Q2,6,June,2002-06,26,26,3,Wednesday,0
20020627,2002-06-27,2002,Q2,6,June,2002-06,26,27,4,Thursday,0
20020628,2002-06-28,2002,Q2,6,June,2002-06,26,28,5,Friday,0
20020701,2002-07-01,2002,Q3,7,July,2002-07,27,1,1,Monday,0
20020702,2002-07-02,2002,Q3,7,July,2002-07,27,2,2,Tuesday,0
20020703,2002-07-03,2002,Q3,7,July,2002-07,27,3,3,Wednesday,0
20020704,2002-07-04,2002,Q3,7,July,2002-07,27,4,4,Thursday,0
20020705,2002-07-05,2002,Q3,7,July,2002-07,27,5,5,Friday,0
20020708,2002-07-08,2002,Q3,7,July,2002-07,28,8,1,Monday,0
20020709,2002-07-09,2002,Q3,7,July,2002-07,28,9,2,Tuesday,0
20020710,2002-07-10,2002,Q3,7,July,2002-07,28,10,3,Wednesday,0
20020711,2002-07-11,2002,Q3,7,July,2002-07,28,11,4,Thursday,0
20020712,2002-07-12,2002,Q3,7,July,2002-07,28,12,5,Friday,0
20020715,2002-07-15,2002,Q3,7,July,2002-07,29,15,1,Monday,0
20020716,2002-07-16,2002,Q3,7,July,2002-07,29,16,2,Tuesday,0
20020717,2002-07-17,2002,Q3,7,July,2002-07,29,17,3,Wednesday,0
20020718,2002-07-18,2002,Q3,7,July,2002-07,29,18,4,Thursday,0
20020719,2002-07-19,2002,Q3,7,July,2002-07,29,19,5,Friday,0
20020722,2002-07-22,2002,Q3,7,July,2002-07,30,22,1,Monday,0
20020723,2002-07-23,2002,Q3,7,July,2002-07,30,23,2,Tuesday,0
20020724,2002-07-24,2002,Q3,7,July,2002-07,30,24,3,Wednesday,0
20020725,2002-07-25,2002,Q3,7,July,2002-07,30,25,4,Thursday,0
20020726,2002-07-26,2002,Q3,7,July,2002-07,30,26,5,Friday,0
20020729,2002-07-29,2002,Q3,7,July,2002-07,31,29,1,Monday,0
20020730,2002-07-30,2002,Q3,7,July,2002-07,31,30,2,Tuesday,0
20020731,2002-07-31,2002,Q3,7,July,2002-07,31,31,3,Wednesday,0
20020801,2002-08-01,2002,Q3,8,August,2002-08,31,1,4,Thursday,0
20020802,2002-08-02,2002,Q3,8,August,2002-08,31,2,5,Friday,0
20020805,2002-08-05,2002,Q3,8,August,2002-08,32,5,1,Monday,0
20020806,2002-08-06,2002,Q3,8,August,2002-08,32,6,2,Tuesday,0
20020807,2002-08-07,2002,Q3,8,August,2002-08,32,7,3,Wednesday,0
20020808,2002-08-08,2002,Q3,8,August,2002-08,32,8,4,Thursday,0
20020809,2002-08-09,2002,Q3,8,August,2002-08,32,9,5,Friday,0
20020812,2002-08-12,2002,Q3,8,August,2002-08,33,12,1,Monday,0
20020813,2002-08-13,2002,Q3,8,August,2002-08,33,13,2,Tuesday,0
20020814,2002-08-14,2002,Q3,8,August,2002-08,33,14,3,Wednesday,0
20020816,2002-08-16,2002,Q3,8,August,2002-08,33,16,5,Friday,0
20020819,2002-08-19,2002,Q3,8,August,2002-08,34,19,1,Monday,0
20020820,2002-08-20,2002,Q3,8,August,2002-08,34,20,2,Tuesday,0
20020821,2002-08-21,2002,Q3,8,August,2002-08,34,21,3,Wednesday,0
20020822,2002-08-22,2002,Q3,8,August,2002-08,34,22,4,Thursday,0
20020823,2002-08-23,2002,Q3,8,August,2002-08,34,23,5,Friday,0
20020826,2002-08-26,2002,Q3,8,August,2002-08,35,26,1,Monday,0
20020827,2002-08-27,2002,Q3,8,August,2002-08,35,27,2,Tuesday,0
20020828,2002-08-28,2002,Q3,8,August,2002-08,35,28,3,Wednesday,0
20020829,2002-08-29,2002,Q3,8,August,2002-08,35,29,4,Thursday,0
20020830,2002-08-30,2002,Q3,8,August,2002-08,35,30,5,Friday,0
20020902,2002-09-02,2002,Q3,9,September,2002-09,36,2,1,Monday,0
20020903,2002-09-03,2002,Q3,9,September,2002-09,36,3,2,Tuesday,0
20020904,2002-09-04,2002,Q3,9,September,2002-09,36,4,3,Wednesday,0
20020905,2002-09-05,2002,Q3,9,September,2002-09,36,5,4,Thursday,0
20020906,2002-09-06,2002,Q3,9,September,2002-09,36,6,5,Friday,0
20020909,2002-09-09,2002,Q3,9,September,2002-09,37,9,1,Monday,0
20020911,2002-09-11,2002,Q3,9,September,2002-09,37,11,3,Wednesday,0
20020912,2002-09-12,2002,Q3,9,September,2002-09,37,12,4,Thursday,0
20020913,2002-09-13,2002,Q3,9,September,2002-09,37,13,5,Friday,0
20020916,2002-09-16,2002,Q3,9,September,2002-09,38,16,1,Monday,0
20020917,2002-09-17,2002,Q3,9,September,2002-09,38,17,2,Tuesday,0
20020918,2002-09-18,2002,Q3,9,September,2002-09,38,18,3,Wednesday,0
20020919,2002-09-19,2002,Q3,9,September,2002-09,38,19,4,Thursday,0
20020920,2002-09-20,2002,Q3,9,September,2002-09,38,20,5,Friday,0
20020923,2002-09-23,2002,Q3,9,September,2002-09,39,23,1,Monday,0
20020924,2002-09-24,2002,Q3,9,September,2002-09,39,24,2,Tuesday,0
20020925,2002-09-25,2002,Q3,9,September,2002-09,39,25,3,Wednesday,0
20020926,2002-09-26,2002,Q3,9,September,2002-09,39,26,4,Thursday,0
20020927,2002-09-27,2002,Q3,9,September,2002-09,39,27,5,Friday,0
20020930,2002-09-30,2002,Q3,9,September,2002-09,40,30,1,Monday,0
20021001,2002-10-01,2002,Q4,10,October,2002-10,40,1,2,Tuesday,0
20021003,2002-10-03,2002,Q4,10,October,2002-10,40,3,4,Thursday,0
20021004,2002-10-04,2002,Q4,10,October,2002-10,40,4,5,Friday,0
20021007,2002-10-07,2002,Q4,10,October,2002-10,41,7,1,Monday,0
20021008,2002-10-08,2002,Q4,10,October,2002-10,41,8,2,Tuesday,0
20021009,2002-10-09,2002,Q4,10,October,2002-10,41,9,3,Wednesday,0
20021010,2002-10-10,2002,Q4,10,October,2002-10,41,10,4,Thursday,0
20021011,2002-10-11,2002,Q4,10,October,2002-10,41,11,5,Friday,0
20021014,2002-10-14,2002,Q4,10,October,2002-10,42,14,1,Monday,0
20021016,2002-10-16,2002,Q4,10,October,2002-10,42,16,3,Wednesday,0
20021017,2002-10-17,2002,Q4,10,October,2002-10,42,17,4,Thursday,0
20021018,2002-10-18,2002,Q4,10,October,2002-10,42,18,5,Friday,0
20021021,2002-10-21,2002,Q4,10,October,2002-10,43,21,1,Monday,0
20021022,2002-10-22,2002,Q4,10,October,2002-10,43,22,2,Tuesday,0
20021023,2002-10-23,2002,Q4,10,October,2002-10,43,23,3,Wednesday,0
20021024,2002-10-24,2002,Q4,10,October,2002-10,43,24,4,Thursday,0
20021025,2002-10-25,2002,Q4,10,October,2002-10,43,25,5,Friday,0
20021028,2002-10-28,2002,Q4,10,October,2002-10,44,28,1,Monday,0
20021029,2002-10-29,2002,Q4,10,October,2002-10,44,29,2,Tuesday,0
20021030,2002-10-30,2002,Q4,10,October,2002-10,44,30,3,Wednesday,0
20021031,2002-10-31,2002,Q4,10,October,2002-10,44,31,4,Thursday,0
20021101,2002-11-01,2002,Q4,11,November,2002-11,44,1,5,Friday,0
20021104,2002-11-04,2002,Q4,11,November,2002-11,45,4,1,Monday,0
20021105,2002-11-05,2002,Q4,11,November,2002-11,45,5,2,Tuesday,0
20021107,2002-11-07,2002,Q4,11,November,2002-11,45,7,4,Thursday,0
20021108,2002-11-08,2002,Q4,11,November,2002-11,45,8,5,Friday,0
20021111,2002-11-11,2002,Q4,11,November,2002-11,46,11,1,Monday,0
20021112,2002-11-12,2002,Q4,11,November,2002-11,46,12,2,Tuesday,0
20021113,2002-11-13,2002,Q4,11,November,2002-11,46,13,3,Wednesday,0
20021114,2002-11-14,2002,Q4,11,November,2002-11,46,14,4,Thursday,0
20021115,2002-11-15,2002,Q4,11,November,2002-11,46,15,5,Friday,0
20021118,2002-11-18,2002,Q4,11,November,2002-11,47,18,1,Monday,0
20021120,2002-11-20,2002,Q4,11,November,2002-11,47,20,3,Wednesday,0
20021121,2002-11-21,2002,Q4,11,November,2002-11,47,21,4,Thursday,0
20021122,2002-11-22,2002,Q4,11,November,2002-11,47,22,5,Friday,0
20021125,2002-11-25,2002,Q4,11,November,2002-11,48,25,1,Monday,0
20021126,2002-11-26,2002,Q4,11,November,2002-11,48,26,2,Tuesday,0
20021127,2002-11-27,2002,Q4,11,November,2002-11,48,27,3,Wednesday,0
20021128,2002-11-28,2002,Q4,11,November,2002-11,48,28,4,Thursday,0
20021129,2002-11-29,2002,Q4,11,November,2002-11,48,29,5,Friday,0
20021202,2002-12-02,2002,Q4,12,December,2002-12,49,2,1,Monday,0
20021203,2002-12-03,2002,Q4,12,December,2002-12,49,3,2,Tuesday,0
20021204,2002-12-04,2002,Q4,12,December,2002-12,49,4,3,Wednesday,0
20021205,2002-12-05,2002,Q4,12,December,2002-12,49,5,4,Thursday,0
20021206,2002-12-06,2002,Q4,12,December,2002-12,49,6,5,Friday,0
20021209,2002-12-09,2002,Q4,12,December,2002-12,50,9,1,Monday,0
20021210,2002-12-10,2002,Q4,12,December,2002-12,50,10,2,Tuesday,0
20021211,2002-12-11,2002,Q4,12,December,2002-12,50,11,3,Wednesday,0
20021212,2002-12-12,2002,Q4,12,December,2002-12,50,12,4,Thursday,0
20021213,2002-12-13,2002,Q4,12,December,2002-12,50,13,5,Friday,0
20021216,2002-12-16,2002,Q4,12,December,2002-12,51,16,1,Monday,0
20021217,2002-12-17,2002,Q4,12,December,2002-12,51,17,2,Tuesday,0
20021218,2002-12-18,2002,Q4,12,December,2002-12,51,18,3,Wednesday,0
20021219,2002-12-19,2002,Q4,12,December,2002-12,51,19,4,Thursday,0
20021220,2002-12-20,2002,Q4,12,December,2002-12,51,20,5,Friday,0
20021223,2002-12-23,2002,Q4,12,December,2002-12,52,23,1,Monday,0
20021224,2002-12-24,2002,Q4,12,December,2002-12,52,24,2,Tuesday,0
20021226,2002-12-26,2002,Q4,12,December,2002-12,52,26,4,Thursday,0
20021227,2002-12-27,2002,Q4,12,December,2002-12,52,27,5,Friday,0
20021230,2002-12-30,2002,Q4,12,December,2002-12,1,30,1,Monday,0
20021231,2002-12-31,2002,Q4,12,December,2002-12,1,31,2,Tuesday,0
20030101,2003-01-01,2003,Q1,1,January,2003-01,1,1,3,Wednesday,0
20030102,2003-01-02,2003,Q1,1,January,2003-01,1,2,4,Thursday,0
20030103,2003-01-03,2003,Q1,1,January,2003-01,1,3,5,Friday,0
20030106,2003-01-06,2003,Q1,1,January,2003-01,2,6,1,Monday,0
20030107,2003-01-07,2003,Q1,1,January,2003-01,2,7,2,Tuesday,0
20030108,2003-01-08,2003,Q1,1,January,2003-01,2,8,3,Wednesday,0
20030109,2003-01-09,2003,Q1,1,January,2003-01,2,9,4,Thursday,0
20030110,2003-01-10,2003,Q1,1,January,2003-01,2,10,5,Friday,0
20030113,2003-01-13,2003,Q1,1,January,2003-01,3,13,1,Monday,0
20030114,2003-01-14,2003,Q1,1,January,2003-01,3,14,2,Tuesday,0
20030115,2003-01-15,2003,Q1,1,January,2003-01,3,15,3,Wednesday,0
20030116,2003-01-16,2003,Q1,1,January,2003-01,3,16,4,Thursday,0
20030117,2003-01-17,2003,Q1,1,January,2003-01,3,17,5,Friday,0
20030120,2003-01-20,2003,Q1,1,January,2003-01,4,20,1,Monday,0
20030121,2003-01-21,2003,Q1,1,January,2003-01,4,21,2,Tuesday,0
20030122,2003-01-22,2003,Q1,1,January,2003-01,4,22,3,Wednesday,0
20030123,2003-01-23,2003,Q1,1,January,2003-01,4,23,4,Thursday,0
20030124,2003-01-24,2003,Q1,1,January,2003-01,4,24,5,Friday,0
20030127,2003-01-27,2003,Q1,1,January,2003-01,5,27,1,Monday,0
20030128,2003-01-28,2003,Q1,1,January,2003-01,5,28,2,Tuesday,0
20030129,2003-01-29,2003,Q1,1,January,2003-01,5,29,3,Wednesday,0
20030130,2003-01-30,2003,Q1,1,January,2003-01,5,30,4,Thursday,0
20030131,2003-01-31,2003,Q1,1,January,2003-01,5,31,5,Friday,0
20030203,2003-02-03,2003,Q1,2,February,2003-02,6,3,1,Monday,0
20030204,2003-02-04,2003,Q1,2,February,2003-02,6,4,2,Tuesday,0
20030205,2003-02-05,2003,Q1,2,February,2003-02,6,5,3,Wednesday,0
20030206,2003-02-06,2003,Q1,2,February,2003-02,6,6,4,Thursday,0
20030207,2003-02-07,2003,Q1,2,February,2003-02,6,7,5,Friday,0
20030210,2003-02-10,2003,Q1,2,February,2003-02,7,10,1,Monday,0
20030211,2003-02-11,2003,Q1,2,February,2003-02,7,11,2,Tuesday,0
20030212,2003-02-12,2003,Q1,2,February,2003-02,7,12,3,Wednesday,0
20030214,2003-02-14,2003,Q1,2,February,2003-02,7,14,5,Friday,0
20030217,2003-02-17,2003,Q1,2,February,2003-02,8,17,1,Monday,0
20030218,2003-02-18,2003,Q1,2,February,2003-02,8,18,2,Tuesday,0
20030219,2003-02-19,2003,Q1,2,February,2003-02,8,19,3,Wednesday,0
20030220,2003-02-20,2003,Q1,2,February,2003-02,8,20,4,Thursday,0
20030221,2003-02-21,2003,Q1,2,February,2003-02,8,21,5,Friday,0
20030224,2003-02-24,2003,Q1,2,February,2003-02,9,24,1,Monday,0
20030225,2003-02-25,2003,Q1,2,February,2003-02,9,25,2,Tuesday,0
20030226,2003-02-26,2003,Q1,2,February,2003-02,9,26,3,Wednesday,0
20030227,2003-02-27,2003,Q1,2,February,2003-02,9,27,4,Thursday,0
20030228,2003-02-28,2003,Q1,2,February,2003-02,9,28,5,Friday,0
20030303,2003-03-03,2003,Q1,3,March,2003-03,10,3,1,Monday,0
20030304,2003-03-04,2003,Q1,3,March,2003-03,10,4,2,Tuesday,0
20030305,2003-03-05,2003,Q1,3,March,2003-03,10,5,3,Wednesday,0
20030306,2003-03-06,2003,Q1,3,March,2003-03,10,6,4,Thursday,0
20030307,2003-03-07,2003,Q1,3,March,2003-03,10,7,5,Friday,0
20030310,2003-03-10,2003,Q1,3,March,2003-03,11,10,1,Monday,0
20030311,2003-03-11,2003,Q1,3,March,2003-03,11,11,2,Tuesday,0
20030312,2003-03-12,2003,Q1,3,March,2003-03,11,12,3,Wednesday,0
20030313,2003-03-13,2003,Q1,3,March,2003-03,11,13,4,Thursday,0
20030317,2003-03-17,2003,Q1,3,March,2003-03,12,17,1,Monday,0
20030319,2003-03-19,2003,Q1,3,March,2003-03,12,19,3,Wednesday,0
20030320,2003-03-20,2003,Q1,3,March,2003-03,12,20,4,Thursday,0
20030321,2003-03-21,2003,Q1,3,March,2003-03,12,21,5,Friday,0
20030324,2003-03-24,2003,Q1,3,March,2003-03,13,24,1,Monday,0
20030325,2003-03-25,2003,Q1,3,March,2003-03,13,25,2,Tuesday,0
20030326,2003-03-26,2003,Q1,3,March,2003-03,13,26,3,Wednesday,0
20030327,2003-03-27,2003,Q1,3,March,2003-03,13,27,4,Thursday,0
20030328,2003-03-28,2003,Q1,3,March,2003-03,13,28,5,Friday,0
20030331,2003-03-31,2003,Q1,3,March,2003-03,14,31,1,Monday,0
20030401,2003-04-01,2003,Q2,4,April,2003-04,14,1,2,Tuesday,0
20030402,2003-04-02,2003,Q2,4,April,2003-04,14,2,3,Wednesday,0
20030403,2003-04-03,2003,Q2,4,April,2003-04,14,3,4,Thursday,0
20030404,2003-04-04,2003,Q2,4,April,2003-04,14,4,5,Friday,0
20030407,2003-04-07,2003,Q2,4,April,2003-04,15,7,1,Monday,0
20030408,2003-04-08,2003,Q2,4,April,2003-04,15,8,2,Tuesday,0
20030409,2003-04-09,2003,Q2,4,April,2003-04,15,9,3,Wednesday,0
20030410,2003-04-10,2003,Q2,4,April,2003-04,15,10,4,Thursday,0
20030411,2003-04-11,2003,Q2,4,April,2003-04,15,11,5,Friday,0
20030415,2003-04-15,2003,Q2,4,April,2003-04,16,15,2,Tuesday,0
20030416,2003-04-16,2003,Q2,4,April,2003-04,16,16,3,Wednesday,0
20030417,2003-04-17,2003,Q2,4,April,2003-04,16,17,4,Thursday,0
20030421,2003-04-21,2003,Q2,4,April,2003-04,17,21,1,Monday,0
20030422,2003-04-22,2003,Q2,4,April,2003-04,17,22,2,Tuesday,0
20030423,2003-04-23,2003,Q2,4,April,2003-04,17,23,3,Wednesday,0
20030424,2003-04-24,2003,Q2,4,April,2003-04,17,24,4,Thursday,0
20030425,2003-04-25,2003,Q2,4,April,2003-04,17,25,5,Friday,0
20030428,2003-04-28,2003,Q2,4,April,2003-04,18,28,1,Monday,0
20030429,2003-04-29,2003,Q2,4,April,2003-04,18,29,2,Tuesday,0
20030430,2003-04-30,2003,Q2,4,April,2003-04,18,30,3,Wednesday,0
20030502,2003-05-02,2003,Q2,5,May,2003-05,18,2,5,Friday,0
20030505,2003-05-05,2003,Q2,5,May,2003-05,19,5,1,Monday,0
20030506,2003-05-06,2003,Q2,5,May,2003-05,19,6,2,Tuesday,0
20030507,2003-05-07,2003,Q2,5,May,2003-05,19,7,3,Wednesday,0
20030508,2003-05-08,2003,Q2,5,May,2003-05,19,8,4,Thursday,0
20030509,2003-05-09,2003,Q2,5,May,2003-05,19,9,5,Friday,0
20030512,2003-05-12,2003,Q2,5,May,2003-05,20,12,1,Monday,0
20030513,2003-05-13,2003,Q2,5,May,2003-05,20,13,2,Tuesday,0
20030514,2003-05-14,2003,Q2,5,May,2003-05,20,14,3,Wednesday,0
20030515,2003-05-15,2003,Q2,5,May,2003-05,20,15,4,Thursday,0
20030516,2003-05-16,2003,Q2,5,May,2003-05,20,16,5,Friday,0
20030519,2003-05-19,2003,Q2,5,May,2003-05,21,19,1,Monday,0
20030520,2003-05-20,2003,Q2,5,May,2003-05,21,20,2,Tuesday,0
20030521,2003-05-21,2003,Q2,5,May,2003-05,21,21,3,Wednesday,0
20030522,2003-05-22,2003,Q2,5,May,2003-05,21,22,4,Thursday,0
20030523,2003-05-23,2003,Q2,5,May,2003-05,21,23,5,Friday,0
20030526,2003-05-26,2003,Q2,5,May,2003-05,22,26,1,Monday,0
20030527,2003-05-27,2003,Q2,5,May,2003-05,22,27,2,Tuesday,0
20030528,2003-05-28,2003,Q2,5,May,2003-05,22,28,3,Wednesday,0
20030529,2003-05-29,2003,Q2,5,May,2003-05,22,29,4,Thursday,0
20030530,2003-05-30,2003,Q2,5,May,2003-05,22,30,5,Friday,0
20030602,2003-06-02,2003,Q2,6,June,2003-06,23,2,1,Monday,0
20030603,2003-06-03,2003,Q2,6,June,2003-06,23,3,2,Tuesday,0
20030604,2003-06-04,2003,Q2,6,June,2003-06,23,4,3,Wednesday,0
20030605,2003-06-05,2003,Q2,6,June,2003-06,23,5,4,Thursday,0
20030606,2003-06-06,2003,Q2,6,June,2003-06,23,6,5,Friday,0
20030609,2003-06-09,2003,Q2,6,June,2003-06,24,9,1,Monday,0
20030610,2003-06-10,2003,Q2,6,June,2003-06,24,10,2,Tuesday,0
20030611,2003-06-11,2003,Q2,6,June,2003-06,24,11,3,Wednesday,0
20030612,2003-06-12,2003,Q2,6,June,2003-06,24,12,4,Thursday,0
20030613,2003-06-13,2003,Q2,6,June,2003-06,24,13,5,Friday,0
20030616,2003-06-16,2003,Q2,6,June,2003-06,25,16,1,Monday,0
20030617,2003-06-17,2003,Q2,6,June,2003-06,25,17,2,Tuesday,0
20030618,2003-06-18,2003,Q2,6,June,2003-06,25,18,3,Wednesday,0
20030619,2003-06-19,2003,Q2,6,June,2003-06,25,19,4,Thursday,0
20030620,2003-06-20,2003,Q2,6,June,2003-06,25,20,5,Friday,0
20030623,2003-06-23,2003,Q2,6,June,2003-06,26,23,1,Monday,0
20030624,2003-06-24,2003,Q2,6,June,2003-06,26,24,2,Tuesday,0
20030625,2003-06-25,2003,Q2,6,June,2003-06,26,25,3,Wednesday,0
20030626,2003-06-26,2003,Q2,6,June,2003-06,26,26,4,Thursday,0
20030627,2003-06-27,2003,Q2,6,June,2003-06,26,27,5,Friday,0
20030630,2003-06-30,2003,Q2,6,June,2003-06,27,30,1,Monday,0
20030701,2003-07-01,2003,Q3,7,July,2003-07,27,1,2,Tuesday,0
20030702,2003-07-02,2003,Q3,7,July,2003-07,27,2,3,Wednesday,0
20030703,2003-07-03,2003,Q3,7,July,2003-07,27,3,4,Thursday,0
20030704,2003-07-04,2003,Q3,7,July,2003-07,27,4,5,Friday,0
20030707,2003-07-07,2003,Q3,7,July,2003-07,28,7,1,Monday,0
20030708,2003-07-08,2003,Q3,7,July,2003-07,28,8,2,Tuesday,0
20030709,2003-07-09,2003,Q3,7,July,2003-07,28,9,3,Wednesday,0
20030710,2003-07-10,2003,Q3,7,July,2003-07,28,10,4,Thursday,0
20030711,2003-07-11,2003,Q3,7,July,2003-07,28,11,5,Friday,0
20030714,2003-07-14,2003,Q3,7,July,2003-07,29,14,1,Monday,0
20030715,2003-07-15,2003,Q3,7,July,2003-07,29,15,2,Tuesday,0
20030716,2003-07-16,2003,Q3,7,July,2003-07,29,16,3,Wednesday,0
20030717,2003-07-17,2003,Q3,7,July,2003-07,29,17,4,Thursday,0
20030718,2003-07-18,2003,Q3,7,July,2003-07,29,18,5,Friday,0
20030721,2003-07-21,2003,Q3,7,July,2003-07,30,21,1,Monday,0
20030722,2003-07-22,2003,Q3,7,July,2003-07,30,22,2,Tuesday,0
20030723,2003-07-23,2003,Q3,7,July,2003-07,30,23,3,Wednesday,0
20030724,2003-07-24,2003,Q3,7,July,2003-07,30,24,4,Thursday,0
20030725,2003-07-25,2003,Q3,7,July,2003-07,30,25,5,Friday,0
20030728,2003-07-28,2003,Q3,7,July,2003-07,31,28,1,Monday,0
20030729,2003-07-29,2003,Q3,7,July,2003-07,31,29,2,Tuesday,0
20030730,2003-07-30,2003,Q3,7,July,2003-07,31,30,3,Wednesday,0
20030731,2003-07-31,2003,Q3,7,July,2003-07,31,31,4,Thursday,0
20030801,2003-08-01,2003,Q3,8,August,2003-08,31,1,5,Friday,0
20030804,2003-08-04,2003,Q3,8,August,2003-08,32,4,1,Monday,0
20030805,2003-08-05,2003,Q3,8,August,2003-08,32,5,2,Tuesday,0
20030806,2003-08-06,2003,Q3,8,August,2003-08,32,6,3,Wednesday,0
20030807,2003-08-07,2003,Q3,8,August,2003-08,32,7,4,Thursday,0
20030808,2003-08-08,2003,Q3,8,August,2003-08,32,8,5,Friday,0
20030811,2003-08-11,2003,Q3,8,August,2003-08,33,11,1,Monday,0
20030812,2003-08-12,2003,Q3,8,August,2003-08,33,12,2,Tuesday,0
20030813,2003-08-13,2003,Q3,8,August,2003-08,33,13,3,Wednesday,0
20030814,2003-08-14,2003,Q3,8,August,2003-08,33,14,4,Thursday,0
20030818,2003-08-18,2003,Q3,8,August,2003-08,34,18,1,Monday,0
20030819,2003-08-19,2003,Q3,8,August,2003-08,34,19,2,Tuesday,0
20030820,2003-08-20,2003,Q3,8,August,2003-08,34,20,3,Wednesday,0
20030821,2003-08-21,2003,Q3,8,August,2003-08,34,21,4,Thursday,0
20030822,2003-08-22,2003,Q3,8,August,2003-08,34,22,5,Friday,0
20030825,2003-08-25,2003,Q3,8,August,2003-08,35,25,1,Monday,0
20030826,2003-08-26,2003,Q3,8,August,2003-08,35,26,2,Tuesday,0
20030827,2003-08-27,2003,Q3,8,August,2003-08,35,27,3,Wednesday,0
20030828,2003-08-28,2003,Q3,8,August,2003-08,35,28,4,Thursday,0
20030829,2003-08-29,2003,Q3,8,August,2003-08,35,29,5,Friday,0
20030901,2003-09-01,2003,Q3,9,September,2003-09,36,1,1,Monday,0
20030902,2003-09-02,2003,Q3,9,September,2003-09,36,2,2,Tuesday,0
20030903,2003-09-03,2003,Q3,9,September,2003-09,36,3,3,Wednesday,0
20030904,2003-09-04,2003,Q3,9,September,2003-09,36,4,4,Thursday,0
20030905,2003-09-05,2003,Q3,9,September,2003-09,36,5,5,Friday,0
20030908,2003-09-08,2003,Q3,9,September,2003-09,37,8,1,Monday,0
20030909,2003-09-09,2003,Q3,9,September,2003-09,37,9,2,Tuesday,0
20030910,2003-09-10,2003,Q3,9,September,2003-09,37,10,3,Wednesday,0
20030911,2003-09-11,2003,Q3,9,September,2003-09,37,11,4,Thursday,0
20030912,2003-09-12,2003,Q3,9,September,2003-09,37,12,5,Friday,0
20030915,2003-09-15,2003,Q3,9,September,2003-09,38,15,1,Monday,0
20030916,2003-09-16,2003,Q3,9,September,2003-09,38,16,2,Tuesday,0
20030917,2003-09-17,2003,Q3,9,September,2003-09,38,17,3,Wednesday,0
20030918,2003-09-18,2003,Q3,9,September,2003-09,38,18,4,Thursday,0
20030919,2003-09-19,2003,Q3,9,September,2003-09,38,19,5,Friday,0
20030922,2003-09-22,2003,Q3,9,September,2003-09,39,22,1,Monday,0
20030923,2003-09-23,2003,Q3,9,September,2003-09,39,23,2,Tuesday,0
20030924,2003-09-24,2003,Q3,9,September,2003-09,39,24,3,Wednesday,0
20030925,2003-09-25,2003,Q3,9,September,2003-09,39,25,4,Thursday,0
20030926,2003-09-26,2003,Q3,9,September,2003-09,39,26,5,Friday,0
20030929,2003-09-29,2003,Q3,9,September,2003-09,40,29,1,Monday,0
20030930,2003-09-30,2003,Q3,9,September,2003-09,40,30,2,Tuesday,0
20031001,2003-10-01,2003,Q4,10,October,2003-10,40,1,3,Wednesday,0
20031003,2003-10-03,2003,Q4,10,October,2003-10,40,3,5,Friday,0
20031006,2003-10-06,2003,Q4,10,October,2003-10,41,6,1,Monday,0
20031007,2003-10-07,2003,Q4,10,October,2003-10,41,7,2,Tuesday,0
20031008,2003-10-08,2003,Q4,10,October,2003-10,41,8,3,Wednesday,0
20031009,2003-10-09,2003,Q4,10,October,2003-10,41,9,4,Thursday,0
20031010,2003-10-10,2003,Q4,10,October,2003-10,41,10,5,Friday,0
20031013,2003-10-13,2003,Q4,10,October,2003-10,42,13,1,Monday,0
20031014,2003-10-14,2003,Q4,10,October,2003-10,42,14,2,Tuesday,0
20031015,2003-10-15,2003,Q4,10,October,2003-10,42,15,3,Wednesday,0
20031016,2003-10-16,2003,Q4,10,October,2003-10,42,16,4,Thursday,0
20031017,2003-10-17,2003,Q4,10,October,2003-10,42,17,5,Friday,0
20031020,2003-10-20,2003,Q4,10,October,2003-10,43,20,1,Monday,0
20031021,2003-10-21,2003,Q4,10,October,2003-10,43,21,2,Tuesday,0
20031022,2003-10-22,2003,Q4,10,October,2003-10,43,22,3,Wednesday,0
20031023,2003-10-23,2003,Q4,10,October,2003-10,43,23,4,Thursday,0
20031024,2003-10-24,2003,Q4,10,October,2003-10,43,24,5,Friday,0
20031027,2003-10-27,2003,Q4,10,October,2003-10,44,27,1,Monday,0
20031028,2003-10-28,2003,Q4,10,October,2003-10,44,28,2,Tuesday,0
20031029,2003-10-29,2003,Q4,10,October,2003-10,44,29,3,Wednesday,0
20031030,2003-10-30,2003,Q4,10,October,2003-10,44,30,4,Thursday,0
20031031,2003-10-31,2003,Q4,10,October,2003-10,44,31,5,Friday,0
20031103,2003-11-03,2003,Q4,11,November,2003-11,45,3,1,Monday,0
20031104,2003-11-04,2003,Q4,11,November,2003-11,45,4,2,Tuesday,0
20031105,2003-11-05,2003,Q4,11,November,2003-11,45,5,3,Wednesday,0
20031106,2003-11-06,2003,Q4,11,November,2003-11,45,6,4,Thursday,0
20031107,2003-11-07,2003,Q4,11,November,2003-11,45,7,5,Friday,0
20031110,2003-11-10,2003,Q4,11,November,2003-11,46,10,1,Monday,0
20031111,2003-11-11,2003,Q4,11,November,2003-11,46,11,2,Tuesday,0
20031112,2003-11-12,2003,Q4,11,November,2003-11,46,12,3,Wednesday,0
20031113,2003-11-13,2003,Q4,11,November,2003-11,46,13,4,Thursday,0
20031114,2003-11-14,2003,Q4,11,November,2003-11,46,14,5,Friday,0
20031117,2003-11-17,2003,Q4,11,November,2003-11,47,17,1,Monday,0
20031118,2003-11-18,2003,Q4,11,November,2003-11,47,18,2,Tuesday,0
20031119,2003-11-19,2003,Q4,11,November,2003-11,47,19,3,Wednesday,0
20031120,2003-11-20,2003,Q4,11,November,2003-11,47,20,4,Thursday,0
20031121,2003-11-21,2003,Q4,11,November,2003-11,47,21,5,Friday,0
20031124,2003-11-24,2003,Q4,11,November,2003-11,48,24,1,Monday,0
20031125,2003-11-25,2003,Q4,11,November,2003-11,48,25,2,Tuesday,0
20031127,2003-11-27,2003,Q4,11,November,2003-11,48,27,4,Thursday,0
20031128,2003-11-28,2003,Q4,11,November,2003-11,48,28,5,Friday,0
20031201,2003-12-01,2003,Q4,12,December,2003-12,49,1,1,Monday,0
20031202,2003-12-02,2003,Q4,12,December,2003-12,49,2,2,Tuesday,0
20031203,2003-12-03,2003,Q4,12,December,2003-12,49,3,3,Wednesday,0
20031204,2003-12-04,2003,Q4,12,December,2003-12,49,4,4,Thursday,0
20031205,2003-12-05,2003,Q4,12,December,2003-12,49,5,5,Friday,0
20031208,2003-12-08,2003,Q4,12,December,2003-12,50,8,1,Monday,0
20031209,2003-12-09,2003,Q4,12,December,2003-12,50,9,2,Tuesday,0
20031210,2003-12-10,2003,Q4,12,December,2003-12,50,10,3,Wednesday,0
20031211,2003-12-11,2003,Q4,12,December,2003-12,50,11,4,Thursday,0
20031212,2003-12-12,2003,Q4,12,December,2003-12,50,12,5,Friday,0
20031215,2003-12-15,2003,Q4,12,December,2003-12,51,15,1,Monday,0
20031216,2003-12-16,2003,Q4,12,December,2003-12,51,16,2,Tuesday,0
20031217,2003-12-17,2003,Q4,12,December,2003-12,51,17,3,Wednesday,0
20031218,2003-12-18,2003,Q4,12,December,2003-12,51,18,4,Thursday,0
20031219,2003-12-19,2003,Q4,12,December,2003-12,51,19,5,Friday,0
20031222,2003-12-22,2003,Q4,12,December,2003-12,52,22,1,Monday,0
20031223,2003-12-23,2003,Q4,12,December,2003-12,52,23,2,Tuesday,0
20031224,2003-12-24,2003,Q4,12,December,2003-12,52,24,3,Wednesday,0
20031226,2003-12-26,2003,Q4,12,December,2003-12,52,26,5,Friday,0
20031229,2003-12-29,2003,Q4,12,December,2003-12,1,29,1,Monday,0
20031230,2003-12-30,2003,Q4,12,December,2003-12,1,30,2,Tuesday,0
20031231,2003-12-31,2003,Q4,12,December,2003-12,1,31,3,Wednesday,0
20040101,2004-01-01,2004,Q1,1,January,2004-01,1,1,4,Thursday,0
20040102,2004-01-02,2004,Q1,1,January,2004-01,1,2,5,Friday,0
20040105,2004-01-05,2004,Q1,1,January,2004-01,2,5,1,Monday,0
20040106,2004-01-06,2004,Q1,1,January,2004-01,2,6,2,Tuesday,0
20040107,2004-01-07,2004,Q1,1,January,2004-01,2,7,3,Wednesday,0
20040108,2004-01-08,2004,Q1,1,January,2004-01,2,8,4,Thursday,0
20040109,2004-01-09,2004,Q1,1,January,2004-01,2,9,5,Friday,0
20040112,2004-01-12,2004,Q1,1,January,2004-01,3,12,1,Monday,0
20040113,2004-01-13,2004,Q1,1,January,2004-01,3,13,2,Tuesday,0
20040114,2004-01-14,2004,Q1,1,January,2004-01,3,14,3,Wednesday,0
20040115,2004-01-15,2004,Q1,1,January,2004-01,3,15,4,Thursday,0
20040116,2004-01-16,2004,Q1,1,January,2004-01,3,16,5,Friday,0
20040119,2004-01-19,2004,Q1,1,January,2004-01,4,19,1,Monday,0
20040120,2004-01-20,2004,Q1,1,January,2004-01,4,20,2,Tuesday,0
20040121,2004-01-21,2004,Q1,1,January,2004-01,4,21,3,Wednesday,0
20040122,2004-01-22,2004,Q1,1,January,2004-01,4,22,4,Thursday,0
20040123,2004-01-23,2004,Q1,1,January,2004-01,4,23,5,Friday,0
20040127,2004-01-27,2004,Q1,1,January,2004-01,5,27,2,Tuesday,0
20040128,2004-01-28,2004,Q1,1,January,2004-01,5,28,3,Wednesday,0
20040129,2004-01-29,2004,Q1,1,January,2004-01,5,29,4,Thursday,0
20040130,2004-01-30,2004,Q1,1,January,2004-01,5,30,5,Friday,0
20040203,2004-02-03,2004,Q1,2,February,2004-02,6,3,2,Tuesday,0
20040204,2004-02-04,2004,Q1,2,February,2004-02,6,4,3,Wednesday,0
20040205,2004-02-05,2004,Q1,2,February,2004-02,6,5,4,Thursday,0
20040206,2004-02-06,2004,Q1,2,February,2004-02,6,6,5,Friday,0
20040209,2004-02-09,2004,Q1,2,February,2004-02,7,9,1,Monday,0
20040210,2004-02-10,2004,Q1,2,February,2004-02,7,10,2,Tuesday,0
20040211,2004-02-11,2004,Q1,2,February,2004-02,7,11,3,Wednesday,0
20040212,2004-02-12,2004,Q1,2,February,2004-02,7,12,4,Thursday,0
20040213,2004-02-13,2004,Q1,2,February,2004-02,7,13,5,Friday,0
20040216,2004-02-16,2004,Q1,2,February,2004-02,8,16,1,Monday,0
20040217,2004-02-17,2004,Q1,2,February,2004-02,8,17,2,Tuesday,0
20040218,2004-02-18,2004,Q1,2,February,2004-02,8,18,3,Wednesday,0
20040219,2004-02-19,2004,Q1,2,February,2004-02,8,19,4,Thursday,0
20040220,2004-02-20,2004,Q1,2,February,2004-02,8,20,5,Friday,0
20040223,2004-02-23,2004,Q1,2,February,2004-02,9,23,1,Monday,0
20040224,2004-02-24,2004,Q1,2,February,2004-02,9,24,2,Tuesday,0
20040225,2004-02-25,2004,Q1,2,February,2004-02,9,25,3,Wednesday,0
20040226,2004-02-26,2004,Q1,2,February,2004-02,9,26,4,Thursday,0
20040227,2004-02-27,2004,Q1,2,February,2004-02,9,27,5,Friday,0
20040301,2004-03-01,2004,Q1,3,March,2004-03,10,1,1,Monday,0
20040303,2004-03-03,2004,Q1,3,March,2004-03,10,3,3,Wednesday,0
20040304,2004-03-04,2004,Q1,3,March,2004-03,10,4,4,Thursday,0
20040305,2004-03-05,2004,Q1,3,March,2004-03,10,5,5,Friday,0
20040308,2004-03-08,2004,Q1,3,March,2004-03,11,8,1,Monday,0
20040309,2004-03-09,2004,Q1,3,March,2004-03,11,9,2,Tuesday,0
20040310,2004-03-10,2004,Q1,3,March,2004-03,11,10,3,Wednesday,0
20040311,2004-03-11,2004,Q1,3,March,2004-03,11,11,4,Thursday,0
20040312,2004-03-12,2004,Q1,3,March,2004-03,11,12,5,Friday,0
20040315,2004-03-15,2004,Q1,3,March,2004-03,12,15,1,Monday,0
20040316,2004-03-16,2004,Q1,3,March,2004-03,12,16,2,Tuesday,0
20040317,2004-03-17,2004,Q1,3,March,2004-03,12,17,3,Wednesday,0
20040318,2004-03-18,2004,Q1,3,March,2004-03,12,18,4,Thursday,0
20040319,2004-03-19,2004,Q1,3,March,2004-03,12,19,5,Friday,0
20040322,2004-03-22,2004,Q1,3,March,2004-03,13,22,1,Monday,0
20040323,2004-03-23,2004,Q1,3,March,2004-03,13,23,2,Tuesday,0
20040324,2004-03-24,2004,Q1,3,March,2004-03,13,24,3,Wednesday,0
20040325,2004-03-25,2004,Q1,3,March,2004-03,13,25,4,Thursday,0
20040326,2004-03-26,2004,Q1,3,March,2004-03,13,26,5,Friday,0
20040329,2004-03-29,2004,Q1,3,March,2004-03,14,29,1,Monday,0
20040330,2004-03-30,2004,Q1,3,March,2004-03,14,30,2,Tuesday,0
20040331,2004-03-31,2004,Q1,3,March,2004-03,14,31,3,Wednesday,0
20040401,2004-04-01,2004,Q2,4,April,2004-04,14,1,4,Thursday,0
20040402,2004-04-02,2004,Q2,4,April,2004-04,14,2,5,Friday,0
20040405,2004-04-05,2004,Q2,4,April,2004-04,15,5,1,Monday,0
20040406,2004-04-06,2004,Q2,4,April,2004-04,15,6,2,Tuesday,0
20040407,2004-04-07,2004,Q2,4,April,2004-04,15,7,3,Wednesday,0
20040408,2004-04-08,2004,Q2,4,April,2004-04,15,8,4,Thursday,0
20040412,2004-04-12,2004,Q2,4,April,2004-04,16,12,1,Monday,0
20040413,2004-04-13,2004,Q2,4,April,2004-04,16,13,2,Tuesday,0
20040415,2004-04-15,2004,Q2,4,April,2004-04,16,15,4,Thursday,0
20040416,2004-04-16,2004,Q2,4,April,2004-04,16,16,5,Friday,0
20040419,2004-04-19,2004,Q2,4,April,2004-04,17,19,1,Monday,0
20040420,2004-04-20,2004,Q2,4,April,2004-04,17,20,2,Tuesday,0
20040421,2004-04-21,2004,Q2,4,April,2004-04,17,21,3,Wednesday,0
20040422,2004-04-22,2004,Q2,4,April,2004-04,17,22,4,Thursday,0
20040423,2004-04-23,2004,Q2,4,April,2004-04,17,23,5,Friday,0
20040427,2004-04-27,2004,Q2,4,April,2004-04,18,27,2,Tuesday,0
20040428,2004-04-28,2004,Q2,4,April,2004-04,18,28,3,Wednesday,0
20040429,2004-04-29,2004,Q2,4,April,2004-04,18,29,4,Thursday,0
20040430,2004-04-30,2004,Q2,4,April,2004-04,18,30,5,Friday,0
20040503,2004-05-03,2004,Q2,5,May,2004-05,19,3,1,Monday,0
20040504,2004-05-04,2004,Q2,5,May,2004-05,19,4,2,Tuesday,0
20040505,2004-05-05,2004,Q2,5,May,2004-05,19,5,3,Wednesday,0
20040506,2004-05-06,2004,Q2,5,May,2004-05,19,6,4,Thursday,0
20040507,2004-05-07,2004,Q2,5,May,2004-05,19,7,5,Friday,0
20040510,2004-05-10,2004,Q2,5,May,2004-05,20,10,1,Monday,0
20040511,2004-05-11,2004,Q2,5,May,2004-05,20,11,2,Tuesday,0
20040512,2004-05-12,2004,Q2,5,May,2004-05,20,12,3,Wednesday,0
20040513,2004-05-13,2004,Q2,5,May,2004-05,20,13,4,Thursday,0
20040514,2004-05-14,2004,Q2,5,May,2004-05,20,14,5,Friday,0
20040517,2004-05-17,2004,Q2,5,May,2004-05,21,17,1,Monday,0
20040518,2004-05-18,2004,Q2,5,May,2004-05,21,18,2,Tuesday,0
20040519,2004-05-19,2004,Q2,5,May,2004-05,21,19,3,Wednesday,0
20040520,2004-05-20,2004,Q2,5,May,2004-05,21,20,4,Thursday,0
20040521,2004-05-21,2004,Q2,5,May,2004-05,21,21,5,Friday,0
20040524,2004-05-24,2004,Q2,5,May,2004-05,22,24,1,Monday,0
20040525,2004-05-25,2004,Q2,5,May,2004-05,22,25,2,Tuesday,0
20040526,2004-05-26,2004,Q2,5,May,2004-05,22,26,3,Wednesday,0
20040527,2004-05-27,2004,Q2,5,May,2004-05,22,27,4,Thursday,0
20040528,2004-05-28,2004,Q2,5,May,2004-05,22,28,5,Friday,0
20040531,2004-05-31,2004,Q2,5,May,2004-05,23,31,1,Monday,0
20040601,2004-06-01,2004,Q2,6,June,2004-06,23,1,2,Tuesday,0
20040602,2004-06-02,2004,Q2,6,June,2004-06,23,2,3,Wednesday,0
20040603,2004-06-03,2004,Q2,6,June,2004-06,23,3,4,Thursday,0
20040604,2004-06-04,2004,Q2,6,June,2004-06,23,4,5,Friday,0
20040607,2004-06-07,2004,Q2,6,June,2004-06,24,7,1,Monday,0
20040608,2004-06-08,2004,Q2,6,June,2004-06,24,8,2,Tuesday,0
20040609,2004-06-09,2004,Q2,6,June,2004-06,24,9,3,Wednesday,0
20040610,2004-06-10,2004,Q2,6,June,2004-06,24,10,4,Thursday,0
20040611,2004-06-11,2004,Q2,6,June,2004-06,24,11,5,Friday,0
20040614,2004-06-14,2004,Q2,6,June,2004-06,25,14,1,Monday,0
20040615,2004-06-15,2004,Q2,6,June,2004-06,25,15,2,Tuesday,0
20040616,2004-06-16,2004,Q2,6,June,2004-06,25,16,3,Wednesday,0
20040617,2004-06-17,2004,Q2,6,June,2004-06,25,17,4,Thursday,0
20040618,2004-06-18,2004,Q2,6,June,2004-06,25,18,5,Friday,0
20040621,2004-06-21,2004,Q2,6,June,2004-06,26,21,1,Monday,0
20040622,2004-06-22,2004,Q2,6,June,2004-06,26,22,2,Tuesday,0
20040623,2004-06-23,2004,Q2,6,June,2004-06,26,23,3,Wednesday,0
20040624,2004-06-24,2004,Q2,6,June,2004-06,26,24,4,Thursday,0
20040625,2004-06-25,2004,Q2,6,June,2004-06,26,25,5,Friday,0
20040628,2004-06-28,2004,Q2,6,June,2004-06,27,28,1,Monday,0
20040629,2004-06-29,2004,Q2,6,June,2004-06,27,29,2,Tuesday,0
20040630,2004-06-30,2004,Q2,6,June,2004-06,27,30,3,Wednesday,0
20040701,2004-07-01,2004,Q3,7,July,2004-07,27,1,4,Thursday,0
20040702,2004-07-02,2004,Q3,7,July,2004-07,27,2,5,Friday,0
20040705,2004-07-05,2004,Q3,7,July,2004-07,28,5,1,Monday,0
20040706,2004-07-06,2004,Q3,7,July,2004-07,28,6,2,Tuesday,0
20040707,2004-07-07,2004,Q3,7,July,2004-07,28,7,3,Wednesday,0
20040708,2004-07-08,2004,Q3,7,July,2004-07,28,8,4,Thursday,0
20040709,2004-07-09,2004,Q3,7,July,2004-07,28,9,5,Friday,0
20040712,2004-07-12,2004,Q3,7,July,2004-07,29,12,1,Monday,0
20040713,2004-07-13,2004,Q3,7,July,2004-07,29,13,2,Tuesday,0
20040714,2004-07-14,2004,Q3,7,July,2004-07,29,14,3,Wednesday,0
20040715,2004-07-15,2004,Q3,7,July,2004-07,29,15,4,Thursday,0
20040716,2004-07-16,2004,Q3,7,July,2004-07,29,16,5,Friday,0
20040719,2004-07-19,2004,Q3,7,July,2004-07,30,19,1,Monday,0
20040720,2004-07-20,2004,Q3,7,July,2004-07,30,20,2,Tuesday,0
20040721,2004-07-21,2004,Q3,7,July,2004-07,30,21,3,Wednesday,0
20040722,2004-07-22,2004,Q3,7,July,2004-07,30,22,4,Thursday,0
20040723,2004-07-23,2004,Q3,7,July,2004-07,30,23,5,Friday,0
20040726,2004-07-26,2004,Q3,7,July,2004-07,31,26,1,Monday,0
20040727,2004-07-27,2004,Q3,7,July,2004-07,31,27,2,Tuesday,0
20040728,2004-07-28,2004,Q3,7,July,2004-07,31,28,3,Wednesday,0
20040729,2004-07-29,2004,Q3,7,July,2004-07,31,29,4,Thursday,0
20040730,2004-07-30,2004,Q3,7,July,2004-07,31,30,5,Friday,0
20040802,2004-08-02,2004,Q3,8,August,2004-08,32,2,1,Monday,0
20040803,2004-08-03,2004,Q3,8,August,2004-08,32,3,2,Tuesday,0
20040804,2004-08-04,2004,Q3,8,August,2004-08,32,4,3,Wednesday,0
20040805,2004-08-05,2004,Q3,8,August,2004-08,32,5,4,Thursday,0
20040806,2004-08-06,2004,Q3,8,August,2004-08,32,6,5,Friday,0
20040809,2004-08-09,2004,Q3,8,August,2004-08,33,9,1,Monday,0
20040810,2004-08-10,2004,Q3,8,August,2004-08,33,10,2,Tuesday,0
20040811,2004-08-11,2004,Q3,8,August,2004-08,33,11,3,Wednesday,0
20040812,2004-08-12,2004,Q3,8,August,2004-08,33,12,4,Thursday,0
20040813,2004-08-13,2004,Q3,8,August,2004-08,33,13,5,Friday,0
20040816,2004-08-16,2004,Q3,8,August,2004-08,34,16,1,Monday,0
20040817,2004-08-17,2004,Q3,8,August,2004-08,34,17,2,Tuesday,0
20040818,2004-08-18,2004,Q3,8,August,2004-08,34,18,3,Wednesday,0
20040819,2004-08-19,2004,Q3,8,August,2004-08,34,19,4,Thursday,0
20040820,2004-08-20,2004,Q3,8,August,2004-08,34,20,5,Friday,0
20040823,2004-08-23,2004,Q3,8,August,2004-08,35,23,1,Monday,0
20040824,2004-08-24,2004,Q3,8,August,2004-08,35,24,2,Tuesday,0
20040825,2004-08-25,2004,Q3,8,August,2004-08,35,25,3,Wednesday,0
20040826,2004-08-26,2004,Q3,8,August,2004-08,35,26,4,Thursday,0
20040827,2004-08-27,2004,Q3,8,August,2004-08,35,27,5,Friday,0
20040830,2004-08-30,2004,Q3,8,August,2004-08,36,30,1,Monday,0
20040831,2004-08-31,2004,Q3,8,August,2004-08,36,31,2,Tuesday,0
20040901,2004-09-01,2004,Q3,9,September,2004-09,36,1,3,Wednesday,0
20040902,2004-09-02,2004,Q3,9,September,2004-09,36,2,4,Thursday,0
20040903,2004-09-03,2004,Q3,9,September,2004-09,36,3,5,Friday,0
20040906,2004-09-06,2004,Q3,9,September,2004-09,37,6,1,Monday,0
20040907,2004-09-07,2004,Q3,9,September,2004-09,37,7,2,Tuesday,0
20040908,2004-09-08,2004,Q3,9,September,2004-09,37,8,3,Wednesday,0
20040909,2004-09-09,2004,Q3,9,September,2004-09,37,9,4,Thursday,0
20040910,2004-09-10,2004,Q3,9,September,2004-09,37,10,5,Friday,0
20040913,2004-09-13,2004,Q3,9,September,2004-09,38,13,1,Monday,0
20040914,2004-09-14,2004,Q3,9,September,2004-09,38,14,2,Tuesday,0
20040915,2004-09-15,2004,Q3,9,September,2004-09,38,15,3,Wednesday,0
20040916,2004-09-16,2004,Q3,9,September,2004-09,38,16,4,Thursday,0
20040917,2004-09-17,2004,Q3,9,September,2004-09,38,17,5,Friday,0
20040920,2004-09-20,2004,Q3,9,September,2004-09,39,20,1,Monday,0
20040921,2004-09-21,2004,Q3,9,September,2004-09,39,21,2,Tuesday,0
20040922,2004-09-22,2004,Q3,9,September,2004-09,39,22,3,Wednesday,0
20040923,2004-09-23,2004,Q3,9,September,2004-09,39,23,4,Thursday,0
20040924,2004-09-24,2004,Q3,9,September,2004-09,39,24,5,Friday,0
20040927,2004-09-27,2004,Q3,9,September,2004-09,40,27,1,Monday,0
20040928,2004-09-28,2004,Q3,9,September,2004-09,40,28,2,Tuesday,0
20040929,2004-09-29,2004,Q3,9,September,2004-09,40,29,3,Wednesday,0
20040930,2004-09-30,2004,Q3,9,September,2004-09,40,30,4,Thursday,0
20041001,2004-10-01,2004,Q4,10,October,2004-10,40,1,5,Friday,0
20041004,2004-10-04,2004,Q4,10,October,2004-10,41,4,1,Monday,0
20041005,2004-10-05,2004,Q4,10,October,2004-10,41,5,2,Tuesday,0
20041006,2004-10-06,2004,Q4,10,October,2004-10,41,6,3,Wednesday,0
20041007,2004-10-07,2004,Q4,10,October,2004-10,41,7,4,Thursday,0
20041008,2004-10-08,2004,Q4,10,October,2004-10,41,8,5,Friday,0
20041011,2004-10-11,2004,Q4,10,October,2004-10,42,11,1,Monday,0
20041012,2004-10-12,2004,Q4,10,October,2004-10,42,12,2,Tuesday,0
20041014,2004-10-14,2004,Q4,10,October,2004-10,42,14,4,Thursday,0
20041015,2004-10-15,2004,Q4,10,October,2004-10,42,15,5,Friday,0
20041018,2004-10-18,2004,Q4,10,October,2004-10,43,18,1,Monday,0
20041019,2004-10-19,2004,Q4,10,October,2004-10,43,19,2,Tuesday,0
20041020,2004-10-20,2004,Q4,10,October,2004-10,43,20,3,Wednesday,0
20041021,2004-10-21,2004,Q4,10,October,2004-10,43,21,4,Thursday,0
20041025,2004-10-25,2004,Q4,10,October,2004-10,44,25,1,Monday,0
20041026,2004-10-26,2004,Q4,10,October,2004-10,44,26,2,Tuesday,0
20041027,2004-10-27,2004,Q4,10,October,2004-10,44,27,3,Wednesday,0
20041028,2004-10-28,2004,Q4,10,October,2004-10,44,28,4,Thursday,0
20041029,2004-10-29,2004,Q4,10,October,2004-10,44,29,5,Friday,0
20041101,2004-11-01,2004,Q4,11,November,2004-11,45,1,1,Monday,0
20041102,2004-11-02,2004,Q4,11,November,2004-11,45,2,2,Tuesday,0
20041103,2004-11-03,2004,Q4,11,November,2004-11,45,3,3,Wednesday,0
20041104,2004-11-04,2004,Q4,11,November,2004-11,45,4,4,Thursday,0
20041105,2004-11-05,2004,Q4,11,November,2004-11,45,5,5,Friday,0
20041108,2004-11-08,2004,Q4,11,November,2004-11,46,8,1,Monday,0
20041109,2004-11-09,2004,Q4,11,November,2004-11,46,9,2,Tuesday,0
20041110,2004-11-10,2004,Q4,11,November,2004-11,46,10,3,Wednesday,0
20041111,2004-11-11,2004,Q4,11,November,2004-11,46,11,4,Thursday,0
20041112,2004-11-12,2004,Q4,11,November,2004-11,46,12,5,Friday,0
20041116,2004-11-16,2004,Q4,11,November,2004-11,47,16,2,Tuesday,0
20041117,2004-11-17,2004,Q4,11,November,2004-11,47,17,3,Wednesday,0
20041118,2004-11-18,2004,Q4,11,November,2004-11,47,18,4,Thursday,0
20041119,2004-11-19,2004,Q4,11,November,2004-11,47,19,5,Friday,0
20041122,2004-11-22,2004,Q4,11,November,2004-11,48,22,1,Monday,0
20041123,2004-11-23,2004,Q4,11,November,2004-11,48,23,2,Tuesday,0
20041124,2004-11-24,2004,Q4,11,November,2004-11,48,24,3,Wednesday,0
20041125,2004-11-25,2004,Q4,11,November,2004-11,48,25,4,Thursday,0
20041129,2004-11-29,2004,Q4,11,November,2004-11,49,29,1,Monday,0
20041130,2004-11-30,2004,Q4,11,November,2004-11,49,30,2,Tuesday,0
20041201,2004-12-01,2004,Q4,12,December,2004-12,49,1,3,Wednesday,0
20041202,2004-12-02,2004,Q4,12,December,2004-12,49,2,4,Thursday,0
20041203,2004-12-03,2004,Q4,12,December,2004-12,49,3,5,Friday,0
20041206,2004-12-06,2004,Q4,12,December,2004-12,50,6,1,Monday,0
20041207,2004-12-07,2004,Q4,12,December,2004-12,50,7,2,Tuesday,0
20041208,2004-12-08,2004,Q4,12,December,2004-12,50,8,3,Wednesday,0
20041209,2004-12-09,2004,Q4,12,December,2004-12,50,9,4,Thursday,0
20041210,2004-12-10,2004,Q4,12,December,2004-12,50,10,5,Friday,0
20041213,2004-12-13,2004,Q4,12,December,2004-12,51,13,1,Monday,0
20041214,2004-12-14,2004,Q4,12,December,2004-12,51,14,2,Tuesday,0
20041215,2004-12-15,2004,Q4,12,December,2004-12,51,15,3,Wednesday,0
20041216,2004-12-16,2004,Q4,12,December,2004-12,51,16,4,Thursday,0
20041217,2004-12-17,2004,Q4,12,December,2004-12,51,17,5,Friday,0
20041220,2004-12-20,2004,Q4,12,December,2004-12,52,20,1,Monday,0
20041221,2004-12-21,2004,Q4,12,December,2004-12,52,21,2,Tuesday,0
20041222,2004-12-22,2004,Q4,12,December,2004-12,52,22,3,Wednesday,0
20041223,2004-12-23,2004,Q4,12,December,2004-12,52,23,4,Thursday,0
20041224,2004-12-24,2004,Q4,12,December,2004-12,52,24,5,Friday,0
20041227,2004-12-27,2004,Q4,12,December,2004-12,53,27,1,Monday,0
20041228,2004-12-28,2004,Q4,12,December,2004-12,53,28,2,Tuesday,0
20041229,2004-12-29,2004,Q4,12,December,2004-12,53,29,3,Wednesday,0
20041230,2004-12-30,2004,Q4,12,December,2004-12,53,30,4,Thursday,0
20041231,2004-12-31,2004,Q4,12,December,2004-12,53,31,5,Friday,0
20050103,2005-01-03,2005,Q1,1,January,2005-01,1,3,1,Monday,0
20050104,2005-01-04,2005,Q1,1,January,2005-01,1,4,2,Tuesday,0
20050105,2005-01-05,2005,Q1,1,January,2005-01,1,5,3,Wednesday,0
20050106,2005-01-06,2005,Q1,1,January,2005-01,1,6,4,Thursday,0
20050107,2005-01-07,2005,Q1,1,January,2005-01,1,7,5,Friday,0
20050110,2005-01-10,2005,Q1,1,January,2005-01,2,10,1,Monday,0
20050111,2005-01-11,2005,Q1,1,January,2005-01,2,11,2,Tuesday,0
20050112,2005-01-12,2005,Q1,1,January,2005-01,2,12,3,Wednesday,0
20050113,2005-01-13,2005,Q1,1,January,2005-01,2,13,4,Thursday,0
20050114,2005-01-14,2005,Q1,1,January,2005-01,2,14,5,Friday,0
20050117,2005-01-17,2005,Q1,1,January,2005-01,3,17,1,Monday,0
20050118,2005-01-18,2005,Q1,1,January,2005-01,3,18,2,Tuesday,0
20050119,2005-01-19,2005,Q1,1,January,2005-01,3,19,3,Wednesday,0
20050120,2005-01-20,2005,Q1,1,January,2005-01,3,20,4,Thursday,0
20050124,2005-01-24,2005,Q1,1,January,2005-01,4,24,1,Monday,0
20050125,2005-01-25,2005,Q1,1,January,2005-01,4,25,2,Tuesday,0
20050127,2005-01-27,2005,Q1,1,January,2005-01,4,27,4,Thursday,0
20050128,2005-01-28,2005,Q1,1,January,2005-01,4,28,5,Friday,0
20050131,2005-01-31,2005,Q1,1,January,2005-01,5,31,1,Monday,0
20050201,2005-02-01,2005,Q1,2,February,2005-02,5,1,2,Tuesday,0
20050202,2005-02-02,2005,Q1,2,February,2005-02,5,2,3,Wednesday,0
20050203,2005-02-03,2005,Q1,2,February,2005-02,5,3,4,Thursday,0
20050204,2005-02-04,2005,Q1,2,February,2005-02,5,4,5,Friday,0
20050207,2005-02-07,2005,Q1,2,February,2005-02,6,7,1,Monday,0
20050208,2005-02-08,2005,Q1,2,February,2005-02,6,8,2,Tuesday,0
20050209,2005-02-09,2005,Q1,2,February,2005-02,6,9,3,Wednesday,0
20050210,2005-02-10,2005,Q1,2,February,2005-02,6,10,4,Thursday,0
20050211,2005-02-11,2005,Q1,2,February,2005-02,6,11,5,Friday,0
20050214,2005-02-14,2005,Q1,2,February,2005-02,7,14,1,Monday,0
20050215,2005-02-15,2005,Q1,2,February,2005-02,7,15,2,Tuesday,0
20050216,2005-02-16,2005,Q1,2,February,2005-02,7,16,3,Wednesday,0
20050217,2005-02-17,2005,Q1,2,February,2005-02,7,17,4,Thursday,0
20050218,2005-02-18,2005,Q1,2,February,2005-02,7,18,5,Friday,0
20050221,2005-02-21,2005,Q1,2,February,2005-02,8,21,1,Monday,0
20050222,2005-02-22,2005,Q1,2,February,2005-02,8,22,2,Tuesday,0
20050223,2005-02-23,2005,Q1,2,February,2005-02,8,23,3,Wednesday,0
20050224,2005-02-24,2005,Q1,2,February,2005-02,8,24,4,Thursday,0
20050225,2005-02-25,2005,Q1,2,February,2005-02,8,25,5,Friday,0
20050228,2005-02-28,2005,Q1,2,February,2005-02,9,28,1,Monday,0
20050301,2005-03-01,2005,Q1,3,March,2005-03,9,1,2,Tuesday,0
20050302,2005-03-02,2005,Q1,3,March,2005-03,9,2,3,Wednesday,0
20050303,2005-03-03,2005,Q1,3,March,2005-03,9,3,4,Thursday,0
20050304,2005-03-04,2005,Q1,3,March,2005-03,9,4,5,Friday,0
20050307,2005-03-07,2005,Q1,3,March,2005-03,10,7,1,Monday,0
20050308,2005-03-08,2005,Q1,3,March,2005-03,10,8,2,Tuesday,0
20050309,2005-03-09,2005,Q1,3,March,2005-03,10,9,3,Wednesday,0
20050310,2005-03-10,2005,Q1,3,March,2005-03,10,10,4,Thursday,0
20050311,2005-03-11,2005,Q1,3,March,2005-03,10,11,5,Friday,0
20050314,2005-03-14,2005,Q1,3,March,2005-03,11,14,1,Monday,0
20050315,2005-03-15,2005,Q1,3,March,2005-03,11,15,2,Tuesday,0
20050316,2005-03-16,2005,Q1,3,March,2005-03,11,16,3,Wednesday,0
20050317,2005-03-17,2005,Q1,3,March,2005-03,11,17,4,Thursday,0
20050318,2005-03-18,2005,Q1,3,March,2005-03,11,18,5,Friday,0
20050321,2005-03-21,2005,Q1,3,March,2005-03,12,21,1,Monday,0
20050322,2005-03-22,2005,Q1,3,March,2005-03,12,22,2,Tuesday,0
20050323,2005-03-23,2005,Q1,3,March,2005-03,12,23,3,Wednesday,0
20050324,2005-03-24,2005,Q1,3,March,2005-03,12,24,4,Thursday,0
20050328,2005-03-28,2005,Q1,3,March,2005-03,13,28,1,Monday,0
20050329,2005-03-29,2005,Q1,3,March,2005-03,13,29,2,Tuesday,0
20050330,2005-03-30,2005,Q1,3,March,2005-03,13,30,3,Wednesday,0
20050331,2005-03-31,2005,Q1,3,March,2005-03,13,31,4,Thursday,0
20050401,2005-04-01,2005,Q2,4,April,2005-04,13,1,5,Friday,0
20050404,2005-04-04,2005,Q2,4,April,2005-04,14,4,1,Monday,0
20050405,2005-04-05,2005,Q2,4,April,2005-04,14,5,2,Tuesday,0
20050406,2005-04-06,2005,Q2,4,April,2005-04,14,6,3,Wednesday,0
20050407,2005-04-07,2005,Q2,4,April,2005-04,14,7,4,Thursday,0
20050408,2005-04-08,2005,Q2,4,April,2005-04,14,8,5,Friday,0
20050411,2005-04-11,2005,Q2,4,April,2005-04,15,11,1,Monday,0
20050412,2005-04-12,2005,Q2,4,April,2005-04,15,12,2,Tuesday,0
20050413,2005-04-13,2005,Q2,4,April,2005-04,15,13,3,Wednesday,0
20050415,2005-04-15,2005,Q2,4,April,2005-04,15,15,5,Friday,0
20050418,2005-04-18,2005,Q2,4,April,2005-04,16,18,1,Monday,0
20050419,2005-04-19,2005,Q2,4,April,2005-04,16,19,2,Tuesday,0
20050420,2005-04-20,2005,Q2,4,April,2005-04,16,20,3,Wednesday,0
20050421,2005-04-21,2005,Q2,4,April,2005-04,16,21,4,Thursday,0
20050422,2005-04-22,2005,Q2,4,April,2005-04,16,22,5,Friday,0
20050425,2005-04-25,2005,Q2,4,April,2005-04,17,25,1,Monday,0
20050426,2005-04-26,2005,Q2,4,April,2005-04,17,26,2,Tuesday,0
20050427,2005-04-27,2005,Q2,4,April,2005-04,17,27,3,Wednesday,0
20050428,2005-04-28,2005,Q2,4,April,2005-04,17,28,4,Thursday,0
20050429,2005-04-29,2005,Q2,4,April,2005-04,17,29,5,Friday,0
20050502,2005-05-02,2005,Q2,5,May,2005-05,18,2,1,Monday,0
20050503,2005-05-03,2005,Q2,5,May,2005-05,18,3,2,Tuesday,0
20050504,2005-05-04,2005,Q2,5,May,2005-05,18,4,3,Wednesday,0
20050505,2005-05-05,2005,Q2,5,May,2005-05,18,5,4,Thursday,0
20050506,2005-05-06,2005,Q2,5,May,2005-05,18,6,5,Friday,0
20050509,2005-05-09,2005,Q2,5,May,2005-05,19,9,1,Monday,0
20050510,2005-05-10,2005,Q2,5,May,2005-05,19,10,2,Tuesday,0
20050511,2005-05-11,2005,Q2,5,May,2005-05,19,11,3,Wednesday,0
20050512,2005-05-12,2005,Q2,5,May,2005-05,19,12,4,Thursday,0
20050513,2005-05-13,2005,Q2,5,May,2005-05,19,13,5,Friday,0
20050516,2005-05-16,2005,Q2,5,May,2005-05,20,16,1,Monday,0
20050517,2005-05-17,2005,Q2,5,May,2005-05,20,17,2,Tuesday,0
20050518,2005-05-18,2005,Q2,5,May,2005-05,20,18,3,Wednesday,0
20050519,2005-05-19,2005,Q2,5,May,2005-05,20,19,4,Thursday,0
20050520,2005-05-20,2005,Q2,5,May,2005-05,20,20,5,Friday,0
20050523,2005-05-23,2005,Q2,5,May,2005-05,21,23,1,Monday,0
20050524,2005-05-24,2005,Q2,5,May,2005-05,21,24,2,Tuesday,0
20050525,2005-05-25,2005,Q2,5,May,2005-05,21,25,3,Wednesday,0
20050526,2005-05-26,2005,Q2,5,May,2005-05,21,26,4,Thursday,0
20050527,2005-05-27,2005,Q2,5,May,2005-05,21,27,5,Friday,0
20050530,2005-05-30,2005,Q2,5,May,2005-05,22,30,1,Monday,0
20050531,2005-05-31,2005,Q2,5,May,2005-05,22,31,2,Tuesday,0
20050601,2005-06-01,2005,Q2,6,June,2005-06,22,1,3,Wednesday,0
20050602,2005-06-02,2005,Q2,6,June,2005-06,22,2,4,Thursday,0
20050603,2005-06-03,2005,Q2,6,June,2005-06,22,3,5,Friday,0
20050606,2005-06-06,2005,Q2,6,June,2005-06,23,6,1,Monday,0
20050607,2005-06-07,2005,Q2,6,June,2005-06,23,7,2,Tuesday,0
20050608,2005-06-08,2005,Q2,6,June,2005-06,23,8,3,Wednesday,0
20050609,2005-06-09,2005,Q2,6,June,2005-06,23,9,4,Thursday,0
20050610,2005-06-10,2005,Q2,6,June,2005-06,23,10,5,Friday,0
20050613,2005-06-13,2005,Q2,6,June,2005-06,24,13,1,Monday,0
20050614,2005-06-14,2005,Q2,6,June,2005-06,24,14,2,Tuesday,0
20050615,2005-06-15,2005,Q2,6,June,2005-06,24,15,3,Wednesday,0
20050616,2005-06-16,2005,Q2,6,June,2005-06,24,16,4,Thursday,0
20050617,2005-06-17,2005,Q2,6,June,2005-06,24,17,5,Friday,0
20050620,2005-06-20,2005,Q2,6,June,2005-06,25,20,1,Monday,0
20050621,2005-06-21,2005,Q2,6,June,2005-06,25,21,2,Tuesday,0
20050622,2005-06-22,2005,Q2,6,June,2005-06,25,22,3,Wednesday,0
20050623,2005-06-23,2005,Q2,6,June,2005-06,25,23,4,Thursday,0
20050624,2005-06-24,2005,Q2,6,June,2005-06,25,24,5,Friday,0
20050627,2005-06-27,2005,Q2,6,June,2005-06,26,27,1,Monday,0
20050628,2005-06-28,2005,Q2,6,June,2005-06,26,28,2,Tuesday,0
20050629,2005-06-29,2005,Q2,6,June,2005-06,26,29,3,Wednesday,0
20050630,2005-06-30,2005,Q2,6,June,2005-06,26,30,4,Thursday,0
20050701,2005-07-01,2005,Q3,7,July,2005-07,26,1,5,Friday,0
20050704,2005-07-04,2005,Q3,7,July,2005-07,27,4,1,Monday,0
20050705,2005-07-05,2005,Q3,7,July,2005-07,27,5,2,Tuesday,0
20050706,2005-07-06,2005,Q3,7,July,2005-07,27,6,3,Wednesday,0
20050707,2005-07-07,2005,Q3,7,July,2005-07,27,7,4,Thursday,0
20050708,2005-07-08,2005,Q3,7,July,2005-07,27,8,5,Friday,0
20050711,2005-07-11,2005,Q3,7,July,2005-07,28,11,1,Monday,0
20050712,2005-07-12,2005,Q3,7,July,2005-07,28,12,2,Tuesday,0
20050713,2005-07-13,2005,Q3,7,July,2005-07,28,13,3,Wednesday,0
20050714,2005-07-14,2005,Q3,7,July,2005-07,28,14,4,Thursday,0
20050715,2005-07-15,2005,Q3,7,July,2005-07,28,15,5,Friday,0
20050718,2005-07-18,2005,Q3,7,July,2005-07,29,18,1,Monday,0
20050719,2005-07-19,2005,Q3,7,July,2005-07,29,19,2,Tuesday,0
20050720,2005-07-20,2005,Q3,7,July,2005-07,29,20,3,Wednesday,0
20050721,2005-07-21,2005,Q3,7,July,2005-07,29,21,4,Thursday,0
20050722,2005-07-22,2005,Q3,7,July,2005-07,29,22,5,Friday,0
20050725,2005-07-25,2005,Q3,7,July,2005-07,30,25,1,Monday,0
20050726,2005-07-26,2005,Q3,7,July,2005-07,30,26,2,Tuesday,0
20050727,2005-07-27,2005,Q3,7,July,2005-07,30,27,3,Wednesday,0
20050729,2005-07-29,2005,Q3,7,July,2005-07,30,29,5,Friday,0
20050801,2005-08-01,2005,Q3,8,August,2005-08,31,1,1,Monday,0
20050802,2005-08-02,2005,Q3,8,August,2005-08,31,2,2,Tuesday,0
20050803,2005-08-03,2005,Q3,8,August,2005-08,31,3,3,Wednesday,0
20050804,2005-08-04,2005,Q3,8,August,2005-08,31,4,4,Thursday,0
20050805,2005-08-05,2005,Q3,8,August,2005-08,31,5,5,Friday,0
20050808,2005-08-08,2005,Q3,8,August,2005-08,32,8,1,Monday,0
20050809,2005-08-09,2005,Q3,8,August,2005-08,32,9,2,Tuesday,0
20050810,2005-08-10,2005,Q3,8,August,2005-08,32,10,3,Wednesday,0
20050811,2005-08-11,2005,Q3,8,August,2005-08,32,11,4,Thursday,0
20050812,2005-08-12,2005,Q3,8,August,2005-08,32,12,5,Friday,0
20050816,2005-08-16,2005,Q3,8,August,2005-08,33,16,2,Tuesday,0
20050817,2005-08-17,2005,Q3,8,August,2005-08,33,17,3,Wednesday,0
20050818,2005-08-18,2005,Q3,8,August,2005-08,33,18,4,Thursday,0
20050819,2005-08-19,2005,Q3,8,August,2005-08,33,19,5,Friday,0
20050822,2005-08-22,2005,Q3,8,August,2005-08,34,22,1,Monday,0
20050823,2005-08-23,2005,Q3,8,August,2005-08,34,23,2,Tuesday,0
20050824,2005-08-24,2005,Q3,8,August,2005-08,34,24,3,Wednesday,0
20050825,2005-08-25,2005,Q3,8,August,2005-08,34,25,4,Thursday,0
20050826,2005-08-26,2005,Q3,8,August,2005-08,34,26,5,Friday,0
20050829,2005-08-29,2005,Q3,8,August,2005-08,35,29,1,Monday,0
20050830,2005-08-30,2005,Q3,8,August,2005-08,35,30,2,Tuesday,0
20050831,2005-08-31,2005,Q3,8,August,2005-08,35,31,3,Wednesday,0
20050901,2005-09-01,2005,Q3,9,September,2005-09,35,1,4,Thursday,0
20050902,2005-09-02,2005,Q3,9,September,2005-09,35,2,5,Friday,0
20050905,2005-09-05,2005,Q3,9,September,2005-09,36,5,1,Monday,0
20050906,2005-09-06,2005,Q3,9,September,2005-09,36,6,2,Tuesday,0
20050908,2005-09-08,2005,Q3,9,September,2005-09,36,8,4,Thursday,0
20050909,2005-09-09,2005,Q3,9,September,2005-09,36,9,5,Friday,0
20050912,2005-09-12,2005,Q3,9,September,2005-09,37,12,1,Monday,0
20050913,2005-09-13,2005,Q3,9,September,2005-09,37,13,2,Tuesday,0
20050914,2005-09-14,2005,Q3,9,September,2005-09,37,14,3,Wednesday,0
20050915,2005-09-15,2005,Q3,9,September,2005-09,37,15,4,Thursday,0
20050916,2005-09-16,2005,Q3,9,September,2005-09,37,16,5,Friday,0
20050919,2005-09-19,2005,Q3,9,September,2005-09,38,19,1,Monday,0
20050920,2005-09-20,2005,Q3,9,September,2005-09,38,20,2,Tuesday,0
20050921,2005-09-21,2005,Q3,9,September,2005-09,38,21,3,Wednesday,0
20050922,2005-09-22,2005,Q3,9,September,2005-09,38,22,4,Thursday,0
20050923,2005-09-23,2005,Q3,9,September,2005-09,38,23,5,Friday,0
20050926,2005-09-26,2005,Q3,9,September,2005-09,39,26,1,Monday,0
20050927,2005-09-27,2005,Q3,9,September,2005-09,39,27,2,Tuesday,0
20050928,2005-09-28,2005,Q3,9,September,2005-09,39,28,3,Wednesday,0
20050929,2005-09-29,2005,Q3,9,September,2005-09,39,29,4,Thursday,0
20050930,2005-09-30,2005,Q3,9,September,2005-09,39,30,5,Friday,0
20051003,2005-10-03,2005,Q4,10,October,2005-10,40,3,1,Monday,0
20051004,2005-10-04,2005,Q4,10,October,2005-10,40,4,2,Tuesday,0
20051005,2005-10-05,2005,Q4,10,October,2005-10,40,5,3,Wednesday,0
20051006,2005-10-06,2005,Q4,10,October,2005-10,40,6,4,Thursday,0
20051007,2005-10-07,2005,Q4,10,October,2005-10,40,7,5,Friday,0
20051010,2005-10-10,2005,Q4,10,October,2005-10,41,10,1,Monday,0
20051011,2005-10-11,2005,Q4,10,October,2005-10,41,11,2,Tuesday,0
20051013,2005-10-13,2005,Q4,10,October,2005-10,41,13,4,Thursday,0
20051014,2005-10-14,2005,Q4,10,October,2005-10,41,14,5,Friday,0
20051017,2005-10-17,2005,Q4,10,October,2005-10,42,17,1,Monday,0
20051018,2005-10-18,2005,Q4,10,October,2005-10,42,18,2,Tuesday,0
20051019,2005-10-19,2005,Q4,10,October,2005-10,42,19,3,Wednesday,0
20051020,2005-10-20,2005,Q4,10,October,2005-10,42,20,4,Thursday,0
20051021,2005-10-21,2005,Q4,10,October,2005-10,42,21,5,Friday,0
20051024,2005-10-24,2005,Q4,10,October,2005-10,43,24,1,Monday,0
20051025,2005-10-25,2005,Q4,10,October,2005-10,43,25,2,Tuesday,0
20051026,2005-10-26,2005,Q4,10,October,2005-10,43,26,3,Wednesday,0
20051027,2005-10-27,2005,Q4,10,October,2005-10,43,27,4,Thursday,0
20051028,2005-10-28,2005,Q4,10,October,2005-10,43,28,5,Friday,0
20051031,2005-10-31,2005,Q4,10,October,2005-10,44,31,1,Monday,0
20051101,2005-11-01,2005,Q4,11,November,2005-11,44,1,2,Tuesday,0
20051102,2005-11-02,2005,Q4,11,November,2005-11,44,2,3,Wednesday,0
20051107,2005-11-07,2005,Q4,11,November,2005-11,45,7,1,Monday,0
20051108,2005-11-08,2005,Q4,11,November,2005-11,45,8,2,Tuesday,0
20051109,2005-11-09,2005,Q4,11,November,2005-11,45,9,3,Wednesday,0
20051110,2005-11-10,2005,Q4,11,November,2005-11,45,10,4,Thursday,0
20051111,2005-11-11,2005,Q4,11,November,2005-11,45,11,5,Friday,0
20051114,2005-11-14,2005,Q4,11,November,2005-11,46,14,1,Monday,0
20051116,2005-11-16,2005,Q4,11,November,2005-11,46,16,3,Wednesday,0
20051117,2005-11-17,2005,Q4,11,November,2005-11,46,17,4,Thursday,0
20051118,2005-11-18,2005,Q4,11,November,2005-11,46,18,5,Friday,0
20051121,2005-11-21,2005,Q4,11,November,2005-11,47,21,1,Monday,0
20051122,2005-11-22,2005,Q4,11,November,2005-11,47,22,2,Tuesday,0
20051123,2005-11-23,2005,Q4,11,November,2005-11,47,23,3,Wednesday,0
20051124,2005-11-24,2005,Q4,11,November,2005-11,47,24,4,Thursday,0
20051125,2005-11-25,2005,Q4,11,November,2005-11,47,25,5,Friday,0
20051128,2005-11-28,2005,Q4,11,November,2005-11,48,28,1,Monday,0
20051129,2005-11-29,2005,Q4,11,November,2005-11,48,29,2,Tuesday,0
20051130,2005-11-30,2005,Q4,11,November,2005-11,48,30,3,Wednesday,0
20051201,2005-12-01,2005,Q4,12,December,2005-12,48,1,4,Thursday,0
20051202,2005-12-02,2005,Q4,12,December,2005-12,48,2,5,Friday,0
20051205,2005-12-05,2005,Q4,12,December,2005-12,49,5,1,Monday,0
20051206,2005-12-06,2005,Q4,12,December,2005-12,49,6,2,Tuesday,0
20051207,2005-12-07,2005,Q4,12,December,2005-12,49,7,3,Wednesday,0
20051208,2005-12-08,2005,Q4,12,December,2005-12,49,8,4,Thursday,0
20051209,2005-12-09,2005,Q4,12,December,2005-12,49,9,5,Friday,0
20051212,2005-12-12,2005,Q4,12,December,2005-12,50,12,1,Monday,0
20051213,2005-12-13,2005,Q4,12,December,2005-12,50,13,2,Tuesday,0
20051214,2005-12-14,2005,Q4,12,December,2005-12,50,14,3,Wednesday,0
20051215,2005-12-15,2005,Q4,12,December,2005-12,50,15,4,Thursday,0
20051216,2005-12-16,2005,Q4,12,December,2005-12,50,16,5,Friday,0
20051219,2005-12-19,2005,Q4,12,December,2005-12,51,19,1,Monday,0
20051220,2005-12-20,2005,Q4,12,December,2005-12,51,20,2,Tuesday,0
20051221,2005-12-21,2005,Q4,12,December,2005-12,51,21,3,Wednesday,0
20051222,2005-12-22,2005,Q4,12,December,2005-12,51,22,4,Thursday,0
20051223,2005-12-23,2005,Q4,12,December,2005-12,51,23,5,Friday,0
20051226,2005-12-26,2005,Q4,12,December,2005-12,52,26,1,Monday,0
20051227,2005-12-27,2005,Q4,12,December,2005-12,52,27,2,Tuesday,0
20051228,2005-12-28,2005,Q4,12,December,2005-12,52,28,3,Wednesday,0
20051229,2005-12-29,2005,Q4,12,December,2005-12,52,29,4,Thursday,0
20051230,2005-12-30,2005,Q4,12,December,2005-12,52,30,5,Friday,0
20060102,2006-01-02,2006,Q1,1,January,2006-01,1,2,1,Monday,0
20060103,2006-01-03,2006,Q1,1,January,2006-01,1,3,2,Tuesday,0
20060104,2006-01-04,2006,Q1,1,January,2006-01,1,4,3,Wednesday,0
20060105,2006-01-05,2006,Q1,1,January,2006-01,1,5,4,Thursday,0
20060106,2006-01-06,2006,Q1,1,January,2006-01,1,6,5,Friday,0
20060109,2006-01-09,2006,Q1,1,January,2006-01,2,9,1,Monday,0
20060110,2006-01-10,2006,Q1,1,January,2006-01,2,10,2,Tuesday,0
20060112,2006-01-12,2006,Q1,1,January,2006-01,2,12,4,Thursday,0
20060113,2006-01-13,2006,Q1,1,January,2006-01,2,13,5,Friday,0
20060116,2006-01-16,2006,Q1,1,January,2006-01,3,16,1,Monday,0
20060117,2006-01-17,2006,Q1,1,January,2006-01,3,17,2,Tuesday,0
20060118,2006-01-18,2006,Q1,1,January,2006-01,3,18,3,Wednesday,0
20060119,2006-01-19,2006,Q1,1,January,2006-01,3,19,4,Thursday,0
20060120,2006-01-20,2006,Q1,1,January,2006-01,3,20,5,Friday,0
20060123,2006-01-23,2006,Q1,1,January,2006-01,4,23,1,Monday,0
20060124,2006-01-24,2006,Q1,1,January,2006-01,4,24,2,Tuesday,0
20060125,2006-01-25,2006,Q1,1,January,2006-01,4,25,3,Wednesday,0
20060127,2006-01-27,2006,Q1,1,January,2006-01,4,27,5,Friday,0
20060130,2006-01-30,2006,Q1,1,January,2006-01,5,30,1,Monday,0
20060131,2006-01-31,2006,Q1,1,January,2006-01,5,31,2,Tuesday,0
20060201,2006-02-01,2006,Q1,2,February,2006-02,5,1,3,Wednesday,0
20060202,2006-02-02,2006,Q1,2,February,2006-02,5,2,4,Thursday,0
20060203,2006-02-03,2006,Q1,2,February,2006-02,5,3,5,Friday,0
20060206,2006-02-06,2006,Q1,2,February,2006-02,6,6,1,Monday,0
20060207,2006-02-07,2006,Q1,2,February,2006-02,6,7,2,Tuesday,0
20060208,2006-02-08,2006,Q1,2,February,2006-02,6,8,3,Wednesday,0
20060210,2006-02-10,2006,Q1,2,February,2006-02,6,10,5,Friday,0
20060213,2006-02-13,2006,Q1,2,February,2006-02,7,13,1,Monday,0
20060214,2006-02-14,2006,Q1,2,February,2006-02,7,14,2,Tuesday,0
20060215,2006-02-15,2006,Q1,2,February,2006-02,7,15,3,Wednesday,0
20060216,2006-02-16,2006,Q1,2,February,2006-02,7,16,4,Thursday,0
20060217,2006-02-17,2006,Q1,2,February,2006-02,7,17,5,Friday,0
20060220,2006-02-20,2006,Q1,2,February,2006-02,8,20,1,Monday,0
20060221,2006-02-21,2006,Q1,2,February,2006-02,8,21,2,Tuesday,0
20060222,2006-02-22,2006,Q1,2,February,2006-02,8,22,3,Wednesday,0
20060223,2006-02-23,2006,Q1,2,February,2006-02,8,23,4,Thursday,0
20060224,2006-02-24,2006,Q1,2,February,2006-02,8,24,5,Friday,0
20060227,2006-02-27,2006,Q1,2,February,2006-02,9,27,1,Monday,0
20060228,2006-02-28,2006,Q1,2,February,2006-02,9,28,2,Tuesday,0
20060301,2006-03-01,2006,Q1,3,March,2006-03,9,1,3,Wednesday,0
20060302,2006-03-02,2006,Q1,3,March,2006-03,9,2,4,Thursday,0
20060303,2006-03-03,2006,Q1,3,March,2006-03,9,3,5,Friday,0
20060306,2006-03-06,2006,Q1,3,March,2006-03,10,6,1,Monday,0
20060307,2006-03-07,2006,Q1,3,March,2006-03,10,7,2,Tuesday,0
20060308,2006-03-08,2006,Q1,3,March,2006-03,10,8,3,Wednesday,0
20060309,2006-03-09,2006,Q1,3,March,2006-03,10,9,4,Thursday,0
20060310,2006-03-10,2006,Q1,3,March,2006-03,10,10,5,Friday,0
20060313,2006-03-13,2006,Q1,3,March,2006-03,11,13,1,Monday,0
20060314,2006-03-14,2006,Q1,3,March,2006-03,11,14,2,Tuesday,0
20060316,2006-03-16,2006,Q1,3,March,2006-03,11,16,4,Thursday,0
20060317,2006-03-17,2006,Q1,3,March,2006-03,11,17,5,Friday,0
20060320,2006-03-20,2006,Q1,3,March,2006-03,12,20,1,Monday,0
20060321,2006-03-21,2006,Q1,3,March,2006-03,12,21,2,Tuesday,0
20060322,2006-03-22,2006,Q1,3,March,2006-03,12,22,3,Wednesday,0
20060323,2006-03-23,2006,Q1,3,March,2006-03,12,23,4,Thursday,0
20060324,2006-03-24,2006,Q1,3,March,2006-03,12,24,5,Friday,0
20060327,2006-03-27,2006,Q1,3,March,2006-03,13,27,1,Monday,0
20060328,2006-03-28,2006,Q1,3,March,2006-03,13,28,2,Tuesday,0
20060329,2006-03-29,2006,Q1,3,March,2006-03,13,29,3,Wednesday,0
20060330,2006-03-30,2006,Q1,3,March,2006-03,13,30,4,Thursday,0
20060331,2006-03-31,2006,Q1,3,March,2006-03,13,31,5,Friday,0
20060403,2006-04-03,2006,Q2,4,April,2006-04,14,3,1,Monday,0
20060404,2006-04-04,2006,Q2,4,April,2006-04,14,4,2,Tuesday,0
20060405,2006-04-05,2006,Q2,4,April,2006-04,14,5,3,Wednesday,0
20060407,2006-04-07,2006,Q2,4,April,2006-04,14,7,5,Friday,0
20060410,2006-04-10,2006,Q2,4,April,2006-04,15,10,1,Monday,0
20060412,2006-04-12,2006,Q2,4,April,2006-04,15,12,3,Wednesday,0
20060413,2006-04-13,2006,Q2,4,April,2006-04,15,13,4,Thursday,0
20060417,2006-04-17,2006,Q2,4,April,2006-04,16,17,1,Monday,0
20060418,2006-04-18,2006,Q2,4,April,2006-04,16,18,2,Tuesday,0
20060419,2006-04-19,2006,Q2,4,April,2006-04,16,19,3,Wednesday,0
20060420,2006-04-20,2006,Q2,4,April,2006-04,16,20,4,Thursday,0
20060421,2006-04-21,2006,Q2,4,April,2006-04,16,21,5,Friday,0
20060424,2006-04-24,2006,Q2,4,April,2006-04,17,24,1,Monday,0
20060425,2006-04-25,2006,Q2,4,April,2006-04,17,25,2,Tuesday,0
20060426,2006-04-26,2006,Q2,4,April,2006-04,17,26,3,Wednesday,0
20060427,2006-04-27,2006,Q2,4,April,2006-04,17,27,4,Thursday,0
20060428,2006-04-28,2006,Q2,4,April,2006-04,17,28,5,Friday,0
20060502,2006-05-02,2006,Q2,5,May,2006-05,18,2,2,Tuesday,0
20060503,2006-05-03,2006,Q2,5,May,2006-05,18,3,3,Wednesday,0
20060504,2006-05-04,2006,Q2,5,May,2006-05,18,4,4,Thursday,0
20060505,2006-05-05,2006,Q2,5,May,2006-05,18,5,5,Friday,0
20060508,2006-05-08,2006,Q2,5,May,2006-05,19,8,1,Monday,0
20060509,2006-05-09,2006,Q2,5,May,2006-05,19,9,2,Tuesday,0
20060510,2006-05-10,2006,Q2,5,May,2006-05,19,10,3,Wednesday,0
20060511,2006-05-11,2006,Q2,5,May,2006-05,19,11,4,Thursday,0
20060512,2006-05-12,2006,Q2,5,May,2006-05,19,12,5,Friday,0
20060515,2006-05-15,2006,Q2,5,May,2006-05,20,15,1,Monday,0
20060516,2006-05-16,2006,Q2,5,May,2006-05,20,16,2,Tuesday,0
20060517,2006-05-17,2006,Q2,5,May,2006-05,20,17,3,Wednesday,0
20060518,2006-05-18,2006,Q2,5,May,2006-05,20,18,4,Thursday,0
20060519,2006-05-19,2006,Q2,5,May,2006-05,20,19,5,Friday,0
20060522,2006-05-22,2006,Q2,5,May,2006-05,21,22,1,Monday,0
20060523,2006-05-23,2006,Q2,5,May,2006-05,21,23,2,Tuesday,0
20060524,2006-05-24,2006,Q2,5,May,2006-05,21,24,3,Wednesday,0
20060525,2006-05-25,2006,Q2,5,May,2006-05,21,25,4,Thursday,0
20060526,2006-05-26,2006,Q2,5,May,2006-05,21,26,5,Friday,0
20060529,2006-05-29,2006,Q2,5,May,2006-05,22,29,1,Monday,0
20060530,2006-05-30,2006,Q2,5,May,2006-05,22,30,2,Tuesday,0
20060531,2006-05-31,2006,Q2,5,May,2006-05,22,31,3,Wednesday,0
20060601,2006-06-01,2006,Q2,6,June,2006-06,22,1,4,Thursday,0
20060602,2006-06-02,2006,Q2,6,June,2006-06,22,2,5,Friday,0
20060605,2006-06-05,2006,Q2,6,June,2006-06,23,5,1,Monday,0
20060606,2006-06-06,2006,Q2,6,June,2006-06,23,6,2,Tuesday,0
20060607,2006-06-07,2006,Q2,6,June,2006-06,23,7,3,Wednesday,0
20060608,2006-06-08,2006,Q2,6,June,2006-06,23,8,4,Thursday,0
20060609,2006-06-09,2006,Q2,6,June,2006-06,23,9,5,Friday,0
20060612,2006-06-12,2006,Q2,6,June,2006-06,24,12,1,Monday,0
20060613,2006-06-13,2006,Q2,6,June,2006-06,24,13,2,Tuesday,0
20060614,2006-06-14,2006,Q2,6,June,2006-06,24,14,3,Wednesday,0
20060615,2006-06-15,2006,Q2,6,June,2006-06,24,15,4,Thursday,0
20060616,2006-06-16,2006,Q2,6,June,2006-06,24,16,5,Friday,0
20060619,2006-06-19,2006,Q2,6,June,2006-06,25,19,1,Monday,0
20060620,2006-06-20,2006,Q2,6,June,2006-06,25,20,2,Tuesday,0
20060621,2006-06-21,2006,Q2,6,June,2006-06,25,21,3,Wednesday,0
20060622,2006-06-22,2006,Q2,6,June,2006-06,25,22,4,Thursday,0
20060623,2006-06-23,2006,Q2,6,June,2006-06,25,23,5,Friday,0
20060626,2006-06-26,2006,Q2,6,June,2006-06,26,26,1,Monday,0
20060627,2006-06-27,2006,Q2,6,June,2006-06,26,27,2,Tuesday,0
20060628,2006-06-28,2006,Q2,6,June,2006-06,26,28,3,Wednesday,0
20060629,2006-06-29,2006,Q2,6,June,2006-06,26,29,4,Thursday,0
20060630,2006-06-30,2006,Q2,6,June,2006-06,26,30,5,Friday,0
20060703,2006-07-03,2006,Q3,7,July,2006-07,27,3,1,Monday,0
20060704,2006-07-04,2006,Q3,7,July,2006-07,27,4,2,Tuesday,0
20060705,2006-07-05,2006,Q3,7,July,2006-07,27,5,3,Wednesday,0
20060706,2006-07-06,2006,Q3,7,July,2006-07,27,6,4,Thursday,0
20060707,2006-07-07,2006,Q3,7,July,2006-07,27,7,5,Friday,0
20060710,2006-07-10,2006,Q3,7,July,2006-07,28,10,1,Monday,0
20060711,2006-07-11,2006,Q3,7,July,2006-07,28,11,2,Tuesday,0
20060712,2006-07-12,2006,Q3,7,July,2006-07,28,12,3,Wednesday,0
20060713,2006-07-13,2006,Q3,7,July,2006-07,28,13,4,Thursday,0
20060714,2006-07-14,2006,Q3,7,July,2006-07,28,14,5,Friday,0
20060717,2006-07-17,2006,Q3,7,July,2006-07,29,17,1,Monday,0
20060718,2006-07-18,2006,Q3,7,July,2006-07,29,18,2,Tuesday,0
20060719,2006-07-19,2006,Q3,7,July,2006-07,29,19,3,Wednesday,0
20060720,2006-07-20,2006,Q3,7,July,2006-07,29,20,4,Thursday,0
20060721,2006-07-21,2006,Q3,7,July,2006-07,29,21,5,Friday,0
20060724,2006-07-24,2006,Q3,7,July,2006-07,30,24,1,Monday,0
20060725,2006-07-25,2006,Q3,7,July,2006-07,30,25,2,Tuesday,0
20060726,2006-07-26,2006,Q3,7,July,2006-07,30,26,3,Wednesday,0
20060727,2006-07-27,2006,Q3,7,July,2006-07,30,27,4,Thursday,0
20060728,2006-07-28,2006,Q3,7,July,2006-07,30,28,5,Friday,0
20060731,2006-07-31,2006,Q3,7,July,2006-07,31,31,1,Monday,0
20060801,2006-08-01,2006,Q3,8,August,2006-08,31,1,2,Tuesday,0
20060802,2006-08-02,2006,Q3,8,August,2006-08,31,2,3,Wednesday,0
20060803,2006-08-03,2006,Q3,8,August,2006-08,31,3,4,Thursday,0
20060804,2006-08-04,2006,Q3,8,August,2006-08,31,4,5,Friday,0
20060807,2006-08-07,2006,Q3,8,August,2006-08,32,7,1,Monday,0
20060808,2006-08-08,2006,Q3,8,August,2006-08,32,8,2,Tuesday,0
20060809,2006-08-09,2006,Q3,8,August,2006-08,32,9,3,Wednesday,0
20060810,2006-08-10,2006,Q3,8,August,2006-08,32,10,4,Thursday,0
20060811,2006-08-11,2006,Q3,8,August,2006-08,32,11,5,Friday,0
20060814,2006-08-14,2006,Q3,8,August,2006-08,33,14,1,Monday,0
20060816,2006-08-16,2006,Q3,8,August,2006-08,33,16,3,Wednesday,0
20060817,2006-08-17,2006,Q3,8,August,2006-08,33,17,4,Thursday,0
20060818,2006-08-18,2006,Q3,8,August,2006-08,33,18,5,Friday,0
20060821,2006-08-21,2006,Q3,8,August,2006-08,34,21,1,Monday,0
20060822,2006-08-22,2006,Q3,8,August,2006-08,34,22,2,Tuesday,0
20060823,2006-08-23,2006,Q3,8,August,2006-08,34,23,3,Wednesday,0
20060824,2006-08-24,2006,Q3,8,August,2006-08,34,24,4,Thursday,0
20060825,2006-08-25,2006,Q3,8,August,2006-08,34,25,5,Friday,0
20060828,2006-08-28,2006,Q3,8,August,2006-08,35,28,1,Monday,0
20060829,2006-08-29,2006,Q3,8,August,2006-08,35,29,2,Tuesday,0
20060830,2006-08-30,2006,Q3,8,August,2006-08,35,30,3,Wednesday,0
20060831,2006-08-31,2006,Q3,8,August,2006-08,35,31,4,Thursday,0
20060901,2006-09-01,2006,Q3,9,September,2006-09,35,1,5,Friday,0
20060904,2006-09-04,2006,Q3,9,September,2006-09,36,4,1,Monday,0
20060905,2006-09-05,2006,Q3,9,September,2006-09,36,5,2,Tuesday,0
20060906,2006-09-06,2006,Q3,9,September,2006-09,36,6,3,Wednesday,0
20060907,2006-09-07,2006,Q3,9,September,2006-09,36,7,4,Thursday,0
20060908,2006-09-08,2006,Q3,9,September,2006-09,36,8,5,Friday,0
20060911,2006-09-11,2006,Q3,9,September,2006-09,37,11,1,Monday,0
20060912,2006-09-12,2006,Q3,9,September,2006-09,37,12,2,Tuesday,0
20060913,2006-09-13,2006,Q3,9,September,2006-09,37,13,3,Wednesday,0
20060914,2006-09-14,2006,Q3,9,September,2006-09,37,14,4,Thursday,0
20060915,2006-09-15,2006,Q3,9,September,2006-09,37,15,5,Friday,0
20060918,2006-09-18,2006,Q3,9,September,2006-09,38,18,1,Monday,0
20060919,2006-09-19,2006,Q3,9,September,2006-09,38,19,2,Tuesday,0
20060920,2006-09-20,2006,Q3,9,September,2006-09,38,20,3,Wednesday,0
20060921,2006-09-21,2006,Q3,9,September,2006-09,38,21,4,Thursday,0
20060922,2006-09-22,2006,Q3,9,September,2006-09,38,22,5,Friday,0
20060925,2006-09-25,2006,Q3,9,September,2006-09,39,25,1,Monday,0
20060926,2006-09-26,2006,Q3,9,September,2006-09,39,26,2,Tuesday,0
20060927,2006-09-27,2006,Q3,9,September,2006-09,39,27,3,Wednesday,0
20060928,2006-09-28,2006,Q3,9,September,2006-09,39,28,4,Thursday,0
20060929,2006-09-29,2006,Q3,9,September,2006-09,39,29,5,Friday,0
20061003,2006-10-03,2006,Q4,10,October,2006-10,40,3,2,Tuesday,0
20061004,2006-10-04,2006,Q4,10,October,2006-10,40,4,3,Wednesday,0
20061005,2006-10-05,2006,Q4,10,October,2006-10,40,5,4,Thursday,0
20061006,2006-10-06,2006,Q4,10,October,2006-10,40,6,5,Friday,0
20061009,2006-10-09,2006,Q4,10,October,2006-10,41,9,1,Monday,0
20061010,2006-10-10,2006,Q4,10,October,2006-10,41,10,2,Tuesday,0
20061011,2006-10-11,2006,Q4,10,October,2006-10,41,11,3,Wednesday,0
20061012,2006-10-12,2006,Q4,10,October,2006-10,41,12,4,Thursday,0
20061013,2006-10-13,2006,Q4,10,October,2006-10,41,13,5,Friday,0
20061016,2006-10-16,2006,Q4,10,October,2006-10,42,16,1,Monday,0
20061017,2006-10-17,2006,Q4,10,October,2006-10,42,17,2,Tuesday,0
20061018,2006-10-18,2006,Q4,10,October,2006-10,42,18,3,Wednesday,0
20061019,2006-10-19,2006,Q4,10,October,2006-10,42,19,4,Thursday,0
20061020,2006-10-20,2006,Q4,10,October,2006-10,42,20,5,Friday,0
20061023,2006-10-23,2006,Q4,10,October,2006-10,43,23,1,Monday,0
20061026,2006-10-26,2006,Q4,10,October,2006-10,43,26,4,Thursday,0
20061027,2006-10-27,2006,Q4,10,October,2006-10,43,27,5,Friday,0
20061030,2006-10-30,2006,Q4,10,October,2006-10,44,30,1,Monday,0
20061031,2006-10-31,2006,Q4,10,October,2006-10,44,31,2,Tuesday,0
20061101,2006-11-01,2006,Q4,11,November,2006-11,44,1,3,Wednesday,0
20061102,2006-11-02,2006,Q4,11,November,2006-11,44,2,4,Thursday,0
20061103,2006-11-03,2006,Q4,11,November,2006-11,44,3,5,Friday,0
20061106,2006-11-06,2006,Q4,11,November,2006-11,45,6,1,Monday,0
20061107,2006-11-07,2006,Q4,11,November,2006-11,45,7,2,Tuesday,0
20061108,2006-11-08,2006,Q4,11,November,2006-11,45,8,3,Wednesday,0
20061109,2006-11-09,2006,Q4,11,November,2006-11,45,9,4,Thursday,0
20061110,2006-11-10,2006,Q4,11,November,2006-11,45,10,5,Friday,0
20061113,2006-11-13,2006,Q4,11,November,2006-11,46,13,1,Monday,0
20061114,2006-11-14,2006,Q4,11,November,2006-11,46,14,2,Tuesday,0
20061115,2006-11-15,2006,Q4,11,November,2006-11,46,15,3,Wednesday,0
20061116,2006-11-16,2006,Q4,11,November,2006-11,46,16,4,Thursday,0
20061117,2006-11-17,2006,Q4,11,November,2006-11,46,17,5,Friday,0
20061120,2006-11-20,2006,Q4,11,November,2006-11,47,20,1,Monday,0
20061121,2006-11-21,2006,Q4,11,November,2006-11,47,21,2,Tuesday,0
20061122,2006-11-22,2006,Q4,11,November,2006-11,47,22,3,Wednesday,0
20061123,2006-11-23,2006,Q4,11,November,2006-11,47,23,4,Thursday,0
20061124,2006-11-24,2006,Q4,11,November,2006-11,47,24,5,Friday,0
20061127,2006-11-27,2006,Q4,11,November,2006-11,48,27,1,Monday,0
20061128,2006-11-28,2006,Q4,11,November,2006-11,48,28,2,Tuesday,0
20061129,2006-11-29,2006,Q4,11,November,2006-11,48,29,3,Wednesday,0
20061130,2006-11-30,2006,Q4,11,November,2006-11,48,30,4,Thursday,0
20061201,2006-12-01,2006,Q4,12,December,2006-12,48,1,5,Friday,0
20061204,2006-12-04,2006,Q4,12,December,2006-12,49,4,1,Monday,0
20061205,2006-12-05,2006,Q4,12,December,2006-12,49,5,2,Tuesday,0
20061206,2006-12-06,2006,Q4,12,December,2006-12,49,6,3,Wednesday,0
20061207,2006-12-07,2006,Q4,12,December,2006-12,49,7,4,Thursday,0
20061208,2006-12-08,2006,Q4,12,December,2006-12,49,8,5,Friday,0
20061211,2006-12-11,2006,Q4,12,December,2006-12,50,11,1,Monday,0
20061212,2006-12-12,2006,Q4,12,December,2006-12,50,12,2,Tuesday,0
20061213,2006-12-13,2006,Q4,12,December,2006-12,50,13,3,Wednesday,0
20061214,2006-12-14,2006,Q4,12,December,2006-12,50,14,4,Thursday,0
20061215,2006-12-15,2006,Q4,12,December,2006-12,50,15,5,Friday,0
20061218,2006-12-18,2006,Q4,12,December,2006-12,51,18,1,Monday,0
20061219,2006-12-19,2006,Q4,12,December,2006-12,51,19,2,Tuesday,0
20061220,2006-12-20,2006,Q4,12,December,2006-12,51,20,3,Wednesday,0
20061221,2006-12-21,2006,Q4,12,December,2006-12,51,21,4,Thursday,0
20061222,2006-12-22,2006,Q4,12,December,2006-12,51,22,5,Friday,0
20061226,2006-12-26,2006,Q4,12,December,2006-12,52,26,2,Tuesday,0
20061227,2006-12-27,2006,Q4,12,December,2006-12,52,27,3,Wednesday,0
20061228,2006-12-28,2006,Q4,12,December,2006-12,52,28,4,Thursday,0
20061229,2006-12-29,2006,Q4,12,December,2006-12,52,29,5,Friday,0
20070102,2007-01-02,2007,Q1,1,January,2007-01,1,2,2,Tuesday,0
20070103,2007-01-03,2007,Q1,1,January,2007-01,1,3,3,Wednesday,0
20070104,2007-01-04,2007,Q1,1,January,2007-01,1,4,4,Thursday,0
20070105,2007-01-05,2007,Q1,1,January,2007-01,1,5,5,Friday,0
20070108,2007-01-08,2007,Q1,1,January,2007-01,2,8,1,Monday,0
20070109,2007-01-09,2007,Q1,1,January,2007-01,2,9,2,Tuesday,0
20070110,2007-01-10,2007,Q1,1,January,2007-01,2,10,3,Wednesday,0
20070111,2007-01-11,2007,Q1,1,January,2007-01,2,11,4,Thursday,0
20070112,2007-01-12,2007,Q1,1,January,2007-01,2,12,5,Friday,0
20070115,2007-01-15,2007,Q1,1,January,2007-01,3,15,1,Monday,0
20070116,2007-01-16,2007,Q1,1,January,2007-01,3,16,2,Tuesday,0
20070117,2007-01-17,2007,Q1,1,January,2007-01,3,17,3,Wednesday,0
20070118,2007-01-18,2007,Q1,1,January,2007-01,3,18,4,Thursday,0
20070119,2007-01-19,2007,Q1,1,January,2007-01,3,19,5,Friday,0
20070122,2007-01-22,2007,Q1,1,January,2007-01,4,22,1,Monday,0
20070123,2007-01-23,2007,Q1,1,January,2007-01,4,23,2,Tuesday,0
20070124,2007-01-24,2007,Q1,1,January,2007-01,4,24,3,Wednesday,0
20070125,2007-01-25,2007,Q1,1,January,2007-01,4,25,4,Thursday,0
20070129,2007-01-29,2007,Q1,1,January,2007-01,5,29,1,Monday,0
20070131,2007-01-31,2007,Q1,1,January,2007-01,5,31,3,Wednesday,0
20070201,2007-02-01,2007,Q1,2,February,2007-02,5,1,4,Thursday,0
20070202,2007-02-02,2007,Q1,2,February,2007-02,5,2,5,Friday,0
20070205,2007-02-05,2007,Q1,2,February,2007-02,6,5,1,Monday,0
20070206,2007-02-06,2007,Q1,2,February,2007-02,6,6,2,Tuesday,0
20070207,2007-02-07,2007,Q1,2,February,2007-02,6,7,3,Wednesday,0
20070208,2007-02-08,2007,Q1,2,February,2007-02,6,8,4,Thursday,0
20070209,2007-02-09,2007,Q1,2,February,2007-02,6,9,5,Friday,0
20070212,2007-02-12,2007,Q1,2,February,2007-02,7,12,1,Monday,0
20070213,2007-02-13,2007,Q1,2,February,2007-02,7,13,2,Tuesday,0
20070214,2007-02-14,2007,Q1,2,February,2007-02,7,14,3,Wednesday,0
20070215,2007-02-15,2007,Q1,2,February,2007-02,7,15,4,Thursday,0
20070219,2007-02-19,2007,Q1,2,February,2007-02,8,19,1,Monday,0
20070220,2007-02-20,2007,Q1,2,February,2007-02,8,20,2,Tuesday,0
20070221,2007-02-21,2007,Q1,2,February,2007-02,8,21,3,Wednesday,0
20070222,2007-02-22,2007,Q1,2,February,2007-02,8,22,4,Thursday,0
20070223,2007-02-23,2007,Q1,2,February,2007-02,8,23,5,Friday,0
20070226,2007-02-26,2007,Q1,2,February,2007-02,9,26,1,Monday,0
20070227,2007-02-27,2007,Q1,2,February,2007-02,9,27,2,Tuesday,0
20070228,2007-02-28,2007,Q1,2,February,2007-02,9,28,3,Wednesday,0
20070301,2007-03-01,2007,Q1,3,March,2007-03,9,1,4,Thursday,0
20070302,2007-03-02,2007,Q1,3,March,2007-03,9,2,5,Friday,0
20070305,2007-03-05,2007,Q1,3,March,2007-03,10,5,1,Monday,0
20070306,2007-03-06,2007,Q1,3,March,2007-03,10,6,2,Tuesday,0
20070307,2007-03-07,2007,Q1,3,March,2007-03,10,7,3,Wednesday,0
20070308,2007-03-08,2007,Q1,3,March,2007-03,10,8,4,Thursday,0
20070309,2007-03-09,2007,Q1,3,March,2007-03,10,9,5,Friday,0
20070312,2007-03-12,2007,Q1,3,March,2007-03,11,12,1,Monday,0
20070313,2007-03-13,2007,Q1,3,March,2007-03,11,13,2,Tuesday,0
20070314,2007-03-14,2007,Q1,3,March,2007-03,11,14,3,Wednesday,0
20070315,2007-03-15,2007,Q1,3,March,2007-03,11,15,4,Thursday,0
20070316,2007-03-16,2007,Q1,3,March,2007-03,11,16,5,Friday,0
20070319,2007-03-19,2007,Q1,3,March,2007-03,12,19,1,Monday,0
20070320,2007-03-20,2007,Q1,3,March,2007-03,12,20,2,Tuesday,0
20070321,2007-03-21,2007,Q1,3,March,2007-03,12,21,3,Wednesday,0
20070322,2007-03-22,2007,Q1,3,March,2007-03,12,22,4,Thursday,0
20070323,2007-03-23,2007,Q1,3,March,2007-03,12,23,5,Friday,0
20070326,2007-03-26,2007,Q1,3,March,2007-03,13,26,1,Monday,0
20070328,2007-03-28,2007,Q1,3,March,2007-03,13,28,3,Wednesday,0
20070329,2007-03-29,2007,Q1,3,March,2007-03,13,29,4,Thursday,0
20070330,2007-03-30,2007,Q1,3,March,2007-03,13,30,5,Friday,0
20070402,2007-04-02,2007,Q2,4,April,2007-04,14,2,1,Monday,0
20070403,2007-04-03,2007,Q2,4,April,2007-04,14,3,2,Tuesday,0
20070404,2007-04-04,2007,Q2,4,April,2007-04,14,4,3,Wednesday,0
20070405,2007-04-05,2007,Q2,4,April,2007-04,14,5,4,Thursday,0
20070409,2007-04-09,2007,Q2,4,April,2007-04,15,9,1,Monday,0
20070410,2007-04-10,2007,Q2,4,April,2007-04,15,10,2,Tuesday,0
20070411,2007-04-11,2007,Q2,4,April,2007-04,15,11,3,Wednesday,0
20070412,2007-04-12,2007,Q2,4,April,2007-04,15,12,4,Thursday,0
20070413,2007-04-13,2007,Q2,4,April,2007-04,15,13,5,Friday,0
20070416,2007-04-16,2007,Q2,4,April,2007-04,16,16,1,Monday,0
20070417,2007-04-17,2007,Q2,4,April,2007-04,16,17,2,Tuesday,0
20070418,2007-04-18,2007,Q2,4,April,2007-04,16,18,3,Wednesday,0
20070419,2007-04-19,2007,Q2,4,April,2007-04,16,19,4,Thursday,0
20070420,2007-04-20,2007,Q2,4,April,2007-04,16,20,5,Friday,0
20070423,2007-04-23,2007,Q2,4,April,2007-04,17,23,1,Monday,0
20070424,2007-04-24,2007,Q2,4,April,2007-04,17,24,2,Tuesday,0
20070425,2007-04-25,2007,Q2,4,April,2007-04,17,25,3,Wednesday,0
20070426,2007-04-26,2007,Q2,4,April,2007-04,17,26,4,Thursday,0
20070427,2007-04-27,2007,Q2,4,April,2007-04,17,27,5,Friday,0
20070430,2007-04-30,2007,Q2,4,April,2007-04,18,30,1,Monday,0
20070503,2007-05-03,2007,Q2,5,May,2007-05,18,3,4,Thursday,0
20070504,2007-05-04,2007,Q2,5,May,2007-05,18,4,5,Friday,0
20070507,2007-05-07,2007,Q2,5,May,2007-05,19,7,1,Monday,0
20070508,2007-05-08,2007,Q2,5,May,2007-05,19,8,2,Tuesday,0
20070509,2007-05-09,2007,Q2,5,May,2007-05,19,9,3,Wednesday,0
20070510,2007-05-10,2007,Q2,5,May,2007-05,19,10,4,Thursday,0
20070511,2007-05-11,2007,Q2,5,May,2007-05,19,11,5,Friday,0
20070514,2007-05-14,2007,Q2,5,May,2007-05,20,14,1,Monday,0
20070515,2007-05-15,2007,Q2,5,May,2007-05,20,15,2,Tuesday,0
20070516,2007-05-16,2007,Q2,5,May,2007-05,20,16,3,Wednesday,0
20070517,2007-05-17,2007,Q2,5,May,2007-05,20,17,4,Thursday,0
20070518,2007-05-18,2007,Q2,5,May,2007-05,20,18,5,Friday,0
20070521,2007-05-21,2007,Q2,5,May,2007-05,21,21,1,Monday,0
20070522,2007-05-22,2007,Q2,5,May,2007-05,21,22,2,Tuesday,0
20070523,2007-05-23,2007,Q2,5,May,2007-05,21,23,3,Wednesday,0
20070524,2007-05-24,2007,Q2,5,May,2007-05,21,24,4,Thursday,0
20070525,2007-05-25,2007,Q2,5,May,2007-05,21,25,5,Friday,0
20070528,2007-05-28,2007,Q2,5,May,2007-05,22,28,1,Monday,0
20070529,2007-05-29,2007,Q2,5,May,2007-05,22,29,2,Tuesday,0
20070530,2007-05-30,2007,Q2,5,May,2007-05,22,30,3,Wednesday,0
20070531,2007-05-31,2007,Q2,5,May,2007-05,22,31,4,Thursday,0
20070601,2007-06-01,2007,Q2,6,June,2007-06,22,1,5,Friday,0
20070604,2007-06-04,2007,Q2,6,June,2007-06,23,4,1,Monday,0
20070605,2007-06-05,2007,Q2,6,June,2007-06,23,5,2,Tuesday,0
20070606,2007-06-06,2007,Q2,6,June,2007-06,23,6,3,Wednesday,0
20070607,2007-06-07,2007,Q2,6,June,2007-06,23,7,4,Thursday,0
20070608,2007-06-08,2007,Q2,6,June,2007-06,23,8,5,Friday,0
20070611,2007-06-11,2007,Q2,6,June,2007-06,24,11,1,Monday,0
20070612,2007-06-12,2007,Q2,6,June,2007-06,24,12,2,Tuesday,0
20070613,2007-06-13,2007,Q2,6,June,2007-06,24,13,3,Wednesday,0
20070614,2007-06-14,2007,Q2,6,June,2007-06,24,14,4,Thursday,0
20070615,2007-06-15,2007,Q2,6,June,2007-06,24,15,5,Friday,0
20070618,2007-06-18,2007,Q2,6,June,2007-06,25,18,1,Monday,0
20070619,2007-06-19,2007,Q2,6,June,2007-06,25,19,2,Tuesday,0
20070620,2007-06-20,2007,Q2,6,June,2007-06,25,20,3,Wednesday,0
20070621,2007-06-21,2007,Q2,6,June,2007-06,25,21,4,Thursday,0
20070622,2007-06-22,2007,Q2,6,June,2007-06,25,22,5,Friday,0
20070625,2007-06-25,2007,Q2,6,June,2007-06,26,25,1,Monday,0
20070626,2007-06-26,2007,Q2,6,June,2007-06,26,26,2,Tuesday,0
20070627,2007-06-27,2007,Q2,6,June,2007-06,26,27,3,Wednesday,0
20070628,2007-06-28,2007,Q2,6,June,2007-06,26,28,4,Thursday,0
20070629,2007-06-29,2007,Q2,6,June,2007-06,26,29,5,Friday,0
20070702,2007-07-02,2007,Q3,7,July,2007-07,27,2,1,Monday,0
20070703,2007-07-03,2007,Q3,7,July,2007-07,27,3,2,Tuesday,0
20070704,2007-07-04,2007,Q3,7,July,2007-07,27,4,3,Wednesday,0
20070705,2007-07-05,2007,Q3,7,July,2007-07,27,5,4,Thursday,0
20070706,2007-07-06,2007,Q3,7,July,2007-07,27,6,5,Friday,0
20070709,2007-07-09,2007,Q3,7,July,2007-07,28,9,1,Monday,0
20070710,2007-07-10,2007,Q3,7,July,2007-07,28,10,2,Tuesday,0
20070711,2007-07-11,2007,Q3,7,July,2007-07,28,11,3,Wednesday,0
20070712,2007-07-12,2007,Q3,7,July,2007-07,28,12,4,Thursday,0
20070713,2007-07-13,2007,Q3,7,July,2007-07,28,13,5,Friday,0
20070716,2007-07-16,2007,Q3,7,July,2007-07,29,16,1,Monday,0
20070717,2007-07-17,2007,Q3,7,July,2007-07,29,17,2,Tuesday,0
20070718,2007-07-18,2007,Q3,7,July,2007-07,29,18,3,Wednesday,0
20070719,2007-07-19,2007,Q3,7,July,2007-07,29,19,4,Thursday,0
20070720,2007-07-20,2007,Q3,7,July,2007-07,29,20,5,Friday,0
20070723,2007-07-23,2007,Q3,7,July,2007-07,30,23,1,Monday,0
20070724,2007-07-24,2007,Q3,7,July,2007-07,30,24,2,Tuesday,0
20070725,2007-07-25,2007,Q3,7,July,2007-07,30,25,3,Wednesday,0
20070726,2007-07-26,2007,Q3,7,July,2007-07,30,26,4,Thursday,0
20070727,2007-07-27,2007,Q3,7,July,2007-07,30,27,5,Friday,0
20070730,2007-07-30,2007,Q3,7,July,2007-07,31,30,1,Monday,0
20070731,2007-07-31,2007,Q3,7,July,2007-07,31,31,2,Tuesday,0
20070801,2007-08-01,2007,Q3,8,August,2007-08,31,1,3,Wednesday,0
20070802,2007-08-02,2007,Q3,8,August,2007-08,31,2,4,Thursday,0
20070803,2007-08-03,2007,Q3,8,August,2007-08,31,3,5,Friday,0
20070806,2007-08-06,2007,Q3,8,August,2007-08,32,6,1,Monday,0
20070807,2007-08-07,2007,Q3,8,August,2007-08,32,7,2,Tuesday,0
20070808,2007-08-08,2007,Q3,8,August,2007-08,32,8,3,Wednesday,0
20070809,2007-08-09,2007,Q3,8,August,2007-08,32,9,4,Thursday,0
20070810,2007-08-10,2007,Q3,8,August,2007-08,32,10,5,Friday,0
20070813,2007-08-13,2007,Q3,8,August,2007-08,33,13,1,Monday,0
20070814,2007-08-14,2007,Q3,8,August,2007-08,33,14,2,Tuesday,0
20070816,2007-08-16,2007,Q3,8,August,2007-08,33,16,4,Thursday,0
20070817,2007-08-17,2007,Q3,8,August,2007-08,33,17,5,Friday,0
20070820,2007-08-20,2007,Q3,8,August,2007-08,34,20,1,Monday,0
20070821,2007-08-21,2007,Q3,8,August,2007-08,34,21,2,Tuesday,0
20070822,2007-08-22,2007,Q3,8,August,2007-08,34,22,3,Wednesday,0
20070823,2007-08-23,2007,Q3,8,August,2007-08,34,23,4,Thursday,0
20070824,2007-08-24,2007,Q3,8,August,2007-08,34,24,5,Friday,0
20070827,2007-08-27,2007,Q3,8,August,2007-08,35,27,1,Monday,0
20070828,2007-08-28,2007,Q3,8,August,2007-08,35,28,2,Tuesday,0
20070829,2007-08-29,2007,Q3,8,August,2007-08,35,29,3,Wednesday,0
20070830,2007-08-30,2007,Q3,8,August,2007-08,35,30,4,Thursday,0
20070831,2007-08-31,2007,Q3,8,August,2007-08,35,31,5,Friday,0
20070903,2007-09-03,2007,Q3,9,September,2007-09,36,3,1,Monday,0
20070904,2007-09-04,2007,Q3,9,September,2007-09,36,4,2,Tuesday,0
20070905,2007-09-05,2007,Q3,9,September,2007-09,36,5,3,Wednesday,0
20070906,2007-09-06,2007,Q3,9,September,2007-09,36,6,4,Thursday,0
20070907,2007-09-07,2007,Q3,9,September,2007-09,36,7,5,Friday,0
20070910,2007-09-10,2007,Q3,9,September,2007-09,37,10,1,Monday,0
20070911,2007-09-11,2007,Q3,9,September,2007-09,37,11,2,Tuesday,0
20070912,2007-09-12,2007,Q3,9,September,2007-09,37,12,3,Wednesday,0
20070913,2007-09-13,2007,Q3,9,September,2007-09,37,13,4,Thursday,0
20070914,2007-09-14,2007,Q3,9,September,2007-09,37,14,5,Friday,0
20070917,2007-09-17,2007,Q3,9,September,2007-09,38,17,1,Monday,0
20070918,2007-09-18,2007,Q3,9,September,2007-09,38,18,2,Tuesday,0
20070919,2007-09-19,2007,Q3,9,September,2007-09,38,19,3,Wednesday,0
20070920,2007-09-20,2007,Q3,9,September,2007-09,38,20,4,Thursday,0
20070921,2007-09-21,2007,Q3,9,September,2007-09,38,21,5,Friday,0
20070924,2007-09-24,2007,Q3,9,September,2007-09,39,24,1,Monday,0
20070925,2007-09-25,2007,Q3,9,September,2007-09,39,25,2,Tuesday,0
20070926,2007-09-26,2007,Q3,9,September,2007-09,39,26,3,Wednesday,0
20070927,2007-09-27,2007,Q3,9,September,2007-09,39,27,4,Thursday,0
20070928,2007-09-28,2007,Q3,9,September,2007-09,39,28,5,Friday,0
20071001,2007-10-01,2007,Q4,10,October,2007-10,40,1,1,Monday,0
20071003,2007-10-03,2007,Q4,10,October,2007-10,40,3,3,Wednesday,0
20071004,2007-10-04,2007,Q4,10,October,2007-10,40,4,4,Thursday,0
20071005,2007-10-05,2007,Q4,10,October,2007-10,40,5,5,Friday,0
20071008,2007-10-08,2007,Q4,10,October,2007-10,41,8,1,Monday,0
20071009,2007-10-09,2007,Q4,10,October,2007-10,41,9,2,Tuesday,0
20071010,2007-10-10,2007,Q4,10,October,2007-10,41,10,3,Wednesday,0
20071011,2007-10-11,2007,Q4,10,October,2007-10,41,11,4,Thursday,0
20071012,2007-10-12,2007,Q4,10,October,2007-10,41,12,5,Friday,0
20071015,2007-10-15,2007,Q4,10,October,2007-10,42,15,1,Monday,0
20071016,2007-10-16,2007,Q4,10,October,2007-10,42,16,2,Tuesday,0
20071017,2007-10-17,2007,Q4,10,October,2007-10,42,17,3,Wednesday,0
20071018,2007-10-18,2007,Q4,10,October,2007-10,42,18,4,Thursday,0
20071019,2007-10-19,2007,Q4,10,October,2007-10,42,19,5,Friday,0
20071022,2007-10-22,2007,Q4,10,October,2007-10,43,22,1,Monday,0
20071023,2007-10-23,2007,Q4,10,October,2007-10,43,23,2,Tuesday,0
20071024,2007-10-24,2007,Q4,10,October,2007-10,43,24,3,Wednesday,0
20071025,2007-10-25,2007,Q4,10,October,2007-10,43,25,4,Thursday,0
20071026,2007-10-26,2007,Q4,10,October,2007-10,43,26,5,Friday,0
20071029,2007-10-29,2007,Q4,10,October,2007-10,44,29,1,Monday,0
20071030,2007-10-30,2007,Q4,10,October,2007-10,44,30,2,Tuesday,0
20071031,2007-10-31,2007,Q4,10,October,2007-10,44,31,3,Wednesday,0
20071101,2007-11-01,2007,Q4,11,November,2007-11,44,1,4,Thursday,0
20071102,2007-11-02,2007,Q4,11,November,2007-11,44,2,5,Friday,0
20071105,2007-11-05,2007,Q4,11,November,2007-11,45,5,1,Monday,0
20071106,2007-11-06,2007,Q4,11,November,2007-11,45,6,2,Tuesday,0
20071107,2007-11-07,2007,Q4,11,November,2007-11,45,7,3,Wednesday,0
20071108,2007-11-08,2007,Q4,11,November,2007-11,45,8,4,Thursday,0
20071109,2007-11-09,2007,Q4,11,November,2007-11,45,9,5,Friday,0
20071112,2007-11-12,2007,Q4,11,November,2007-11,46,12,1,Monday,0
20071113,2007-11-13,2007,Q4,11,November,2007-11,46,13,2,Tuesday,0
20071114,2007-11-14,2007,Q4,11,November,2007-11,46,14,3,Wednesday,0
20071115,2007-11-15,2007,Q4,11,November,2007-11,46,15,4,Thursday,0
20071116,2007-11-16,2007,Q4,11,November,2007-11,46,16,5,Friday,0
20071119,2007-11-19,2007,Q4,11,November,2007-11,47,19,1,Monday,0
20071120,2007-11-20,2007,Q4,11,November,2007-11,47,20,2,Tuesday,0
20071121,2007-11-21,2007,Q4,11,November,2007-11,47,21,3,Wednesday,0
20071122,2007-11-22,2007,Q4,11,November,2007-11,47,22,4,Thursday,0
20071123,2007-11-23,2007,Q4,11,November,2007-11,47,23,5,Friday,0
20071126,2007-11-26,2007,Q4,11,November,2007-11,48,26,1,Monday,0
20071127,2007-11-27,2007,Q4,11,November,2007-11,48,27,2,Tuesday,0
20071128,2007-11-28,2007,Q4,11,November,2007-11,48,28,3,Wednesday,0
20071129,2007-11-29,2007,Q4,11,November,2007-11,48,29,4,Thursday,0
20071130,2007-11-30,2007,Q4,11,November,2007-11,48,30,5,Friday,0
20071203,2007-12-03,2007,Q4,12,December,2007-12,49,3,1,Monday,0
20071204,2007-12-04,2007,Q4,12,December,2007-12,49,4,2,Tuesday,0
20071205,2007-12-05,2007,Q4,12,December,2007-12,49,5,3,Wednesday,0
20071206,2007-12-06,2007,Q4,12,December,2007-12,49,6,4,Thursday,0
20071207,2007-12-07,2007,Q4,12,December,2007-12,49,7,5,Friday,0
20071210,2007-12-10,2007,Q4,12,December,2007-12,50,10,1,Monday,0
20071211,2007-12-11,2007,Q4,12,December,2007-12,50,11,2,Tuesday,0
20071212,2007-12-12,2007,Q4,12,December,2007-12,50,12,3,Wednesday,0
20071213,2007-12-13,2007,Q4,12,December,2007-12,50,13,4,Thursday,0
20071214,2007-12-14,2007,Q4,12,December,2007-12,50,14,5,Friday,0
20071217,2007-12-17,2007,Q4,12,December,2007-12,51,17,1,Monday,0
20071218,2007-12-18,2007,Q4,12,December,2007-12,51,18,2,Tuesday,0
20071219,2007-12-19,2007,Q4,12,December,2007-12,51,19,3,Wednesday,0
20071220,2007-12-20,2007,Q4,12,December,2007-12,51,20,4,Thursday,0
20071224,2007-12-24,2007,Q4,12,December,2007-12,52,24,1,Monday,0
20071226,2007-12-26,2007,Q4,12,December,2007-12,52,26,3,Wednesday,0
20071227,2007-12-27,2007,Q4,12,December,2007-12,52,27,4,Thursday,0
20071228,2007-12-28,2007,Q4,12,December,2007-12,52,28,5,Friday,0
20071231,2007-12-31,2007,Q4,12,December,2007-12,1,31,1,Monday,0
20080101,2008-01-01,2008,Q1,1,January,2008-01,1,1,2,Tuesday,0
20080102,2008-01-02,2008,Q1,1,January,2008-01,1,2,3,Wednesday,0
20080103,2008-01-03,2008,Q1,1,January,2008-01,1,3,4,Thursday,0
20080104,2008-01-04,2008,Q1,1,January,2008-01,1,4,5,Friday,0
20080107,2008-01-07,2008,Q1,1,January,2008-01,2,7,1,Monday,0
20080108,2008-01-08,2008,Q1,1,January,2008-01,2,8,2,Tuesday,0
20080109,2008-01-09,2008,Q1,1,January,2008-01,2,9,3,Wednesday,0
20080110,2008-01-10,2008,Q1,1,January,2008-01,2,10,4,Thursday,0
20080111,2008-01-11,2008,Q1,1,January,2008-01,2,11,5,Friday,0
20080114,2008-01-14,2008,Q1,1,January,2008-01,3,14,1,Monday,0
20080115,2008-01-15,2008,Q1,1,January,2008-01,3,15,2,Tuesday,0
20080116,2008-01-16,2008,Q1,1,January,2008-01,3,16,3,Wednesday,0
20080117,2008-01-17,2008,Q1,1,January,2008-01,3,17,4,Thursday,0
20080118,2008-01-18,2008,Q1,1,January,2008-01,3,18,5,Friday,0
20080121,2008-01-21,2008,Q1,1,January,2008-01,4,21,1,Monday,0
20080122,2008-01-22,2008,Q1,1,January,2008-01,4,22,2,Tuesday,0
20080123,2008-01-23,2008,Q1,1,January,2008-01,4,23,3,Wednesday,0
20080124,2008-01-24,2008,Q1,1,January,2008-01,4,24,4,Thursday,0
20080125,2008-01-25,2008,Q1,1,January,2008-01,4,25,5,Friday,0
20080128,2008-01-28,2008,Q1,1,January,2008-01,5,28,1,Monday,0
20080129,2008-01-29,2008,Q1,1,January,2008-01,5,29,2,Tuesday,0
20080130,2008-01-30,2008,Q1,1,January,2008-01,5,30,3,Wednesday,0
20080131,2008-01-31,2008,Q1,1,January,2008-01,5,31,4,Thursday,0
20080201,2008-02-01,2008,Q1,2,February,2008-02,5,1,5,Friday,0
20080204,2008-02-04,2008,Q1,2,February,2008-02,6,4,1,Monday,0
20080205,2008-02-05,2008,Q1,2,February,2008-02,6,5,2,Tuesday,0
20080206,2008-02-06,2008,Q1,2,February,2008-02,6,6,3,Wednesday,0
20080207,2008-02-07,2008,Q1,2,February,2008-02,6,7,4,Thursday,0
20080208,2008-02-08,2008,Q1,2,February,2008-02,6,8,5,Friday,0
20080211,2008-02-11,2008,Q1,2,February,2008-02,7,11,1,Monday,0
20080212,2008-02-12,2008,Q1,2,February,2008-02,7,12,2,Tuesday,0
20080213,2008-02-13,2008,Q1,2,February,2008-02,7,13,3,Wednesday,0
20080214,2008-02-14,2008,Q1,2,February,2008-02,7,14,4,Thursday,0
20080215,2008-02-15,2008,Q1,2,February,2008-02,7,15,5,Friday,0
20080218,2008-02-18,2008,Q1,2,February,2008-02,8,18,1,Monday,0
20080219,2008-02-19,2008,Q1,2,February,2008-02,8,19,2,Tuesday,0
20080220,2008-02-20,2008,Q1,2,February,2008-02,8,20,3,Wednesday,0
20080221,2008-02-21,2008,Q1,2,February,2008-02,8,21,4,Thursday,0
20080222,2008-02-22,2008,Q1,2,February,2008-02,8,22,5,Friday,0
20080225,2008-02-25,2008,Q1,2,February,2008-02,9,25,1,Monday,0
20080226,2008-02-26,2008,Q1,2,February,2008-02,9,26,2,Tuesday,0
20080227,2008-02-27,2008,Q1,2,February,2008-02,9,27,3,Wednesday,0
20080228,2008-02-28,2008,Q1,2,February,2008-02,9,28,4,Thursday,0
20080229,2008-02-29,2008,Q1,2,February,2008-02,9,29,5,Friday,0
20080303,2008-03-03,2008,Q1,3,March,2008-03,10,3,1,Monday,0
20080304,2008-03-04,2008,Q1,3,March,2008-03,10,4,2,Tuesday,0
20080305,2008-03-05,2008,Q1,3,March,2008-03,10,5,3,Wednesday,0
20080307,2008-03-07,2008,Q1,3,March,2008-03,10,7,5,Friday,0
20080310,2008-03-10,2008,Q1,3,March,2008-03,11,10,1,Monday,0
20080311,2008-03-11,2008,Q1,3,March,2008-03,11,11,2,Tuesday,0
20080312,2008-03-12,2008,Q1,3,March,2008-03,11,12,3,Wednesday,0
20080313,2008-03-13,2008,Q1,3,March,2008-03,11,13,4,Thursday,0
20080314,2008-03-14,2008,Q1,3,March,2008-03,11,14,5,Friday,0
20080317,2008-03-17,2008,Q1,3,March,2008-03,12,17,1,Monday,0
20080318,2008-03-18,2008,Q1,3,March,2008-03,12,18,2,Tuesday,0
20080319,2008-03-19,2008,Q1,3,March,2008-03,12,19,3,Wednesday,0
20080324,2008-03-24,2008,Q1,3,March,2008-03,13,24,1,Monday,0
20080325,2008-03-25,2008,Q1,3,March,2008-03,13,25,2,Tuesday,0
20080326,2008-03-26,2008,Q1,3,March,2008-03,13,26,3,Wednesday,0
20080327,2008-03-27,2008,Q1,3,March,2008-03,13,27,4,Thursday,0
20080328,2008-03-28,2008,Q1,3,March,2008-03,13,28,5,Friday,0
20080331,2008-03-31,2008,Q1,3,March,2008-03,14,31,1,Monday,0
20080401,2008-04-01,2008,Q2,4,April,2008-04,14,1,2,Tuesday,0
20080402,2008-04-02,2008,Q2,4,April,2008-04,14,2,3,Wednesday,0
20080403,2008-04-03,2008,Q2,4,April,2008-04,14,3,4,Thursday,0
20080404,2008-04-04,2008,Q2,4,April,2008-04,14,4,5,Friday,0
20080407,2008-04-07,2008,Q2,4,April,2008-04,15,7,1,Monday,0
20080408,2008-04-08,2008,Q2,4,April,2008-04,15,8,2,Tuesday,0
20080409,2008-04-09,2008,Q2,4,April,2008-04,15,9,3,Wednesday,0
20080410,2008-04-10,2008,Q2,4,April,2008-04,15,10,4,Thursday,0
20080411,2008-04-11,2008,Q2,4,April,2008-04,15,11,5,Friday,0
20080415,2008-04-15,2008,Q2,4,April,2008-04,16,15,2,Tuesday,0
20080416,2008-04-16,2008,Q2,4,April,2008-04,16,16,3,Wednesday,0
20080417,2008-04-17,2008,Q2,4,April,2008-04,16,17,4,Thursday,0
20080421,2008-04-21,2008,Q2,4,April,2008-04,17,21,1,Monday,0
20080422,2008-04-22,2008,Q2,4,April,2008-04,17,22,2,Tuesday,0
20080423,2008-04-23,2008,Q2,4,April,2008-04,17,23,3,Wednesday,0
20080424,2008-04-24,2008,Q2,4,April,2008-04,17,24,4,Thursday,0
20080425,2008-04-25,2008,Q2,4,April,2008-04,17,25,5,Friday,0
20080428,2008-04-28,2008,Q2,4,April,2008-04,18,28,1,Monday,0
20080429,2008-04-29,2008,Q2,4,April,2008-04,18,29,2,Tuesday,0
20080430,2008-04-30,2008,Q2,4,April,2008-04,18,30,3,Wednesday,0
20080502,2008-05-02,2008,Q2,5,May,2008-05,18,2,5,Friday,0
20080505,2008-05-05,2008,Q2,5,May,2008-05,19,5,1,Monday,0
20080506,2008-05-06,2008,Q2,5,May,2008-05,19,6,2,Tuesday,0
20080507,2008-05-07,2008,Q2,5,May,2008-05,19,7,3,Wednesday,0
20080508,2008-05-08,2008,Q2,5,May,2008-05,19,8,4,Thursday,0
20080509,2008-05-09,2008,Q2,5,May,2008-05,19,9,5,Friday,0
20080512,2008-05-12,2008,Q2,5,May,2008-05,20,12,1,Monday,0
20080513,2008-05-13,2008,Q2,5,May,2008-05,20,13,2,Tuesday,0
20080514,2008-05-14,2008,Q2,5,May,2008-05,20,14,3,Wednesday,0
20080515,2008-05-15,2008,Q2,5,May,2008-05,20,15,4,Thursday,0
20080516,2008-05-16,2008,Q2,5,May,2008-05,20,16,5,Friday,0
20080520,2008-05-20,2008,Q2,5,May,2008-05,21,20,2,Tuesday,0
20080521,2008-05-21,2008,Q2,5,May,2008-05,21,21,3,Wednesday,0
20080522,2008-05-22,2008,Q2,5,May,2008-05,21,22,4,Thursday,0
20080523,2008-05-23,2008,Q2,5,May,2008-05,21,23,5,Friday,0
20080526,2008-05-26,2008,Q2,5,May,2008-05,22,26,1,Monday,0
20080527,2008-05-27,2008,Q2,5,May,2008-05,22,27,2,Tuesday,0
20080528,2008-05-28,2008,Q2,5,May,2008-05,22,28,3,Wednesday,0
20080529,2008-05-29,2008,Q2,5,May,2008-05,22,29,4,Thursday,0
20080530,2008-05-30,2008,Q2,5,May,2008-05,22,30,5,Friday,0
20080602,2008-06-02,2008,Q2,6,June,2008-06,23,2,1,Monday,0
20080603,2008-06-03,2008,Q2,6,June,2008-06,23,3,2,Tuesday,0
20080604,2008-06-04,2008,Q2,6,June,2008-06,23,4,3,Wednesday,0
20080605,2008-06-05,2008,Q2,6,June,2008-06,23,5,4,Thursday,0
20080606,2008-06-06,2008,Q2,6,June,2008-06,23,6,5,Friday,0
20080609,2008-06-09,2008,Q2,6,June,2008-06,24,9,1,Monday,0
20080610,2008-06-10,2008,Q2,6,June,2008-06,24,10,2,Tuesday,0
20080611,2008-06-11,2008,Q2,6,June,2008-06,24,11,3,Wednesday,0
20080612,2008-06-12,2008,Q2,6,June,2008-06,24,12,4,Thursday,0
20080613,2008-06-13,2008,Q2,6,June,2008-06,24,13,5,Friday,0
20080616,2008-06-16,2008,Q2,6,June,2008-06,25,16,1,Monday,0
20080617,2008-06-17,2008,Q2,6,June,2008-06,25,17,2,Tuesday,0
20080618,2008-06-18,2008,Q2,6,June,2008-06,25,18,3,Wednesday,0
20080619,2008-06-19,2008,Q2,6,June,2008-06,25,19,4,Thursday,0
20080620,2008-06-20,2008,Q2,6,June,2008-06,25,20,5,Friday,0
20080623,2008-06-23,2008,Q2,6,June,2008-06,26,23,1,Monday,0
20080624,2008-06-24,2008,Q2,6,June,2008-06,26,24,2,Tuesday,0
20080625,2008-06-25,2008,Q2,6,June,2008-06,26,25,3,Wednesday,0
20080626,2008-06-26,2008,Q2,6,June,2008-06,26,26,4,Thursday,0
20080627,2008-06-27,2008,Q2,6,June,2008-06,26,27,5,Friday,0
20080630,2008-06-30,2008,Q2,6,June,2008-06,27,30,1,Monday,0
20080701,2008-07-01,2008,Q3,7,July,2008-07,27,1,2,Tuesday,0
20080702,2008-07-02,2008,Q3,7,July,2008-07,27,2,3,Wednesday,0
20080703,2008-07-03,2008,Q3,7,July,2008-07,27,3,4,Thursday,0
20080704,2008-07-04,2008,Q3,7,July,2008-07,27,4,5,Friday,0
20080707,2008-07-07,2008,Q3,7,July,2008-07,28,7,1,Monday,0
20080708,2008-07-08,2008,Q3,7,July,2008-07,28,8,2,Tuesday,0
20080709,2008-07-09,2008,Q3,7,July,2008-07,28,9,3,Wednesday,0
20080710,2008-07-10,2008,Q3,7,July,2008-07,28,10,4,Thursday,0
20080711,2008-07-11,2008,Q3,7,July,2008-07,28,11,5,Friday,0
20080714,2008-07-14,2008,Q3,7,July,2008-07,29,14,1,Monday,0
20080715,2008-07-15,2008,Q3,7,July,2008-07,29,15,2,Tuesday,0
20080716,2008-07-16,2008,Q3,7,July,2008-07,29,16,3,Wednesday,0
20080717,2008-07-17,2008,Q3,7,July,2008-07,29,17,4,Thursday,0
20080718,2008-07-18,2008,Q3,7,July,2008-07,29,18,5,Friday,0
20080721,2008-07-21,2008,Q3,7,July,2008-07,30,21,1,Monday,0
20080722,2008-07-22,2008,Q3,7,July,2008-07,30,22,2,Tuesday,0
20080723,2008-07-23,2008,Q3,7,July,2008-07,30,23,3,Wednesday,0
20080724,2008-07-24,2008,Q3,7,July,2008-07,30,24,4,Thursday,0
20080725,2008-07-25,2008,Q3,7,July,2008-07,30,25,5,Friday,0
20080728,2008-07-28,2008,Q3,7,July,2008-07,31,28,1,Monday,0
20080729,2008-07-29,2008,Q3,7,July,2008-07,31,29,2,Tuesday,0
20080730,2008-07-30,2008,Q3,7,July,2008-07,31,30,3,Wednesday,0
20080731,2008-07-31,2008,Q3,7,July,2008-07,31,31,4,Thursday,0
20080801,2008-08-01,2008,Q3,8,August,2008-08,31,1,5,Friday,0
20080804,2008-08-04,2008,Q3,8,August,2008-08,32,4,1,Monday,0
20080805,2008-08-05,2008,Q3,8,August,2008-08,32,5,2,Tuesday,0
20080806,2008-08-06,2008,Q3,8,August,2008-08,32,6,3,Wednesday,0
20080807,2008-08-07,2008,Q3,8,August,2008-08,32,7,4,Thursday,0
20080808,2008-08-08,2008,Q3,8,August,2008-08,32,8,5,Friday,0
20080811,2008-08-11,2008,Q3,8,August,2008-08,33,11,1,Monday,0
20080812,2008-08-12,2008,Q3,8,August,2008-08,33,12,2,Tuesday,0
20080813,2008-08-13,2008,Q3,8,August,2008-08,33,13,3,Wednesday,0
20080814,2008-08-14,2008,Q3,8,August,2008-08,33,14,4,Thursday,0
20080818,2008-08-18,2008,Q3,8,August,2008-08,34,18,1,Monday,0
20080819,2008-08-19,2008,Q3,8,August,2008-08,34,19,2,Tuesday,0
20080820,2008-08-20,2008,Q3,8,August,2008-08,34,20,3,Wednesday,0
20080821,2008-08-21,2008,Q3,8,August,2008-08,34,21,4,Thursday,0
20080822,2008-08-22,2008,Q3,8,August,2008-08,34,22,5,Friday,0
20080825,2008-08-25,2008,Q3,8,August,2008-08,35,25,1,Monday,0
20080826,2008-08-26,2008,Q3,8,August,2008-08,35,26,2,Tuesday,0
20080827,2008-08-27,2008,Q3,8,August,2008-08,35,27,3,Wednesday,0
20080828,2008-08-28,2008,Q3,8,August,2008-08,35,28,4,Thursday,0
20080829,2008-08-29,2008,Q3,8,August,2008-08,35,29,5,Friday,0
20080901,2008-09-01,2008,Q3,9,September,2008-09,36,1,1,Monday,0
20080902,2008-09-02,2008,Q3,9,September,2008-09,36,2,2,Tuesday,0
20080904,2008-09-04,2008,Q3,9,September,2008-09,36,4,4,Thursday,0
20080905,2008-09-05,2008,Q3,9,September,2008-09,36,5,5,Friday,0
20080908,2008-09-08,2008,Q3,9,September,2008-09,37,8,1,Monday,0
20080909,2008-09-09,2008,Q3,9,September,2008-09,37,9,2,Tuesday,0
20080910,2008-09-10,2008,Q3,9,September,2008-09,37,10,3,Wednesday,0
20080911,2008-09-11,2008,Q3,9,September,2008-09,37,11,4,Thursday,0
20080912,2008-09-12,2008,Q3,9,September,2008-09,37,12,5,Friday,0
20080915,2008-09-15,2008,Q3,9,September,2008-09,38,15,1,Monday,0
20080916,2008-09-16,2008,Q3,9,September,2008-09,38,16,2,Tuesday,0
20080917,2008-09-17,2008,Q3,9,September,2008-09,38,17,3,Wednesday,0
20080918,2008-09-18,2008,Q3,9,September,2008-09,38,18,4,Thursday,0
20080919,2008-09-19,2008,Q3,9,September,2008-09,38,19,5,Friday,0
20080922,2008-09-22,2008,Q3,9,September,2008-09,39,22,1,Monday,0
20080923,2008-09-23,2008,Q3,9,September,2008-09,39,23,2,Tuesday,0
20080924,2008-09-24,2008,Q3,9,September,2008-09,39,24,3,Wednesday,0
20080925,2008-09-25,2008,Q3,9,September,2008-09,39,25,4,Thursday,0
20080926,2008-09-26,2008,Q3,9,September,2008-09,39,26,5,Friday,0
20080929,2008-09-29,2008,Q3,9,September,2008-09,40,29,1,Monday,0
20080930,2008-09-30,2008,Q3,9,September,2008-09,40,30,2,Tuesday,0
20081001,2008-10-01,2008,Q4,10,October,2008-10,40,1,3,Wednesday,0
20081003,2008-10-03,2008,Q4,10,October,2008-10,40,3,5,Friday,0
20081006,2008-10-06,2008,Q4,10,October,2008-10,41,6,1,Monday,0
20081007,2008-10-07,2008,Q4,10,October,2008-10,41,7,2,Tuesday,0
20081008,2008-10-08,2008,Q4,10,October,2008-10,41,8,3,Wednesday,0
20081010,2008-10-10,2008,Q4,10,October,2008-10,41,10,5,Friday,0
20081013,2008-10-13,2008,Q4,10,October,2008-10,42,13,1,Monday,0
20081014,2008-10-14,2008,Q4,10,October,2008-10,42,14,2,Tuesday,0
20081015,2008-10-15,2008,Q4,10,October,2008-10,42,15,3,Wednesday,0
20081016,2008-10-16,2008,Q4,10,October,2008-10,42,16,4,Thursday,0
20081017,2008-10-17,2008,Q4,10,October,2008-10,42,17,5,Friday,0
20081020,2008-10-20,2008,Q4,10,October,2008-10,43,20,1,Monday,0
20081021,2008-10-21,2008,Q4,10,October,2008-10,43,21,2,Tuesday,0
20081022,2008-10-22,2008,Q4,10,October,2008-10,43,22,3,Wednesday,0
20081023,2008-10-23,2008,Q4,10,October,2008-10,43,23,4,Thursday,0
20081024,2008-10-24,2008,Q4,10,October,2008-10,43,24,5,Friday,0
20081027,2008-10-27,2008,Q4,10,October,2008-10,44,27,1,Monday,0
20081028,2008-10-28,2008,Q4,10,October,2008-10,44,28,2,Tuesday,0
20081029,2008-10-29,2008,Q4,10,October,2008-10,44,29,3,Wednesday,0
20081031,2008-10-31,2008,Q4,10,October,2008-10,44,31,5,Friday,0
20081103,2008-11-03,2008,Q4,11,November,2008-11,45,3,1,Monday,0
20081104,2008-11-04,2008,Q4,11,November,2008-11,45,4,2,Tuesday,0
20081105,2008-11-05,2008,Q4,11,November,2008-11,45,5,3,Wednesday,0
20081106,2008-11-06,2008,Q4,11,November,2008-11,45,6,4,Thursday,0
20081107,2008-11-07,2008,Q4,11,November,2008-11,45,7,5,Friday,0
20081110,2008-11-10,2008,Q4,11,November,2008-11,46,10,1,Monday,0
20081111,2008-11-11,2008,Q4,11,November,2008-11,46,11,2,Tuesday,0
20081112,2008-11-12,2008,Q4,11,November,2008-11,46,12,3,Wednesday,0
20081114,2008-11-14,2008,Q4,11,November,2008-11,46,14,5,Friday,0
20081117,2008-11-17,2008,Q4,11,November,2008-11,47,17,1,Monday,0
20081118,2008-11-18,2008,Q4,11,November,2008-11,47,18,2,Tuesday,0
20081119,2008-11-19,2008,Q4,11,November,2008-11,47,19,3,Wednesday,0
20081120,2008-11-20,2008,Q4,11,November,2008-11,47,20,4,Thursday,0
20081121,2008-11-21,2008,Q4,11,November,2008-11,47,21,5,Friday,0
20081124,2008-11-24,2008,Q4,11,November,2008-11,48,24,1,Monday,0
20081125,2008-11-25,2008,Q4,11,November,2008-11,48,25,2,Tuesday,0
20081126,2008-11-26,2008,Q4,11,November,2008-11,48,26,3,Wednesday,0
20081127,2008-11-27,2008,Q4,11,November,2008-11,48,27,4,Thursday,0
20081128,2008-11-28,2008,Q4,11,November,2008-11,48,28,5,Friday,0
20081201,2008-12-01,2008,Q4,12,December,2008-12,49,1,1,Monday,0
20081202,2008-12-02,2008,Q4,12,December,2008-12,49,2,2,Tuesday,0
20081203,2008-12-03,2008,Q4,12,December,2008-12,49,3,3,Wednesday,0
20081204,2008-12-04,2008,Q4,12,December,2008-12,49,4,4,Thursday,0
20081205,2008-12-05,2008,Q4,12,December,2008-12,49,5,5,Friday,0
20081208,2008-12-08,2008,Q4,12,December,2008-12,50,8,1,Monday,0
20081210,2008-12-10,2008,Q4,12,December,2008-12,50,10,3,Wednesday,0
20081211,2008-12-11,2008,Q4,12,December,2008-12,50,11,4,Thursday,0
20081212,2008-12-12,2008,Q4,12,December,2008-12,50,12,5,Friday,0
20081215,2008-12-15,2008,Q4,12,December,2008-12,51,15,1,Monday,0
20081216,2008-12-16,2008,Q4,12,December,2008-12,51,16,2,Tuesday,0
20081217,2008-12-17,2008,Q4,12,December,2008-12,51,17,3,Wednesday,0
20081218,2008-12-18,2008,Q4,12,December,2008-12,51,18,4,Thursday,0
20081219,2008-12-19,2008,Q4,12,December,2008-12,51,19,5,Friday,0
20081222,2008-12-22,2008,Q4,12,December,2008-12,52,22,1,Monday,0
20081223,2008-12-23,2008,Q4,12,December,2008-12,52,23,2,Tuesday,0
20081224,2008-12-24,2008,Q4,12,December,2008-12,52,24,3,Wednesday,0
20081226,2008-12-26,2008,Q4,12,December,2008-12,52,26,5,Friday,0
20081229,2008-12-29,2008,Q4,12,December,2008-12,1,29,1,Monday,0
20081230,2008-12-30,2008,Q4,12,December,2008-12,1,30,2,Tuesday,0
20081231,2008-12-31,2008,Q4,12,December,2008-12,1,31,3,Wednesday,0
20090101,2009-01-01,2009,Q1,1,January,2009-01,1,1,4,Thursday,0
20090102,2009-01-02,2009,Q1,1,January,2009-01,1,2,5,Friday,0
20090105,2009-01-05,2009,Q1,1,January,2009-01,2,5,1,Monday,0
20090106,2009-01-06,2009,Q1,1,January,2009-01,2,6,2,Tuesday,0
20090107,2009-01-07,2009,Q1,1,January,2009-01,2,7,3,Wednesday,0
20090109,2009-01-09,2009,Q1,1,January,2009-01,2,9,5,Friday,0
20090112,2009-01-12,2009,Q1,1,January,2009-01,3,12,1,Monday,0
20090113,2009-01-13,2009,Q1,1,January,2009-01,3,13,2,Tuesday,0
20090114,2009-01-14,2009,Q1,1,January,2009-01,3,14,3,Wednesday,0
20090115,2009-01-15,2009,Q1,1,January,2009-01,3,15,4,Thursday,0
20090116,2009-01-16,2009,Q1,1,January,2009-01,3,16,5,Friday,0
20090119,2009-01-19,2009,Q1,1,January,2009-01,4,19,1,Monday,0
20090120,2009-01-20,2009,Q1,1,January,2009-01,4,20,2,Tuesday,0
20090121,2009-01-21,2009,Q1,1,January,2009-01,4,21,3,Wednesday,0
20090122,2009-01-22,2009,Q1,1,January,2009-01,4,22,4,Thursday,0
20090123,2009-01-23,2009,Q1,1,January,2009-01,4,23,5,Friday,0
20090127,2009-01-27,2009,Q1,1,January,2009-01,5,27,2,Tuesday,0
20090128,2009-01-28,2009,Q1,1,January,2009-01,5,28,3,Wednesday,0
20090129,2009-01-29,2009,Q1,1,January,2009-01,5,29,4,Thursday,0
20090130,2009-01-30,2009,Q1,1,January,2009-01,5,30,5,Friday,0
20090202,2009-02-02,2009,Q1,2,February,2009-02,6,2,1,Monday,0
20090203,2009-02-03,2009,Q1,2,February,2009-02,6,3,2,Tuesday,0
20090204,2009-02-04,2009,Q1,2,February,2009-02,6,4,3,Wednesday,0
20090205,2009-02-05,2009,Q1,2,February,2009-02,6,5,4,Thursday,0
20090206,2009-02-06,2009,Q1,2,February,2009-02,6,6,5,Friday,0
20090209,2009-02-09,2009,Q1,2,February,2009-02,7,9,1,Monday,0
20090210,2009-02-10,2009,Q1,2,February,2009-02,7,10,2,Tuesday,0
20090211,2009-02-11,2009,Q1,2,February,2009-02,7,11,3,Wednesday,0
20090212,2009-02-12,2009,Q1,2,February,2009-02,7,12,4,Thursday,0
20090213,2009-02-13,2009,Q1,2,February,2009-02,7,13,5,Friday,0
20090216,2009-02-16,2009,Q1,2,February,2009-02,8,16,1,Monday,0
20090217,2009-02-17,2009,Q1,2,February,2009-02,8,17,2,Tuesday,0
20090218,2009-02-18,2009,Q1,2,February,2009-02,8,18,3,Wednesday,0
20090219,2009-02-19,2009,Q1,2,February,2009-02,8,19,4,Thursday,0
20090220,2009-02-20,2009,Q1,2,February,2009-02,8,20,5,Friday,0
20090224,2009-02-24,2009,Q1,2,February,2009-02,9,24,2,Tuesday,0
20090225,2009-02-25,2009,Q1,2,February,2009-02,9,25,3,Wednesday,0
20090226,2009-02-26,2009,Q1,2,February,2009-02,9,26,4,Thursday,0
20090227,2009-02-27,2009,Q1,2,February,2009-02,9,27,5,Friday,0
20090302,2009-03-02,2009,Q1,3,March,2009-03,10,2,1,Monday,0
20090303,2009-03-03,2009,Q1,3,March,2009-03,10,3,2,Tuesday,0
20090304,2009-03-04,2009,Q1,3,March,2009-03,10,4,3,Wednesday,0
20090305,2009-03-05,2009,Q1,3,March,2009-03,10,5,4,Thursday,0
20090306,2009-03-06,2009,Q1,3,March,2009-03,10,6,5,Friday,0
20090309,2009-03-09,2009,Q1,3,March,2009-03,11,9,1,Monday,0
20090312,2009-03-12,2009,Q1,3,March,2009-03,11,12,4,Thursday,0
20090313,2009-03-13,2009,Q1,3,March,2009-03,11,13,5,Friday,0
20090316,2009-03-16,2009,Q1,3,March,2009-03,12,16,1,Monday,0
20090317,2009-03-17,2009,Q1,3,March,2009-03,12,17,2,Tuesday,0
20090318,2009-03-18,2009,Q1,3,March,2009-03,12,18,3,Wednesday,0
20090319,2009-03-19,2009,Q1,3,March,2009-03,12,19,4,Thursday,0
20090320,2009-03-20,2009,Q1,3,March,2009-03,12,20,5,Friday,0
20090323,2009-03-23,2009,Q1,3,March,2009-03,13,23,1,Monday,0
20090324,2009-03-24,2009,Q1,3,March,2009-03,13,24,2,Tuesday,0
20090325,2009-03-25,2009,Q1,3,March,2009-03,13,25,3,Wednesday,0
20090326,2009-03-26,2009,Q1,3,March,2009-03,13,26,4,Thursday,0
20090327,2009-03-27,2009,Q1,3,March,2009-03,13,27,5,Friday,0
20090330,2009-03-30,2009,Q1,3,March,2009-03,14,30,1,Monday,0
20090331,2009-03-31,2009,Q1,3,March,2009-03,14,31,2,Tuesday,0
20090401,2009-04-01,2009,Q2,4,April,2009-04,14,1,3,Wednesday,0
20090402,2009-04-02,2009,Q2,4,April,2009-04,14,2,4,Thursday,0
20090406,2009-04-06,2009,Q2,4,April,2009-04,15,6,1,Monday,0
20090408,2009-04-08,2009,Q2,4,April,2009-04,15,8,3,Wednesday,0
20090409,2009-04-09,2009,Q2,4,April,2009-04,15,9,4,Thursday,0
20090413,2009-04-13,2009,Q2,4,April,2009-04,16,13,1,Monday,0
20090415,2009-04-15,2009,Q2,4,April,2009-04,16,15,3,Wednesday,0
20090416,2009-04-16,2009,Q2,4,April,2009-04,16,16,4,Thursday,0
20090417,2009-04-17,2009,Q2,4,April,2009-04,16,17,5,Friday,0
20090420,2009-04-20,2009,Q2,4,April,2009-04,17,20,1,Monday,0
20090421,2009-04-21,2009,Q2,4,April,2009-04,17,21,2,Tuesday,0
20090422,2009-04-22,2009,Q2,4,April,2009-04,17,22,3,Wednesday,0
20090423,2009-04-23,2009,Q2,4,April,2009-04,17,23,4,Thursday,0
20090424,2009-04-24,2009,Q2,4,April,2009-04,17,24,5,Friday,0
20090427,2009-04-27,2009,Q2,4,April,2009-04,18,27,1,Monday,0
20090428,2009-04-28,2009,Q2,4,April,2009-04,18,28,2,Tuesday,0
20090429,2009-04-29,2009,Q2,4,April,2009-04,18,29,3,Wednesday,0
20090430,2009-04-30,2009,Q2,4,April,2009-04,18,30,4,Thursday,0
20090504,2009-05-04,2009,Q2,5,May,2009-05,19,4,1,Monday,0
20090505,2009-05-05,2009,Q2,5,May,2009-05,19,5,2,Tuesday,0
20090506,2009-05-06,2009,Q2,5,May,2009-05,19,6,3,Wednesday,0
20090507,2009-05-07,2009,Q2,5,May,2009-05,19,7,4,Thursday,0
20090508,2009-05-08,2009,Q2,5,May,2009-05,19,8,5,Friday,0
20090511,2009-05-11,2009,Q2,5,May,2009-05,20,11,1,Monday,0
20090512,2009-05-12,2009,Q2,5,May,2009-05,20,12,2,Tuesday,0
20090513,2009-05-13,2009,Q2,5,May,2009-05,20,13,3,Wednesday,0
20090514,2009-05-14,2009,Q2,5,May,2009-05,20,14,4,Thursday,0
20090515,2009-05-15,2009,Q2,5,May,2009-05,20,15,5,Friday,0
20090518,2009-05-18,2009,Q2,5,May,2009-05,21,18,1,Monday,0
20090519,2009-05-19,2009,Q2,5,May,2009-05,21,19,2,Tuesday,0
20090520,2009-05-20,2009,Q2,5,May,2009-05,21,20,3,Wednesday,0
20090521,2009-05-21,2009,Q2,5,May,2009-05,21,21,4,Thursday,0
20090522,2009-05-22,2009,Q2,5,May,2009-05,21,22,5,Friday,0
20090525,2009-05-25,2009,Q2,5,May,2009-05,22,25,1,Monday,0
20090526,2009-05-26,2009,Q2,5,May,2009-05,22,26,2,Tuesday,0
20090527,2009-05-27,2009,Q2,5,May,2009-05,22,27,3,Wednesday,0
20090528,2009-05-28,2009,Q2,5,May,2009-05,22,28,4,Thursday,0
20090529,2009-05-29,2009,Q2,5,May,2009-05,22,29,5,Friday,0
20090601,2009-06-01,2009,Q2,6,June,2009-06,23,1,1,Monday,0
20090602,2009-06-02,2009,Q2,6,June,2009-06,23,2,2,Tuesday,0
20090603,2009-06-03,2009,Q2,6,June,2009-06,23,3,3,Wednesday,0
20090604,2009-06-04,2009,Q2,6,June,2009-06,23,4,4,Thursday,0
20090605,2009-06-05,2009,Q2,6,June,2009-06,23,5,5,Friday,0
20090608,2009-06-08,2009,Q2,6,June,2009-06,24,8,1,Monday,0
20090609,2009-06-09,2009,Q2,6,June,2009-06,24,9,2,Tuesday,0
20090610,2009-06-10,2009,Q2,6,June,2009-06,24,10,3,Wednesday,0
20090611,2009-06-11,2009,Q2,6,June,2009-06,24,11,4,Thursday,0
20090612,2009-06-12,2009,Q2,6,June,2009-06,24,12,5,Friday,0
20090615,2009-06-15,2009,Q2,6,June,2009-06,25,15,1,Monday,0
20090616,2009-06-16,2009,Q2,6,June,2009-06,25,16,2,Tuesday,0
20090617,2009-06-17,2009,Q2,6,June,2009-06,25,17,3,Wednesday,0
20090618,2009-06-18,2009,Q2,6,June,2009-06,25,18,4,Thursday,0
20090619,2009-06-19,2009,Q2,6,June,2009-06,25,19,5,Friday,0
20090622,2009-06-22,2009,Q2,6,June,2009-06,26,22,1,Monday,0
20090623,2009-06-23,2009,Q2,6,June,2009-06,26,23,2,Tuesday,0
20090624,2009-06-24,2009,Q2,6,June,2009-06,26,24,3,Wednesday,0
20090625,2009-06-25,2009,Q2,6,June,2009-06,26,25,4,Thursday,0
20090626,2009-06-26,2009,Q2,6,June,2009-06,26,26,5,Friday,0
20090629,2009-06-29,2009,Q2,6,June,2009-06,27,29,1,Monday,0
20090630,2009-06-30,2009,Q2,6,June,2009-06,27,30,2,Tuesday,0
20090701,2009-07-01,2009,Q3,7,July,2009-07,27,1,3,Wednesday,0
20090702,2009-07-02,2009,Q3,7,July,2009-07,27,2,4,Thursday,0
20090703,2009-07-03,2009,Q3,7,July,2009-07,27,3,5,Friday,0
20090706,2009-07-06,2009,Q3,7,July,2009-07,28,6,1,Monday,0
20090707,2009-07-07,2009,Q3,7,July,2009-07,28,7,2,Tuesday,0
20090708,2009-07-08,2009,Q3,7,July,2009-07,28,8,3,Wednesday,0
20090709,2009-07-09,2009,Q3,7,July,2009-07,28,9,4,Thursday,0
20090710,2009-07-10,2009,Q3,7,July,2009-07,28,10,5,Friday,0
20090713,2009-07-13,2009,Q3,7,July,2009-07,29,13,1,Monday,0
20090714,2009-07-14,2009,Q3,7,July,2009-07,29,14,2,Tuesday,0
20090715,2009-07-15,2009,Q3,7,July,2009-07,29,15,3,Wednesday,0
20090716,2009-07-16,2009,Q3,7,July,2009-07,29,16,4,Thursday,0
20090717,2009-07-17,2009,Q3,7,July,2009-07,29,17,5,Friday,0
20090720,2009-07-20,2009,Q3,7,July,2009-07,30,20,1,Monday,0
20090721,2009-07-21,2009,Q3,7,July,2009-07,30,21,2,Tuesday,0
20090722,2009-07-22,2009,Q3,7,July,2009-07,30,22,3,Wednesday,0
20090723,2009-07-23,2009,Q3,7,July,2009-07,30,23,4,Thursday,0
20090724,2009-07-24,2009,Q3,7,July,2009-07,30,24,5,Friday,0
20090727,2009-07-27,2009,Q3,7,July,2009-07,31,27,1,Monday,0
20090728,2009-07-28,2009,Q3,7,July,2009-07,31,28,2,Tuesday,0
20090729,2009-07-29,2009,Q3,7,July,2009-07,31,29,3,Wednesday,0
20090730,2009-07-30,2009,Q3,7,July,2009-07,31,30,4,Thursday,0
20090731,2009-07-31,2009,Q3,7,July,2009-07,31,31,5,Friday,0
20090803,2009-08-03,2009,Q3,8,August,2009-08,32,3,1,Monday,0
20090804,2009-08-04,2009,Q3,8,August,2009-08,32,4,2,Tuesday,0
20090805,2009-08-05,2009,Q3,8,August,2009-08,32,5,3,Wednesday,0
20090806,2009-08-06,2009,Q3,8,August,2009-08,32,6,4,Thursday,0
20090807,2009-08-07,2009,Q3,8,August,2009-08,32,7,5,Friday,0
20090810,2009-08-10,2009,Q3,8,August,2009-08,33,10,1,Monday,0
20090811,2009-08-11,2009,Q3,8,August,2009-08,33,11,2,Tuesday,0
20090812,2009-08-12,2009,Q3,8,August,2009-08,33,12,3,Wednesday,0
20090813,2009-08-13,2009,Q3,8,August,2009-08,33,13,4,Thursday,0
20090814,2009-08-14,2009,Q3,8,August,2009-08,33,14,5,Friday,0
20090817,2009-08-17,2009,Q3,8,August,2009-08,34,17,1,Monday,0
20090818,2009-08-18,2009,Q3,8,August,2009-08,34,18,2,Tuesday,0
20090819,2009-08-19,2009,Q3,8,August,2009-08,34,19,3,Wednesday,0
20090820,2009-08-20,2009,Q3,8,August,2009-08,34,20,4,Thursday,0
20090821,2009-08-21,2009,Q3,8,August,2009-08,34,21,5,Friday,0
20090824,2009-08-24,2009,Q3,8,August,2009-08,35,24,1,Monday,0
20090825,2009-08-25,2009,Q3,8,August,2009-08,35,25,2,Tuesday,0
20090826,2009-08-26,2009,Q3,8,August,2009-08,35,26,3,Wednesday,0
20090827,2009-08-27,2009,Q3,8,August,2009-08,35,27,4,Thursday,0
20090828,2009-08-28,2009,Q3,8,August,2009-08,35,28,5,Friday,0
20090831,2009-08-31,2009,Q3,8,August,2009-08,36,31,1,Monday,0
20090901,2009-09-01,2009,Q3,9,September,2009-09,36,1,2,Tuesday,0
20090902,2009-09-02,2009,Q3,9,September,2009-09,36,2,3,Wednesday,0
20090903,2009-09-03,2009,Q3,9,September,2009-09,36,3,4,Thursday,0
20090904,2009-09-04,2009,Q3,9,September,2009-09,36,4,5,Friday,0
20090907,2009-09-07,2009,Q3,9,September,2009-09,37,7,1,Monday,0
20090908,2009-09-08,2009,Q3,9,September,2009-09,37,8,2,Tuesday,0
20090909,2009-09-09,2009,Q3,9,September,2009-09,37,9,3,Wednesday,0
20090910,2009-09-10,2009,Q3,9,September,2009-09,37,10,4,Thursday,0
20090911,2009-09-11,2009,Q3,9,September,2009-09,37,11,5,Friday,0
20090914,2009-09-14,2009,Q3,9,September,2009-09,38,14,1,Monday,0
20090915,2009-09-15,2009,Q3,9,September,2009-09,38,15,2,Tuesday,0
20090916,2009-09-16,2009,Q3,9,September,2009-09,38,16,3,Wednesday,0
20090917,2009-09-17,2009,Q3,9,September,2009-09,38,17,4,Thursday,0
20090918,2009-09-18,2009,Q3,9,September,2009-09,38,18,5,Friday,0
20090922,2009-09-22,2009,Q3,9,September,2009-09,39,22,2,Tuesday,0
20090923,2009-09-23,2009,Q3,9,September,2009-09,39,23,3,Wednesday,0
20090924,2009-09-24,2009,Q3,9,September,2009-09,39,24,4,Thursday,0
20090925,2009-09-25,2009,Q3,9,September,2009-09,39,25,5,Friday,0
20090929,2009-09-29,2009,Q3,9,September,2009-09,40,29,2,Tuesday,0
20090930,2009-09-30,2009,Q3,9,September,2009-09,40,30,3,Wednesday,0
20091001,2009-10-01,2009,Q4,10,October,2009-10,40,1,4,Thursday,0
20091005,2009-10-05,2009,Q4,10,October,2009-10,41,5,1,Monday,0
20091006,2009-10-06,2009,Q4,10,October,2009-10,41,6,2,Tuesday,0
20091007,2009-10-07,2009,Q4,10,October,2009-10,41,7,3,Wednesday,0
20091008,2009-10-08,2009,Q4,10,October,2009-10,41,8,4,Thursday,0
20091009,2009-10-09,2009,Q4,10,October,2009-10,41,9,5,Friday,0
20091012,2009-10-12,2009,Q4,10,October,2009-10,42,12,1,Monday,0
20091014,2009-10-14,2009,Q4,10,October,2009-10,42,14,3,Wednesday,0
20091015,2009-10-15,2009,Q4,10,October,2009-10,42,15,4,Thursday,0
20091016,2009-10-16,2009,Q4,10,October,2009-10,42,16,5,Friday,0
20091020,2009-10-20,2009,Q4,10,October,2009-10,43,20,2,Tuesday,0
20091021,2009-10-21,2009,Q4,10,October,2009-10,43,21,3,Wednesday,0
20091022,2009-10-22,2009,Q4,10,October,2009-10,43,22,4,Thursday,0
20091023,2009-10-23,2009,Q4,10,October,2009-10,43,23,5,Friday,0
20091026,2009-10-26,2009,Q4,10,October,2009-10,44,26,1,Monday,0
20091027,2009-10-27,2009,Q4,10,October,2009-10,44,27,2,Tuesday,0
20091028,2009-10-28,2009,Q4,10,October,2009-10,44,28,3,Wednesday,0
20091029,2009-10-29,2009,Q4,10,October,2009-10,44,29,4,Thursday,0
20091030,2009-10-30,2009,Q4,10,October,2009-10,44,30,5,Friday,0
20091103,2009-11-03,2009,Q4,11,November,2009-11,45,3,2,Tuesday,0
20091104,2009-11-04,2009,Q4,11,November,2009-11,45,4,3,Wednesday,0
20091105,2009-11-05,2009,Q4,11,November,2009-11,45,5,4,Thursday,0
20091106,2009-11-06,2009,Q4,11,November,2009-11,45,6,5,Friday,0
20091109,2009-11-09,2009,Q4,11,November,2009-11,46,9,1,Monday,0
20091110,2009-11-10,2009,Q4,11,November,2009-11,46,10,2,Tuesday,0
20091111,2009-11-11,2009,Q4,11,November,2009-11,46,11,3,Wednesday,0
20091112,2009-11-12,2009,Q4,11,November,2009-11,46,12,4,Thursday,0
20091113,2009-11-13,2009,Q4,11,November,2009-11,46,13,5,Friday,0
20091116,2009-11-16,2009,Q4,11,November,2009-11,47,16,1,Monday,0
20091117,2009-11-17,2009,Q4,11,November,2009-11,47,17,2,Tuesday,0
20091118,2009-11-18,2009,Q4,11,November,2009-11,47,18,3,Wednesday,0
20091119,2009-11-19,2009,Q4,11,November,2009-11,47,19,4,Thursday,0
20091120,2009-11-20,2009,Q4,11,November,2009-11,47,20,5,Friday,0
20091123,2009-11-23,2009,Q4,11,November,2009-11,48,23,1,Monday,0
20091124,2009-11-24,2009,Q4,11,November,2009-11,48,24,2,Tuesday,0
20091125,2009-11-25,2009,Q4,11,November,2009-11,48,25,3,Wednesday,0
20091126,2009-11-26,2009,Q4,11,November,2009-11,48,26,4,Thursday,0
20091127,2009-11-27,2009,Q4,11,November,2009-11,48,27,5,Friday,0
20091130,2009-11-30,2009,Q4,11,November,2009-11,49,30,1,Monday,0
20091201,2009-12-01,2009,Q4,12,December,2009-12,49,1,2,Tuesday,0
20091202,2009-12-02,2009,Q4,12,December,2009-12,49,2,3,Wednesday,0
20091203,2009-12-03,2009,Q4,12,December,2009-12,49,3,4,Thursday,0
20091204,2009-12-04,2009,Q4,12,December,2009-12,49,4,5,Friday,0
20091207,2009-12-07,2009,Q4,12,December,2009-12,50,7,1,Monday,0
20091208,2009-12-08,2009,Q4,12,December,2009-12,50,8,2,Tuesday,0
20091209,2009-12-09,2009,Q4,12,December,2009-12,50,9,3,Wednesday,0
20091210,2009-12-10,2009,Q4,12,December,2009-12,50,10,4,Thursday,0
20091211,2009-12-11,2009,Q4,12,December,2009-12,50,11,5,Friday,0
20091214,2009-12-14,2009,Q4,12,December,2009-12,51,14,1,Monday,0
20091215,2009-12-15,2009,Q4,12,December,2009-12,51,15,2,Tuesday,0
20091216,2009-12-16,2009,Q4,12,December,2009-12,51,16,3,Wednesday,0
20091217,2009-12-17,2009,Q4,12,December,2009-12,51,17,4,Thursday,0
20091218,2009-12-18,2009,Q4,12,December,2009-12,51,18,5,Friday,0
20091221,2009-12-21,2009,Q4,12,December,2009-12,52,21,1,Monday,0
20091222,2009-12-22,2009,Q4,12,December,2009-12,52,22,2,Tuesday,0
20091223,2009-12-23,2009,Q4,12,December,2009-12,52,23,3,Wednesday,0
20091224,2009-12-24,2009,Q4,12,December,2009-12,52,24,4,Thursday,0
20091229,2009-12-29,2009,Q4,12,December,2009-12,53,29,2,Tuesday,0
20091230,2009-12-30,2009,Q4,12,December,2009-12,53,30,3,Wednesday,0
20091231,2009-12-31,2009,Q4,12,December,2009-12,53,31,4,Thursday,0
20100104,2010-01-04,2010,Q1,1,January,2010-01,1,4,1,Monday,0
20100105,2010-01-05,2010,Q1,1,January,2010-01,1,5,2,Tuesday,0
20100106,2010-01-06,2010,Q1,1,January,2010-01,1,6,3,Wednesday,0
20100107,2010-01-07,2010,Q1,1,January,2010-01,1,7,4,Thursday,0
20100108,2010-01-08,2010,Q1,1,January,2010-01,1,8,5,Friday,0
20100111,2010-01-11,2010,Q1,1,January,2010-01,2,11,1,Monday,0
20100112,2010-01-12,2010,Q1,1,January,2010-01,2,12,2,Tuesday,0
20100113,2010-01-13,2010,Q1,1,January,2010-01,2,13,3,Wednesday,0
20100114,2010-01-14,2010,Q1,1,January,2010-01,2,14,4,Thursday,0
20100115,2010-01-15,2010,Q1,1,January,2010-01,2,15,5,Friday,0
20100118,2010-01-18,2010,Q1,1,January,2010-01,3,18,1,Monday,0
20100119,2010-01-19,2010,Q1,1,January,2010-01,3,19,2,Tuesday,0
20100120,2010-01-20,2010,Q1,1,January,2010-01,3,20,3,Wednesday,0
20100121,2010-01-21,2010,Q1,1,January,2010-01,3,21,4,Thursday,0
20100122,2010-01-22,2010,Q1,1,January,2010-01,3,22,5,Friday,0
20100125,2010-01-25,2010,Q1,1,January,2010-01,4,25,1,Monday,0
20100127,2010-01-27,2010,Q1,1,January,2010-01,4,27,3,Wednesday,0
20100128,2010-01-28,2010,Q1,1,January,2010-01,4,28,4,Thursday,0
20100129,2010-01-29,2010,Q1,1,January,2010-01,4,29,5,Friday,0
20100201,2010-02-01,2010,Q1,2,February,2010-02,5,1,1,Monday,0
20100202,2010-02-02,2010,Q1,2,February,2010-02,5,2,2,Tuesday,0
20100203,2010-02-03,2010,Q1,2,February,2010-02,5,3,3,Wednesday,0
20100204,2010-02-04,2010,Q1,2,February,2010-02,5,4,4,Thursday,0
20100205,2010-02-05,2010,Q1,2,February,2010-02,5,5,5,Friday,0
20100206,2010-02-06,2010,Q1,2,February,2010-02,5,6,6,Saturday,1
20100208,2010-02-08,2010,Q1,2,February,2010-02,6,8,1,Monday,0
20100209,2010-02-09,2010,Q1,2,February,2010-02,6,9,2,Tuesday,0
20100210,2010-02-10,2010,Q1,2,February,2010-02,6,10,3,Wednesday,0
20100211,2010-02-11,2010,Q1,2,February,2010-02,6,11,4,Thursday,0
20100215,2010-02-15,2010,Q1,2,February,2010-02,7,15,1,Monday,0
20100216,2010-02-16,2010,Q1,2,February,2010-02,7,16,2,Tuesday,0
20100217,2010-02-17,2010,Q1,2,February,2010-02,7,17,3,Wednesday,0
20100218,2010-02-18,2010,Q1,2,February,2010-02,7,18,4,Thursday,0
20100219,2010-02-19,2010,Q1,2,February,2010-02,7,19,5,Friday,0
20100222,2010-02-22,2010,Q1,2,February,2010-02,8,22,1,Monday,0
20100223,2010-02-23,2010,Q1,2,February,2010-02,8,23,2,Tuesday,0
20100224,2010-02-24,2010,Q1,2,February,2010-02,8,24,3,Wednesday,0
20100225,2010-02-25,2010,Q1,2,February,2010-02,8,25,4,Thursday,0
20100226,2010-02-26,2010,Q1,2,February,2010-02,8,26,5,Friday,0
20100302,2010-03-02,2010,Q1,3,March,2010-03,9,2,2,Tuesday,0
20100303,2010-03-03,2010,Q1,3,March,2010-03,9,3,3,Wednesday,0
20100304,2010-03-04,2010,Q1,3,March,2010-03,9,4,4,Thursday,0
20100305,2010-03-05,2010,Q1,3,March,2010-03,9,5,5,Friday,0
20100308,2010-03-08,2010,Q1,3,March,2010-03,10,8,1,Monday,0
20100309,2010-03-09,2010,Q1,3,March,2010-03,10,9,2,Tuesday,0
20100310,2010-03-10,2010,Q1,3,March,2010-03,10,10,3,Wednesday,0
20100311,2010-03-11,2010,Q1,3,March,2010-03,10,11,4,Thursday,0
20100312,2010-03-12,2010,Q1,3,March,2010-03,10,12,5,Friday,0
20100315,2010-03-15,2010,Q1,3,March,2010-03,11,15,1,Monday,0
20100316,2010-03-16,2010,Q1,3,March,2010-03,11,16,2,Tuesday,0
20100317,2010-03-17,2010,Q1,3,March,2010-03,11,17,3,Wednesday,0
20100318,2010-03-18,2010,Q1,3,March,2010-03,11,18,4,Thursday,0
20100319,2010-03-19,2010,Q1,3,March,2010-03,11,19,5,Friday,0
20100322,2010-03-22,2010,Q1,3,March,2010-03,12,22,1,Monday,0
20100323,2010-03-23,2010,Q1,3,March,2010-03,12,23,2,Tuesday,0
20100325,2010-03-25,2010,Q1,3,March,2010-03,12,25,4,Thursday,0
20100326,2010-03-26,2010,Q1,3,March,2010-03,12,26,5,Friday,0
20100329,2010-03-29,2010,Q1,3,March,2010-03,13,29,1,Monday,0
20100330,2010-03-30,2010,Q1,3,March,2010-03,13,30,2,Tuesday,0
20100331,2010-03-31,2010,Q1,3,March,2010-03,13,31,3,Wednesday,0
20100401,2010-04-01,2010,Q2,4,April,2010-04,13,1,4,Thursday,0
20100405,2010-04-05,2010,Q2,4,April,2010-04,14,5,1,Monday,0
20100406,2010-04-06,2010,Q2,4,April,2010-04,14,6,2,Tuesday,0
20100407,2010-04-07,2010,Q2,4,April,2010-04,14,7,3,Wednesday,0
20100408,2010-04-08,2010,Q2,4,April,2010-04,14,8,4,Thursday,0
20100409,2010-04-09,2010,Q2,4,April,2010-04,14,9,5,Friday,0
20100412,2010-04-12,2010,Q2,4,April,2010-04,15,12,1,Monday,0
20100413,2010-04-13,2010,Q2,4,April,2010-04,15,13,2,Tuesday,0
20100415,2010-04-15,2010,Q2,4,April,2010-04,15,15,4,Thursday,0
20100416,2010-04-16,2010,Q2,4,April,2010-04,15,16,5,Friday,0
20100419,2010-04-19,2010,Q2,4,April,2010-04,16,19,1,Monday,0
20100420,2010-04-20,2010,Q2,4,April,2010-04,16,20,2,Tuesday,0
20100421,2010-04-21,2010,Q2,4,April,2010-04,16,21,3,Wednesday,0
20100422,2010-04-22,2010,Q2,4,April,2010-04,16,22,4,Thursday,0
20100423,2010-04-23,2010,Q2,4,April,2010-04,16,23,5,Friday,0
20100426,2010-04-26,2010,Q2,4,April,2010-04,17,26,1,Monday,0
20100427,2010-04-27,2010,Q2,4,April,2010-04,17,27,2,Tuesday,0
20100428,2010-04-28,2010,Q2,4,April,2010-04,17,28,3,Wednesday,0
20100429,2010-04-29,2010,Q2,4,April,2010-04,17,29,4,Thursday,0
20100430,2010-04-30,2010,Q2,4,April,2010-04,17,30,5,Friday,0
20100503,2010-05-03,2010,Q2,5,May,2010-05,18,3,1,Monday,0
20100504,2010-05-04,2010,Q2,5,May,2010-05,18,4,2,Tuesday,0
20100505,2010-05-05,2010,Q2,5,May,2010-05,18,5,3,Wednesday,0
20100506,2010-05-06,2010,Q2,5,May,2010-05,18,6,4,Thursday,0
20100507,2010-05-07,2010,Q2,5,May,2010-05,18,7,5,Friday,0
20100510,2010-05-10,2010,Q2,5,May,2010-05,19,10,1,Monday,0
20100511,2010-05-11,2010,Q2,5,May,2010-05,19,11,2,Tuesday,0
20100512,2010-05-12,2010,Q2,5,May,2010-05,19,12,3,Wednesday,0
20100513,2010-05-13,2010,Q2,5,May,2010-05,19,13,4,Thursday,0
20100514,2010-05-14,2010,Q2,5,May,2010-05,19,14,5,Friday,0
20100517,2010-05-17,2010,Q2,5,May,2010-05,20,17,1,Monday,0
20100518,2010-05-18,2010,Q2,5,May,2010-05,20,18,2,Tuesday,0
20100519,2010-05-19,2010,Q2,5,May,2010-05,20,19,3,Wednesday,0
20100520,2010-05-20,2010,Q2,5,May,2010-05,20,20,4,Thursday,0
20100521,2010-05-21,2010,Q2,5,May,2010-05,20,21,5,Friday,0
20100524,2010-05-24,2010,Q2,5,May,2010-05,21,24,1,Monday,0
20100525,2010-05-25,2010,Q2,5,May,2010-05,21,25,2,Tuesday,0
20100526,2010-05-26,2010,Q2,5,May,2010-05,21,26,3,Wednesday,0
20100527,2010-05-27,2010,Q2,5,May,2010-05,21,27,4,Thursday,0
20100528,2010-05-28,2010,Q2,5,May,2010-05,21,28,5,Friday,0
20100531,2010-05-31,2010,Q2,5,May,2010-05,22,31,1,Monday,0
20100601,2010-06-01,2010,Q2,6,June,2010-06,22,1,2,Tuesday,0
20100602,2010-06-02,2010,Q2,6,June,2010-06,22,2,3,Wednesday,0
20100603,2010-06-03,2010,Q2,6,June,2010-06,22,3,4,Thursday,0
20100604,2010-06-04,2010,Q2,6,June,2010-06,22,4,5,Friday,0
20100607,2010-06-07,2010,Q2,6,June,2010-06,23,7,1,Monday,0
20100608,2010-06-08,2010,Q2,6,June,2010-06,23,8,2,Tuesday,0
20100609,2010-06-09,2010,Q2,6,June,2010-06,23,9,3,Wednesday,0
20100610,2010-06-10,2010,Q2,6,June,2010-06,23,10,4,Thursday,0
20100611,2010-06-11,2010,Q2,6,June,2010-06,23,11,5,Friday,0
20100614,2010-06-14,2010,Q2,6,June,2010-06,24,14,1,Monday,0
20100615,2010-06-15,2010,Q2,6,June,2010-06,24,15,2,Tuesday,0
20100616,2010-06-16,2010,Q2,6,June,2010-06,24,16,3,Wednesday,0
20100617,2010-06-17,2010,Q2,6,June,2010-06,24,17,4,Thursday,0
20100618,2010-06-18,2010,Q2,6,June,2010-06,24,18,5,Friday,0
20100621,2010-06-21,2010,Q2,6,June,2010-06,25,21,1,Monday,0
20100622,2010-06-22,2010,Q2,6,June,2010-06,25,22,2,Tuesday,0
20100623,2010-06-23,2010,Q2,6,June,2010-06,25,23,3,Wednesday,0
20100624,2010-06-24,2010,Q2,6,June,2010-06,25,24,4,Thursday,0
20100625,2010-06-25,2010,Q2,6,June,2010-06,25,25,5,Friday,0
20100628,2010-06-28,2010,Q2,6,June,2010-06,26,28,1,Monday,0
20100629,2010-06-29,2010,Q2,6,June,2010-06,26,29,2,Tuesday,0
20100630,2010-06-30,2010,Q2,6,June,2010-06,26,30,3,Wednesday,0
20100701,2010-07-01,2010,Q3,7,July,2010-07,26,1,4,Thursday,0
20100702,2010-07-02,2010,Q3,7,July,2010-07,26,2,5,Friday,0
20100705,2010-07-05,2010,Q3,7,July,2010-07,27,5,1,Monday,0
20100706,2010-07-06,2010,Q3,7,July,2010-07,27,6,2,Tuesday,0
20100707,2010-07-07,2010,Q3,7,July,2010-07,27,7,3,Wednesday,0
20100708,2010-07-08,2010,Q3,7,July,2010-07,27,8,4,Thursday,0
20100709,2010-07-09,2010,Q3,7,July,2010-07,27,9,5,Friday,0
20100712,2010-07-12,2010,Q3,7,July,2010-07,28,12,1,Monday,0
20100713,2010-07-13,2010,Q3,7,July,2010-07,28,13,2,Tuesday,0
20100714,2010-07-14,2010,Q3,7,July,2010-07,28,14,3,Wednesday,0
20100715,2010-07-15,2010,Q3,7,July,2010-07,28,15,4,Thursday,0
20100716,2010-07-16,2010,Q3,7,July,2010-07,28,16,5,Friday,0
20100719,2010-07-19,2010,Q3,7,July,2010-07,29,19,1,Monday,0
20100720,2010-07-20,2010,Q3,7,July,2010-07,29,20,2,Tuesday,0
20100721,2010-07-21,2010,Q3,7,July,2010-07,29,21,3,Wednesday,0
20100722,2010-07-22,2010,Q3,7,July,2010-07,29,22,4,Thursday,0
20100723,2010-07-23,2010,Q3,7,July,2010-07,29,23,5,Friday,0
20100726,2010-07-26,2010,Q3,7,July,2010-07,30,26,1,Monday,0
20100727,2010-07-27,2010,Q3,7,July,2010-07,30,27,2,Tuesday,0
20100728,2010-07-28,2010,Q3,7,July,2010-07,30,28,3,Wednesday,0
20100729,2010-07-29,2010,Q3,7,July,2010-07,30,29,4,Thursday,0
20100730,2010-07-30,2010,Q3,7,July,2010-07,30,30,5,Friday,0
20100802,2010-08-02,2010,Q3,8,August,2010-08,31,2,1,Monday,0
20100803,2010-08-03,2010,Q3,8,August,2010-08,31,3,2,Tuesday,0
20100804,2010-08-04,2010,Q3,8,August,2010-08,31,4,3,Wednesday,0
20100805,2010-08-05,2010,Q3,8,August,2010-08,31,5,4,Thursday,0
20100806,2010-08-06,2010,Q3,8,August,2010-08,31,6,5,Friday,0
20100809,2010-08-09,2010,Q3,8,August,2010-08,32,9,1,Monday,0
20100810,2010-08-10,2010,Q3,8,August,2010-08,32,10,2,Tuesday,0
20100811,2010-08-11,2010,Q3,8,August,2010-08,32,11,3,Wednesday,0
20100812,2010-08-12,2010,Q3,8,August,2010-08,32,12,4,Thursday,0
20100813,2010-08-13,2010,Q3,8,August,2010-08,32,13,5,Friday,0
20100816,2010-08-16,2010,Q3,8,August,2010-08,33,16,1,Monday,0
20100817,2010-08-17,2010,Q3,8,August,2010-08,33,17,2,Tuesday,0
20100818,2010-08-18,2010,Q3,8,August,2010-08,33,18,3,Wednesday,0
20100819,2010-08-19,2010,Q3,8,August,2010-08,33,19,4,Thursday,0
20100820,2010-08-20,2010,Q3,8,August,2010-08,33,20,5,Friday,0
20100823,2010-08-23,2010,Q3,8,August,2010-08,34,23,1,Monday,0
20100824,2010-08-24,2010,Q3,8,August,2010-08,34,24,2,Tuesday,0
20100825,2010-08-25,2010,Q3,8,August,2010-08,34,25,3,Wednesday,0
20100826,2010-08-26,2010,Q3,8,August,2010-08,34,26,4,Thursday,0
20100827,2010-08-27,2010,Q3,8,August,2010-08,34,27,5,Friday,0
20100830,2010-08-30,2010,Q3,8,August,2010-08,35,30,1,Monday,0
20100831,2010-08-31,2010,Q3,8,August,2010-08,35,31,2,Tuesday,0
20100901,2010-09-01,2010,Q3,9,September,2010-09,35,1,3,Wednesday,0
20100902,2010-09-02,2010,Q3,9,September,2010-09,35,2,4,Thursday,0
20100903,2010-09-03,2010,Q3,9,September,2010-09,35,3,5,Friday,0
20100906,2010-09-06,2010,Q3,9,September,2010-09,36,6,1,Monday,0
20100907,2010-09-07,2010,Q3,9,September,2010-09,36,7,2,Tuesday,0
20100908,2010-09-08,2010,Q3,9,September,2010-09,36,8,3,Wednesday,0
20100909,2010-09-09,2010,Q3,9,September,2010-09,36,9,4,Thursday,0
20100913,2010-09-13,2010,Q3,9,September,2010-09,37,13,1,Monday,0
20100914,2010-09-14,2010,Q3,9,September,2010-09,37,14,2,Tuesday,0
20100915,2010-09-15,2010,Q3,9,September,2010-09,37,15,3,Wednesday,0
20100916,2010-09-16,2010,Q3,9,September,2010-09,37,16,4,Thursday,0
20100917,2010-09-17,2010,Q3,9,September,2010-09,37,17,5,Friday,0
20100920,2010-09-20,2010,Q3,9,September,2010-09,38,20,1,Monday,0
20100921,2010-09-21,2010,Q3,9,September,2010-09,38,21,2,Tuesday,0
20100922,2010-09-22,2010,Q3,9,September,2010-09,38,22,3,Wednesday,0
20100923,2010-09-23,2010,Q3,9,September,2010-09,38,23,4,Thursday,0
20100924,2010-09-24,2010,Q3,9,September,2010-09,38,24,5,Friday,0
20100927,2010-09-27,2010,Q3,9,September,2010-09,39,27,1,Monday,0
20100928,2010-09-28,2010,Q3,9,September,2010-09,39,28,2,Tuesday,0
20100929,2010-09-29,2010,Q3,9,September,2010-09,39,29,3,Wednesday,0
20100930,2010-09-30,2010,Q3,9,September,2010-09,39,30,4,Thursday,0
20101001,2010-10-01,2010,Q4,10,October,2010-10,39,1,5,Friday,0
20101004,2010-10-04,2010,Q4,10,October,2010-10,40,4,1,Monday,0
20101005,2010-10-05,2010,Q4,10,October,2010-10,40,5,2,Tuesday,0
20101006,2010-10-06,2010,Q4,10,October,2010-10,40,6,3,Wednesday,0
20101007,2010-10-07,2010,Q4,10,October,2010-10,40,7,4,Thursday,0
20101008,2010-10-08,2010,Q4,10,October,2010-10,40,8,5,Friday,0
20101011,2010-10-11,2010,Q4,10,October,2010-10,41,11,1,Monday,0
20101012,2010-10-12,2010,Q4,10,October,2010-10,41,12,2,Tuesday,0
20101013,2010-10-13,2010,Q4,10,October,2010-10,41,13,3,Wednesday,0
20101014,2010-10-14,2010,Q4,10,October,2010-10,41,14,4,Thursday,0
20101015,2010-10-15,2010,Q4,10,October,2010-10,41,15,5,Friday,0
20101018,2010-10-18,2010,Q4,10,October,2010-10,42,18,1,Monday,0
20101019,2010-10-19,2010,Q4,10,October,2010-10,42,19,2,Tuesday,0
20101020,2010-10-20,2010,Q4,10,October,2010-10,42,20,3,Wednesday,0
20101021,2010-10-21,2010,Q4,10,October,2010-10,42,21,4,Thursday,0
20101022,2010-10-22,2010,Q4,10,October,2010-10,42,22,5,Friday,0
20101025,2010-10-25,2010,Q4,10,October,2010-10,43,25,1,Monday,0
20101026,2010-10-26,2010,Q4,10,October,2010-10,43,26,2,Tuesday,0
20101027,2010-10-27,2010,Q4,10,October,2010-10,43,27,3,Wednesday,0
20101028,2010-10-28,2010,Q4,10,October,2010-10,43,28,4,Thursday,0
20101029,2010-10-29,2010,Q4,10,October,2010-10,43,29,5,Friday,0
20101101,2010-11-01,2010,Q4,11,November,2010-11,44,1,1,Monday,0
20101102,2010-11-02,2010,Q4,11,November,2010-11,44,2,2,Tuesday,0
20101103,2010-11-03,2010,Q4,11,November,2010-11,44,3,3,Wednesday,0
20101104,2010-11-04,2010,Q4,11,November,2010-11,44,4,4,Thursday,0
20101105,2010-11-05,2010,Q4,11,November,2010-11,44,5,5,Friday,0
20101108,2010-11-08,2010,Q4,11,November,2010-11,45,8,1,Monday,0
20101109,2010-11-09,2010,Q4,11,November,2010-11,45,9,2,Tuesday,0
20101110,2010-11-10,2010,Q4,11,November,2010-11,45,10,3,Wednesday,0
20101111,2010-11-11,2010,Q4,11,November,2010-11,45,11,4,Thursday,0
20101112,2010-11-12,2010,Q4,11,November,2010-11,45,12,5,Friday,0
20101115,2010-11-15,2010,Q4,11,November,2010-11,46,15,1,Monday,0
20101116,2010-11-16,2010,Q4,11,November,2010-11,46,16,2,Tuesday,0
20101118,2010-11-18,2010,Q4,11,November,2010-11,46,18,4,Thursday,0
20101119,2010-11-19,2010,Q4,11,November,2010-11,46,19,5,Friday,0
20101122,2010-11-22,2010,Q4,11,November,2010-11,47,22,1,Monday,0
20101123,2010-11-23,2010,Q4,11,November,2010-11,47,23,2,Tuesday,0
20101124,2010-11-24,2010,Q4,11,November,2010-11,47,24,3,Wednesday,0
20101125,2010-11-25,2010,Q4,11,November,2010-11,47,25,4,Thursday,0
20101126,2010-11-26,2010,Q4,11,November,2010-11,47,26,5,Friday,0
20101129,2010-11-29,2010,Q4,11,November,2010-11,48,29,1,Monday,0
20101130,2010-11-30,2010,Q4,11,November,2010-11,48,30,2,Tuesday,0
20101201,2010-12-01,2010,Q4,12,December,2010-12,48,1,3,Wednesday,0
20101202,2010-12-02,2010,Q4,12,December,2010-12,48,2,4,Thursday,0
20101203,2010-12-03,2010,Q4,12,December,2010-12,48,3,5,Friday,0
20101206,2010-12-06,2010,Q4,12,December,2010-12,49,6,1,Monday,0
20101207,2010-12-07,2010,Q4,12,December,2010-12,49,7,2,Tuesday,0
20101208,2010-12-08,2010,Q4,12,December,2010-12,49,8,3,Wednesday,0
20101209,2010-12-09,2010,Q4,12,December,2010-12,49,9,4,Thursday,0
20101210,2010-12-10,2010,Q4,12,December,2010-12,49,10,5,Friday,0
20101213,2010-12-13,2010,Q4,12,December,2010-12,50,13,1,Monday,0
20101214,2010-12-14,2010,Q4,12,December,2010-12,50,14,2,Tuesday,0
20101215,2010-12-15,2010,Q4,12,December,2010-12,50,15,3,Wednesday,0
20101216,2010-12-16,2010,Q4,12,December,2010-12,50,16,4,Thursday,0
20101220,2010-12-20,2010,Q4,12,December,2010-12,51,20,1,Monday,0
20101221,2010-12-21,2010,Q4,12,December,2010-12,51,21,2,Tuesday,0
20101222,2010-12-22,2010,Q4,12,December,2010-12,51,22,3,Wednesday,0
20101223,2010-12-23,2010,Q4,12,December,2010-12,51,23,4,Thursday,0
20101224,2010-12-24,2010,Q4,12,December,2010-12,51,24,5,Friday,0
20101227,2010-12-27,2010,Q4,12,December,2010-12,52,27,1,Monday,0
20101228,2010-12-28,2010,Q4,12,December,2010-12,52,28,2,Tuesday,0
20101229,2010-12-29,2010,Q4,12,December,2010-12,52,29,3,Wednesday,0
20101230,2010-12-30,2010,Q4,12,December,2010-12,52,30,4,Thursday,0
20101231,2010-12-31,2010,Q4,12,December,2010-12,52,31,5,Friday,0
20110103,2011-01-03,2011,Q1,1,January,2011-01,1,3,1,Monday,0
20110104,2011-01-04,2011,Q1,1,January,2011-01,1,4,2,Tuesday,0
20110105,2011-01-05,2011,Q1,1,January,2011-01,1,5,3,Wednesday,0
20110106,2011-01-06,2011,Q1,1,January,2011-01,1,6,4,Thursday,0
20110107,2011-01-07,2011,Q1,1,January,2011-01,1,7,5,Friday,0
20110110,2011-01-10,2011,Q1,1,January,2011-01,2,10,1,Monday,0
20110111,2011-01-11,2011,Q1,1,January,2011-01,2,11,2,Tuesday,0
20110112,2011-01-12,2011,Q1,1,January,2011-01,2,12,3,Wednesday,0
20110113,2011-01-13,2011,Q1,1,January,2011-01,2,13,4,Thursday,0
20110114,2011-01-14,2011,Q1,1,January,2011-01,2,14,5,Friday,0
20110117,2011-01-17,2011,Q1,1,January,2011-01,3,17,1,Monday,0
20110118,2011-01-18,2011,Q1,1,January,2011-01,3,18,2,Tuesday,0
20110119,2011-01-19,2011,Q1,1,January,2011-01,3,19,3,Wednesday,0
20110120,2011-01-20,2011,Q1,1,January,2011-01,3,20,4,Thursday,0
20110121,2011-01-21,2011,Q1,1,January,2011-01,3,21,5,Friday,0
20110124,2011-01-24,2011,Q1,1,January,2011-01,4,24,1,Monday,0
20110125,2011-01-25,2011,Q1,1,January,2011-01,4,25,2,Tuesday,0
20110127,2011-01-27,2011,Q1,1,January,2011-01,4,27,4,Thursday,0
20110128,2011-01-28,2011,Q1,1,January,2011-01,4,28,5,Friday,0
20110131,2011-01-31,2011,Q1,1,January,2011-01,5,31,1,Monday,0
20110201,2011-02-01,2011,Q1,2,February,2011-02,5,1,2,Tuesday,0
20110202,2011-02-02,2011,Q1,2,February,2011-02,5,2,3,Wednesday,0
20110203,2011-02-03,2011,Q1,2,February,2011-02,5,3,4,Thursday,0
20110204,2011-02-04,2011,Q1,2,February,2011-02,5,4,5,Friday,0
20110207,2011-02-07,2011,Q1,2,February,2011-02,6,7,1,Monday,0
20110208,2011-02-08,2011,Q1,2,February,2011-02,6,8,2,Tuesday,0
20110209,2011-02-09,2011,Q1,2,February,2011-02,6,9,3,Wednesday,0
20110210,2011-02-10,2011,Q1,2,February,2011-02,6,10,4,Thursday,0
20110211,2011-02-11,2011,Q1,2,February,2011-02,6,11,5,Friday,0
20110214,2011-02-14,2011,Q1,2,February,2011-02,7,14,1,Monday,0
20110215,2011-02-15,2011,Q1,2,February,2011-02,7,15,2,Tuesday,0
20110216,2011-02-16,2011,Q1,2,February,2011-02,7,16,3,Wednesday,0
20110217,2011-02-17,2011,Q1,2,February,2011-02,7,17,4,Thursday,0
20110218,2011-02-18,2011,Q1,2,February,2011-02,7,18,5,Friday,0
20110221,2011-02-21,2011,Q1,2,February,2011-02,8,21,1,Monday,0
20110222,2011-02-22,2011,Q1,2,February,2011-02,8,22,2,Tuesday,0
20110223,2011-02-23,2011,Q1,2,February,2011-02,8,23,3,Wednesday,0
20110224,2011-02-24,2011,Q1,2,February,2011-02,8,24,4,Thursday,0
20110225,2011-02-25,2011,Q1,2,February,2011-02,8,25,5,Friday,0
20110228,2011-02-28,2011,Q1,2,February,2011-02,9,28,1,Monday,0
20110301,2011-03-01,2011,Q1,3,March,2011-03,9,1,2,Tuesday,0
20110303,2011-03-03,2011,Q1,3,March,2011-03,9,3,4,Thursday,0
20110304,2011-03-04,2011,Q1,3,March,2011-03,9,4,5,Friday,0
20110307,2011-03-07,2011,Q1,3,March,2011-03,10,7,1,Monday,0
20110308,2011-03-08,2011,Q1,3,March,2011-03,10,8,2,Tuesday,0
20110309,2011-03-09,2011,Q1,3,March,2011-03,10,9,3,Wednesday,0
20110310,2011-03-10,2011,Q1,3,March,2011-03,10,10,4,Thursday,0
20110311,2011-03-11,2011,Q1,3,March,2011-03,10,11,5,Friday,0
20110314,2011-03-14,2011,Q1,3,March,2011-03,11,14,1,Monday,0
20110315,2011-03-15,2011,Q1,3,March,2011-03,11,15,2,Tuesday,0
20110316,2011-03-16,2011,Q1,3,March,2011-03,11,16,3,Wednesday,0
20110317,2011-03-17,2011,Q1,3,March,2011-03,11,17,4,Thursday,0
20110318,2011-03-18,2011,Q1,3,March,2011-03,11,18,5,Friday,0
20110321,2011-03-21,2011,Q1,3,March,2011-03,12,21,1,Monday,0
20110322,2011-03-22,2011,Q1,3,March,2011-03,12,22,2,Tuesday,0
20110323,2011-03-23,2011,Q1,3,March,2011-03,12,23,3,Wednesday,0
20110324,2011-03-24,2011,Q1,3,March,2011-03,12,24,4,Thursday,0
20110325,2011-03-25,2011,Q1,3,March,2011-03,12,25,5,Friday,0
20110328,2011-03-28,2011,Q1,3,March,2011-03,13,28,1,Monday,0
20110329,2011-03-29,2011,Q1,3,March,2011-03,13,29,2,Tuesday,0
20110330,2011-03-30,2011,Q1,3,March,2011-03,13,30,3,Wednesday,0
20110331,2011-03-31,2011,Q1,3,March,2011-03,13,31,4,Thursday,0
20110401,2011-04-01,2011,Q2,4,April,2011-04,13,1,5,Friday,0
20110404,2011-04-04,2011,Q2,4,April,2011-04,14,4,1,Monday,0
20110405,2011-04-05,2011,Q2,4,April,2011-04,14,5,2,Tuesday,0
20110406,2011-04-06,2011,Q2,4,April,2011-04,14,6,3,Wednesday,0
20110407,2011-04-07,2011,Q2,4,April,2011-04,14,7,4,Thursday,0
20110408,2011-04-08,2011,Q2,4,April,2011-04,14,8,5,Friday,0
20110411,2011-04-11,2011,Q2,4,April,2011-04,15,11,1,Monday,0
20110413,2011-04-13,2011,Q2,4,April,2011-04,15,13,3,Wednesday,0
20110415,2011-04-15,2011,Q2,4,April,2011-04,15,15,5,Friday,0
20110418,2011-04-18,2011,Q2,4,April,2011-04,16,18,1,Monday,0
20110419,2011-04-19,2011,Q2,4,April,2011-04,16,19,2,Tuesday,0
20110420,2011-04-20,2011,Q2,4,April,2011-04,16,20,3,Wednesday,0
20110421,2011-04-21,2011,Q2,4,April,2011-04,16,21,4,Thursday,0
20110425,2011-04-25,2011,Q2,4,April,2011-04,17,25,1,Monday,0
20110426,2011-04-26,2011,Q2,4,April,2011-04,17,26,2,Tuesday,0
20110427,2011-04-27,2011,Q2,4,April,2011-04,17,27,3,Wednesday,0
20110428,2011-04-28,2011,Q2,4,April,2011-04,17,28,4,Thursday,0
20110429,2011-04-29,2011,Q2,4,April,2011-04,17,29,5,Friday,0
20110502,2011-05-02,2011,Q2,5,May,2011-05,18,2,1,Monday,0
20110503,2011-05-03,2011,Q2,5,May,2011-05,18,3,2,Tuesday,0
20110504,2011-05-04,2011,Q2,5,May,2011-05,18,4,3,Wednesday,0
20110505,2011-05-05,2011,Q2,5,May,2011-05,18,5,4,Thursday,0
20110506,2011-05-06,2011,Q2,5,May,2011-05,18,6,5,Friday,0
20110509,2011-05-09,2011,Q2,5,May,2011-05,19,9,1,Monday,0
20110510,2011-05-10,2011,Q2,5,May,2011-05,19,10,2,Tuesday,0
20110511,2011-05-11,2011,Q2,5,May,2011-05,19,11,3,Wednesday,0
20110512,2011-05-12,2011,Q2,5,May,2011-05,19,12,4,Thursday,0
20110513,2011-05-13,2011,Q2,5,May,2011-05,19,13,5,Friday,0
20110516,2011-05-16,2011,Q2,5,May,2011-05,20,16,1,Monday,0
20110517,2011-05-17,2011,Q2,5,May,2011-05,20,17,2,Tuesday,0
20110518,2011-05-18,2011,Q2,5,May,2011-05,20,18,3,Wednesday,0
20110519,2011-05-19,2011,Q2,5,May,2011-05,20,19,4,Thursday,0
20110520,2011-05-20,2011,Q2,5,May,2011-05,20,20,5,Friday,0
20110523,2011-05-23,2011,Q2,5,May,2011-05,21,23,1,Monday,0
20110524,2011-05-24,2011,Q2,5,May,2011-05,21,24,2,Tuesday,0
20110525,2011-05-25,2011,Q2,5,May,2011-05,21,25,3,Wednesday,0
20110526,2011-05-26,2011,Q2,5,May,2011-05,21,26,4,Thursday,0
20110527,2011-05-27,2011,Q2,5,May,2011-05,21,27,5,Friday,0
20110530,2011-05-30,2011,Q2,5,May,2011-05,22,30,1,Monday,0
20110531,2011-05-31,2011,Q2,5,May,2011-05,22,31,2,Tuesday,0
20110601,2011-06-01,2011,Q2,6,June,2011-06,22,1,3,Wednesday,0
20110602,2011-06-02,2011,Q2,6,June,2011-06,22,2,4,Thursday,0
20110603,2011-06-03,2011,Q2,6,June,2011-06,22,3,5,Friday,0
20110606,2011-06-06,2011,Q2,6,June,2011-06,23,6,1,Monday,0
20110607,2011-06-07,2011,Q2,6,June,2011-06,23,7,2,Tuesday,0
20110608,2011-06-08,2011,Q2,6,June,2011-06,23,8,3,Wednesday,0
20110609,2011-06-09,2011,Q2,6,June,2011-06,23,9,4,Thursday,0
20110610,2011-06-10,2011,Q2,6,June,2011-06,23,10,5,Friday,0
20110613,2011-06-13,2011,Q2,6,June,2011-06,24,13,1,Monday,0
20110614,2011-06-14,2011,Q2,6,June,2011-06,24,14,2,Tuesday,0
20110615,2011-06-15,2011,Q2,6,June,2011-06,24,15,3,Wednesday,0
20110616,2011-06-16,2011,Q2,6,June,2011-06,24,16,4,Thursday,0
20110617,2011-06-17,2011,Q2,6,June,2011-06,24,17,5,Friday,0
20110620,2011-06-20,2011,Q2,6,June,2011-06,25,20,1,Monday,0
20110621,2011-06-21,2011,Q2,6,June,2011-06,25,21,2,Tuesday,0
20110622,2011-06-22,2011,Q2,6,June,2011-06,25,22,3,Wednesday,0
20110623,2011-06-23,2011,Q2,6,June,2011-06,25,23,4,Thursday,0
20110624,2011-06-24,2011,Q2,6,June,2011-06,25,24,5,Friday,0
20110627,2011-06-27,2011,Q2,6,June,2011-06,26,27,1,Monday,0
20110628,2011-06-28,2011,Q2,6,June,2011-06,26,28,2,Tuesday,0
20110629,2011-06-29,2011,Q2,6,June,2011-06,26,29,3,Wednesday,0
20110630,2011-06-30,2011,Q2,6,June,2011-06,26,30,4,Thursday,0
20110701,2011-07-01,2011,Q3,7,July,2011-07,26,1,5,Friday,0
20110704,2011-07-04,2011,Q3,7,July,2011-07,27,4,1,Monday,0
20110705,2011-07-05,2011,Q3,7,July,2011-07,27,5,2,Tuesday,0
20110706,2011-07-06,2011,Q3,7,July,2011-07,27,6,3,Wednesday,0
20110707,2011-07-07,2011,Q3,7,July,2011-07,27,7,4,Thursday,0
20110708,2011-07-08,2011,Q3,7,July,2011-07,27,8,5,Friday,0
20110711,2011-07-11,2011,Q3,7,July,2011-07,28,11,1,Monday,0
20110712,2011-07-12,2011,Q3,7,July,2011-07,28,12,2,Tuesday,0
20110713,2011-07-13,2011,Q3,7,July,2011-07,28,13,3,Wednesday,0
20110714,2011-07-14,2011,Q3,7,July,2011-07,28,14,4,Thursday,0
20110715,2011-07-15,2011,Q3,7,July,2011-07,28,15,5,Friday,0
20110718,2011-07-18,2011,Q3,7,July,2011-07,29,18,1,Monday,0
20110719,2011-07-19,2011,Q3,7,July,2011-07,29,19,2,Tuesday,0
20110720,2011-07-20,2011,Q3,7,July,2011-07,29,20,3,Wednesday,0
20110721,2011-07-21,2011,Q3,7,July,2011-07,29,21,4,Thursday,0
20110722,2011-07-22,2011,Q3,7,July,2011-07,29,22,5,Friday,0
20110725,2011-07-25,2011,Q3,7,July,2011-07,30,25,1,Monday,0
20110726,2011-07-26,2011,Q3,7,July,2011-07,30,26,2,Tuesday,0
20110727,2011-07-27,2011,Q3,7,July,2011-07,30,27,3,Wednesday,0
20110728,2011-07-28,2011,Q3,7,July,2011-07,30,28,4,Thursday,0
20110729,2011-07-29,2011,Q3,7,July,2011-07,30,29,5,Friday,0
20110801,2011-08-01,2011,Q3,8,August,2011-08,31,1,1,Monday,0
20110802,2011-08-02,2011,Q3,8,August,2011-08,31,2,2,Tuesday,0
20110803,2011-08-03,2011,Q3,8,August,2011-08,31,3,3,Wednesday,0
20110804,2011-08-04,2011,Q3,8,August,2011-08,31,4,4,Thursday,0
20110805,2011-08-05,2011,Q3,8,August,2011-08,31,5,5,Friday,0
20110808,2011-08-08,2011,Q3,8,August,2011-08,32,8,1,Monday,0
20110809,2011-08-09,2011,Q3,8,August,2011-08,32,9,2,Tuesday,0
20110810,2011-08-10,2011,Q3,8,August,2011-08,32,10,3,Wednesday,0
20110811,2011-08-11,2011,Q3,8,August,2011-08,32,11,4,Thursday,0
20110812,2011-08-12,2011,Q3,8,August,2011-08,32,12,5,Friday,0
20110816,2011-08-16,2011,Q3,8,August,2011-08,33,16,2,Tuesday,0
20110817,2011-08-17,2011,Q3,8,August,2011-08,33,17,3,Wednesday,0
20110818,2011-08-18,2011,Q3,8,August,2011-08,33,18,4,Thursday,0
20110819,2011-08-19,2011,Q3,8,August,2011-08,33,19,5,Friday,0
20110822,2011-08-22,2011,Q3,8,August,2011-08,34,22,1,Monday,0
20110823,2011-08-23,2011,Q3,8,August,2011-08,34,23,2,Tuesday,0
20110824,2011-08-24,2011,Q3,8,August,2011-08,34,24,3,Wednesday,0
20110825,2011-08-25,2011,Q3,8,August,2011-08,34,25,4,Thursday,0
20110826,2011-08-26,2011,Q3,8,August,2011-08,34,26,5,Friday,0
20110829,2011-08-29,2011,Q3,8,August,2011-08,35,29,1,Monday,0
20110830,2011-08-30,2011,Q3,8,August,2011-08,35,30,2,Tuesday,0
20110902,2011-09-02,2011,Q3,9,September,2011-09,35,2,5,Friday,0
20110905,2011-09-05,2011,Q3,9,September,2011-09,36,5,1,Monday,0
20110906,2011-09-06,2011,Q3,9,September,2011-09,36,6,2,Tuesday,0
20110907,2011-09-07,2011,Q3,9,September,2011-09,36,7,3,Wednesday,0
20110908,2011-09-08,2011,Q3,9,September,2011-09,36,8,4,Thursday,0
20110909,2011-09-09,2011,Q3,9,September,2011-09,36,9,5,Friday,0
20110912,2011-09-12,2011,Q3,9,September,2011-09,37,12,1,Monday,0
20110913,2011-09-13,2011,Q3,9,September,2011-09,37,13,2,Tuesday,0
20110914,2011-09-14,2011,Q3,9,September,2011-09,37,14,3,Wednesday,0
20110915,2011-09-15,2011,Q3,9,September,2011-09,37,15,4,Thursday,0
20110916,2011-09-16,2011,Q3,9,September,2011-09,37,16,5,Friday,0
20110919,2011-09-19,2011,Q3,9,September,2011-09,38,19,1,Monday,0
20110920,2011-09-20,2011,Q3,9,September,2011-09,38,20,2,Tuesday,0
20110921,2011-09-21,2011,Q3,9,September,2011-09,38,21,3,Wednesday,0
20110922,2011-09-22,2011,Q3,9,September,2011-09,38,22,4,Thursday,0
20110923,2011-09-23,2011,Q3,9,September,2011-09,38,23,5,Friday,0
20110926,2011-09-26,2011,Q3,9,September,2011-09,39,26,1,Monday,0
20110927,2011-09-27,2011,Q3,9,September,2011-09,39,27,2,Tuesday,0
20110928,2011-09-28,2011,Q3,9,September,2011-09,39,28,3,Wednesday,0
20110929,2011-09-29,2011,Q3,9,September,2011-09,39,29,4,Thursday,0
20110930,2011-09-30,2011,Q3,9,September,2011-09,39,30,5,Friday,0
20111003,2011-10-03,2011,Q4,10,October,2011-10,40,3,1,Monday,0
20111004,2011-10-04,2011,Q4,10,October,2011-10,40,4,2,Tuesday,0
20111005,2011-10-05,2011,Q4,10,October,2011-10,40,5,3,Wednesday,0
20111007,2011-10-07,2011,Q4,10,October,2011-10,40,7,5,Friday,0
20111010,2011-10-10,2011,Q4,10,October,2011-10,41,10,1,Monday,0
20111011,2011-10-11,2011,Q4,10,October,2011-10,41,11,2,Tuesday,0
20111012,2011-10-12,2011,Q4,10,October,2011-10,41,12,3,Wednesday,0
20111013,2011-10-13,2011,Q4,10,October,2011-10,41,13,4,Thursday,0
20111014,2011-10-14,2011,Q4,10,October,2011-10,41,14,5,Friday,0
20111017,2011-10-17,2011,Q4,10,October,2011-10,42,17,1,Monday,0
20111018,2011-10-18,2011,Q4,10,October,2011-10,42,18,2,Tuesday,0
20111019,2011-10-19,2011,Q4,10,October,2011-10,42,19,3,Wednesday,0
20111020,2011-10-20,2011,Q4,10,October,2011-10,42,20,4,Thursday,0
20111021,2011-10-21,2011,Q4,10,October,2011-10,42,21,5,Friday,0
20111024,2011-10-24,2011,Q4,10,October,2011-10,43,24,1,Monday,0
20111025,2011-10-25,2011,Q4,10,October,2011-10,43,25,2,Tuesday,0
20111026,2011-10-26,2011,Q4,10,October,2011-10,43,26,3,Wednesday,0
20111028,2011-10-28,2011,Q4,10,October,2011-10,43,28,5,Friday,0
20111031,2011-10-31,2011,Q4,10,October,2011-10,44,31,1,Monday,0
20111101,2011-11-01,2011,Q4,11,November,2011-11,44,1,2,Tuesday,0
20111102,2011-11-02,2011,Q4,11,November,2011-11,44,2,3,Wednesday,0
20111103,2011-11-03,2011,Q4,11,November,2011-11,44,3,4,Thursday,0
20111104,2011-11-04,2011,Q4,11,November,2011-11,44,4,5,Friday,0
20111108,2011-11-08,2011,Q4,11,November,2011-11,45,8,2,Tuesday,0
20111109,2011-11-09,2011,Q4,11,November,2011-11,45,9,3,Wednesday,0
20111111,2011-11-11,2011,Q4,11,November,2011-11,45,11,5,Friday,0
20111114,2011-11-14,2011,Q4,11,November,2011-11,46,14,1,Monday,0
20111115,2011-11-15,2011,Q4,11,November,2011-11,46,15,2,Tuesday,0
20111116,2011-11-16,2011,Q4,11,November,2011-11,46,16,3,Wednesday,0
20111117,2011-11-17,2011,Q4,11,November,2011-11,46,17,4,Thursday,0
20111118,2011-11-18,2011,Q4,11,November,2011-11,46,18,5,Friday,0
20111121,2011-11-21,2011,Q4,11,November,2011-11,47,21,1,Monday,0
20111122,2011-11-22,2011,Q4,11,November,2011-11,47,22,2,Tuesday,0
20111123,2011-11-23,2011,Q4,11,November,2011-11,47,23,3,Wednesday,0
20111124,2011-11-24,2011,Q4,11,November,2011-11,47,24,4,Thursday,0
20111125,2011-11-25,2011,Q4,11,November,2011-11,47,25,5,Friday,0
20111128,2011-11-28,2011,Q4,11,November,2011-11,48,28,1,Monday,0
20111129,2011-11-29,2011,Q4,11,November,2011-11,48,29,2,Tuesday,0
20111130,2011-11-30,2011,Q4,11,November,2011-11,48,30,3,Wednesday,0
20111201,2011-12-01,2011,Q4,12,December,2011-12,48,1,4,Thursday,0
20111202,2011-12-02,2011,Q4,12,December,2011-12,48,2,5,Friday,0
20111205,2011-12-05,2011,Q4,12,December,2011-12,49,5,1,Monday,0
20111207,2011-12-07,2011,Q4,12,December,2011-12,49,7,3,Wednesday,0
20111208,2011-12-08,2011,Q4,12,December,2011-12,49,8,4,Thursday,0
20111209,2011-12-09,2011,Q4,12,December,2011-12,49,9,5,Friday,0
20111212,2011-12-12,2011,Q4,12,December,2011-12,50,12,1,Monday,0
20111213,2011-12-13,2011,Q4,12,December,2011-12,50,13,2,Tuesday,0
20111214,2011-12-14,2011,Q4,12,December,2011-12,50,14,3,Wednesday,0
20111215,2011-12-15,2011,Q4,12,December,2011-12,50,15,4,Thursday,0
20111216,2011-12-16,2011,Q4,12,December,2011-12,50,16,5,Friday,0
20111219,2011-12-19,2011,Q4,12,December,2011-12,51,19,1,Monday,0
20111220,2011-12-20,2011,Q4,12,December,2011-12,51,20,2,Tuesday,0
20111221,2011-12-21,2011,Q4,12,December,2011-12,51,21,3,Wednesday,0
20111222,2011-12-22,2011,Q4,12,December,2011-12,51,22,4,Thursday,0
20111223,2011-12-23,2011,Q4,12,December,2011-12,51,23,5,Friday,0
20111226,2011-12-26,2011,Q4,12,December,2011-12,52,26,1,Monday,0
20111227,2011-12-27,2011,Q4,12,December,2011-12,52,27,2,Tuesday,0
20111228,2011-12-28,2011,Q4,12,December,2011-12,52,28,3,Wednesday,0
20111229,2011-12-29,2011,Q4,12,December,2011-12,52,29,4,Thursday,0
20111230,2011-12-30,2011,Q4,12,December,2011-12,52,30,5,Friday,0
20120102,2012-01-02,2012,Q1,1,January,2012-01,1,2,1,Monday,0
20120103,2012-01-03,2012,Q1,1,January,2012-01,1,3,2,Tuesday,0
20120104,2012-01-04,2012,Q1,1,January,2012-01,1,4,3,Wednesday,0
20120105,2012-01-05,2012,Q1,1,January,2012-01,1,5,4,Thursday,0
20120106,2012-01-06,2012,Q1,1,January,2012-01,1,6,5,Friday,0
20120107,2012-01-07,2012,Q1,1,January,2012-01,1,7,6,Saturday,1
20120109,2012-01-09,2012,Q1,1,January,2012-01,2,9,1,Monday,0
20120110,2012-01-10,2012,Q1,1,January,2012-01,2,10,2,Tuesday,0
20120111,2012-01-11,2012,Q1,1,January,2012-01,2,11,3,Wednesday,0
20120112,2012-01-12,2012,Q1,1,January,2012-01,2,12,4,Thursday,0
20120113,2012-01-13,2012,Q1,1,January,2012-01,2,13,5,Friday,0
20120116,2012-01-16,2012,Q1,1,January,2012-01,3,16,1,Monday,0
20120117,2012-01-17,2012,Q1,1,January,2012-01,3,17,2,Tuesday,0
20120118,2012-01-18,2012,Q1,1,January,2012-01,3,18,3,Wednesday,0
20120119,2012-01-19,2012,Q1,1,January,2012-01,3,19,4,Thursday,0
20120120,2012-01-20,2012,Q1,1,January,2012-01,3,20,5,Friday,0
20120123,2012-01-23,2012,Q1,1,January,2012-01,4,23,1,Monday,0
20120124,2012-01-24,2012,Q1,1,January,2012-01,4,24,2,Tuesday,0
20120125,2012-01-25,2012,Q1,1,January,2012-01,4,25,3,Wednesday,0
20120127,2012-01-27,2012,Q1,1,January,2012-01,4,27,5,Friday,0
20120130,2012-01-30,2012,Q1,1,January,2012-01,5,30,1,Monday,0
20120131,2012-01-31,2012,Q1,1,January,2012-01,5,31,2,Tuesday,0
20120201,2012-02-01,2012,Q1,2,February,2012-02,5,1,3,Wednesday,0
20120202,2012-02-02,2012,Q1,2,February,2012-02,5,2,4,Thursday,0
20120203,2012-02-03,2012,Q1,2,February,2012-02,5,3,5,Friday,0
20120206,2012-02-06,2012,Q1,2,February,2012-02,6,6,1,Monday,0
20120207,2012-02-07,2012,Q1,2,February,2012-02,6,7,2,Tuesday,0
20120208,2012-02-08,2012,Q1,2,February,2012-02,6,8,3,Wednesday,0
20120209,2012-02-09,2012,Q1,2,February,2012-02,6,9,4,Thursday,0
20120210,2012-02-10,2012,Q1,2,February,2012-02,6,10,5,Friday,0
20120213,2012-02-13,2012,Q1,2,February,2012-02,7,13,1,Monday,0
20120214,2012-02-14,2012,Q1,2,February,2012-02,7,14,2,Tuesday,0
20120215,2012-02-15,2012,Q1,2,February,2012-02,7,15,3,Wednesday,0
20120216,2012-02-16,2012,Q1,2,February,2012-02,7,16,4,Thursday,0
20120217,2012-02-17,2012,Q1,2,February,2012-02,7,17,5,Friday,0
20120221,2012-02-21,2012,Q1,2,February,2012-02,8,21,2,Tuesday,0
20120222,2012-02-22,2012,Q1,2,February,2012-02,8,22,3,Wednesday,0
20120223,2012-02-23,2012,Q1,2,February,2012-02,8,23,4,Thursday,0
20120224,2012-02-24,2012,Q1,2,February,2012-02,8,24,5,Friday,0
20120227,2012-02-27,2012,Q1,2,February,2012-02,9,27,1,Monday,0
20120228,2012-02-28,2012,Q1,2,February,2012-02,9,28,2,Tuesday,0
20120229,2012-02-29,2012,Q1,2,February,2012-02,9,29,3,Wednesday,0
20120301,2012-03-01,2012,Q1,3,March,2012-03,9,1,4,Thursday,0
20120302,2012-03-02,2012,Q1,3,March,2012-03,9,2,5,Friday,0
20120303,2012-03-03,2012,Q1,3,March,2012-03,9,3,6,Saturday,1
20120305,2012-03-05,2012,Q1,3,March,2012-03,10,5,1,Monday,0
20120306,2012-03-06,2012,Q1,3,March,2012-03,10,6,2,Tuesday,0
20120307,2012-03-07,2012,Q1,3,March,2012-03,10,7,3,Wednesday,0
20120309,2012-03-09,2012,Q1,3,March,2012-03,10,9,5,Friday,0
20120312,2012-03-12,2012,Q1,3,March,2012-03,11,12,1,Monday,0
20120313,2012-03-13,2012,Q1,3,March,2012-03,11,13,2,Tuesday,0
20120314,2012-03-14,2012,Q1,3,March,2012-03,11,14,3,Wednesday,0
20120315,2012-03-15,2012,Q1,3,March,2012-03,11,15,4,Thursday,0
20120316,2012-03-16,2012,Q1,3,March,2012-03,11,16,5,Friday,0
20120319,2012-03-19,2012,Q1,3,March,2012-03,12,19,1,Monday,0
20120320,2012-03-20,2012,Q1,3,March,2012-03,12,20,2,Tuesday,0
20120321,2012-03-21,2012,Q1,3,March,2012-03,12,21,3,Wednesday,0
20120322,2012-03-22,2012,Q1,3,March,2012-03,12,22,4,Thursday,0
20120323,2012-03-23,2012,Q1,3,March,2012-03,12,23,5,Friday,0
20120326,2012-03-26,2012,Q1,3,March,2012-03,13,26,1,Monday,0
20120327,2012-03-27,2012,Q1,3,March,2012-03,13,27,2,Tuesday,0
20120328,2012-03-28,2012,Q1,3,March,2012-03,13,28,3,Wednesday,0
20120329,2012-03-29,2012,Q1,3,March,2012-03,13,29,4,Thursday,0
20120330,2012-03-30,2012,Q1,3,March,2012-03,13,30,5,Friday,0
20120402,2012-04-02,2012,Q2,4,April,2012-04,14,2,1,Monday,0
20120403,2012-04-03,2012,Q2,4,April,2012-04,14,3,2,Tuesday,0
20120404,2012-04-04,2012,Q2,4,April,2012-04,14,4,3,Wednesday,0
20120409,2012-04-09,2012,Q2,4,April,2012-04,15,9,1,Monday,0
20120410,2012-04-10,2012,Q2,4,April,2012-04,15,10,2,Tuesday,0
20120411,2012-04-11,2012,Q2,4,April,2012-04,15,11,3,Wednesday,0
20120412,2012-04-12,2012,Q2,4,April,2012-04,15,12,4,Thursday,0
20120413,2012-04-13,2012,Q2,4,April,2012-04,15,13,5,Friday,0
20120416,2012-04-16,2012,Q2,4,April,2012-04,16,16,1,Monday,0
20120417,2012-04-17,2012,Q2,4,April,2012-04,16,17,2,Tuesday,0
20120418,2012-04-18,2012,Q2,4,April,2012-04,16,18,3,Wednesday,0
20120419,2012-04-19,2012,Q2,4,April,2012-04,16,19,4,Thursday,0
20120420,2012-04-20,2012,Q2,4,April,2012-04,16,20,5,Friday,0
20120423,2012-04-23,2012,Q2,4,April,2012-04,17,23,1,Monday,0
20120424,2012-04-24,2012,Q2,4,April,2012-04,17,24,2,Tuesday,0
20120425,2012-04-25,2012,Q2,4,April,2012-04,17,25,3,Wednesday,0
20120426,2012-04-26,2012,Q2,4,April,2012-04,17,26,4,Thursday,0
20120427,2012-04-27,2012,Q2,4,April,2012-04,17,27,5,Friday,0
20120428,2012-04-28,2012,Q2,4,April,2012-04,17,28,6,Saturday,1
20120430,2012-04-30,2012,Q2,4,April,2012-04,18,30,1,Monday,0
20120502,2012-05-02,2012,Q2,5,May,2012-05,18,2,3,Wednesday,0
20120503,2012-05-03,2012,Q2,5,May,2012-05,18,3,4,Thursday,0
20120504,2012-05-04,2012,Q2,5,May,2012-05,18,4,5,Friday,0
20120507,2012-05-07,2012,Q2,5,May,2012-05,19,7,1,Monday,0
20120508,2012-05-08,2012,Q2,5,May,2012-05,19,8,2,Tuesday,0
20120509,2012-05-09,2012,Q2,5,May,2012-05,19,9,3,Wednesday,0
20120510,2012-05-10,2012,Q2,5,May,2012-05,19,10,4,Thursday,0
20120511,2012-05-11,2012,Q2,5,May,2012-05,19,11,5,Friday,0
20120514,2012-05-14,2012,Q2,5,May,2012-05,20,14,1,Monday,0
20120515,2012-05-15,2012,Q2,5,May,2012-05,20,15,2,Tuesday,0
20120516,2012-05-16,2012,Q2,5,May,2012-05,20,16,3,Wednesday,0
20120517,2012-05-17,2012,Q2,5,May,2012-05,20,17,4,Thursday,0
20120518,2012-05-18,2012,Q2,5,May,2012-05,20,18,5,Friday,0
20120521,2012-05-21,2012,Q2,5,May,2012-05,21,21,1,Monday,0
20120522,2012-05-22,2012,Q2,5,May,2012-05,21,22,2,Tuesday,0
20120523,2012-05-23,2012,Q2,5,May,2012-05,21,23,3,Wednesday,0
20120524,2012-05-24,2012,Q2,5,May,2012-05,21,24,4,Thursday,0
20120525,2012-05-25,2012,Q2,5,May,2012-05,21,25,5,Friday,0
20120528,2012-05-28,2012,Q2,5,May,2012-05,22,28,1,Monday,0
20120529,2012-05-29,2012,Q2,5,May,2012-05,22,29,2,Tuesday,0
20120530,2012-05-30,2012,Q2,5,May,2012-05,22,30,3,Wednesday,0
20120531,2012-05-31,2012,Q2,5,May,2012-05,22,31,4,Thursday,0
20120601,2012-06-01,2012,Q2,6,June,2012-06,22,1,5,Friday,0
20120604,2012-06-04,2012,Q2,6,June,2012-06,23,4,1,Monday,0
20120605,2012-06-05,2012,Q2,6,June,2012-06,23,5,2,Tuesday,0
20120606,2012-06-06,2012,Q2,6,June,2012-06,23,6,3,Wednesday,0
20120607,2012-06-07,2012,Q2,6,June,2012-06,23,7,4,Thursday,0
20120608,2012-06-08,2012,Q2,6,June,2012-06,23,8,5,Friday,0
20120611,2012-06-11,2012,Q2,6,June,2012-06,24,11,1,Monday,0
20120612,2012-06-12,2012,Q2,6,June,2012-06,24,12,2,Tuesday,0
20120613,2012-06-13,2012,Q2,6,June,2012-06,24,13,3,Wednesday,0
20120614,2012-06-14,2012,Q2,6,June,2012-06,24,14,4,Thursday,0
20120615,2012-06-15,2012,Q2,6,June,2012-06,24,15,5,Friday,0
20120618,2012-06-18,2012,Q2,6,June,2012-06,25,18,1,Monday,0
20120619,2012-06-19,2012,Q2,6,June,2012-06,25,19,2,Tuesday,0
20120620,2012-06-20,2012,Q2,6,June,2012-06,25,20,3,Wednesday,0
20120621,2012-06-21,2012,Q2,6,June,2012-06,25,21,4,Thursday,0
20120622,2012-06-22,2012,Q2,6,June,2012-06,25,22,5,Friday,0
20120625,2012-06-25,2012,Q2,6,June,2012-06,26,25,1,Monday,0
20120626,2012-06-26,2012,Q2,6,June,2012-06,26,26,2,Tuesday,0
20120627,2012-06-27,2012,Q2,6,June,2012-06,26,27,3,Wednesday,0
20120628,2012-06-28,2012,Q2,6,June,2012-06,26,28,4,Thursday,0
20120629,2012-06-29,2012,Q2,6,June,2012-06,26,29,5,Friday,0
20120702,2012-07-02,2012,Q3,7,July,2012-07,27,2,1,Monday,0
20120703,2012-07-03,2012,Q3,7,July,2012-07,27,3,2,Tuesday,0
20120704,2012-07-04,2012,Q3,7,July,2012-07,27,4,3,Wednesday,0
20120705,2012-07-05,2012,Q3,7,July,2012-07,27,5,4,Thursday,0
20120706,2012-07-06,2012,Q3,7,July,2012-07,27,6,5,Friday,0
20120709,2012-07-09,2012,Q3,7,July,2012-07,28,9,1,Monday,0
20120710,2012-07-10,2012,Q3,7,July,2012-07,28,10,2,Tuesday,0
20120711,2012-07-11,2012,Q3,7,July,2012-07,28,11,3,Wednesday,0
20120712,2012-07-12,2012,Q3,7,July,2012-07,28,12,4,Thursday,0
20120713,2012-07-13,2012,Q3,7,July,2012-07,28,13,5,Friday,0
20120716,2012-07-16,2012,Q3,7,July,2012-07,29,16,1,Monday,0
20120717,2012-07-17,2012,Q3,7,July,2012-07,29,17,2,Tuesday,0
20120718,2012-07-18,2012,Q3,7,July,2012-07,29,18,3,Wednesday,0
20120719,2012-07-19,2012,Q3,7,July,2012-07,29,19,4,Thursday,0
20120720,2012-07-20,2012,Q3,7,July,2012-07,29,20,5,Friday,0
20120723,2012-07-23,2012,Q3,7,July,2012-07,30,23,1,Monday,0
20120724,2012-07-24,2012,Q3,7,July,2012-07,30,24,2,Tuesday,0
20120725,2012-07-25,2012,Q3,7,July,2012-07,30,25,3,Wednesday,0
20120726,2012-07-26,2012,Q3,7,July,2012-07,30,26,4,Thursday,0
20120727,2012-07-27,2012,Q3,7,July,2012-07,30,27,5,Friday,0
20120730,2012-07-30,2012,Q3,7,July,2012-07,31,30,1,Monday,0
20120731,2012-07-31,2012,Q3,7,July,2012-07,31,31,2,Tuesday,0
20120801,2012-08-01,2012,Q3,8,August,2012-08,31,1,3,Wednesday,0
20120802,2012-08-02,2012,Q3,8,August,2012-08,31,2,4,Thursday,0
20120803,2012-08-03,2012,Q3,8,August,2012-08,31,3,5,Friday,0
20120806,2012-08-06,2012,Q3,8,August,2012-08,32,6,1,Monday,0
20120807,2012-08-07,2012,Q3,8,August,2012-08,32,7,2,Tuesday,0
20120808,2012-08-08,2012,Q3,8,August,2012-08,32,8,3,Wednesday,0
20120809,2012-08-09,2012,Q3,8,August,2012-08,32,9,4,Thursday,0
20120810,2012-08-10,2012,Q3,8,August,2012-08,32,10,5,Friday,0
20120813,2012-08-13,2012,Q3,8,August,2012-08,33,13,1,Monday,0
20120814,2012-08-14,2012,Q3,8,August,2012-08,33,14,2,Tuesday,0
20120816,2012-08-16,2012,Q3,8,August,2012-08,33,16,4,Thursday,0
20120817,2012-08-17,2012,Q3,8,August,2012-08,33,17,5,Friday,0
20120821,2012-08-21,2012,Q3,8,August,2012-08,34,21,2,Tuesday,0
20120822,2012-08-22,2012,Q3,8,August,2012-08,34,22,3,Wednesday,0
20120823,2012-08-23,2012,Q3,8,August,2012-08,34,23,4,Thursday,0
20120824,2012-08-24,2012,Q3,8,August,2012-08,34,24,5,Friday,0
20120827,2012-08-27,2012,Q3,8,August,2012-08,35,27,1,Monday,0
20120828,2012-08-28,2012,Q3,8,August,2012-08,35,28,2,Tuesday,0
20120829,2012-08-29,2012,Q3,8,August,2012-08,35,29,3,Wednesday,0
20120830,2012-08-30,2012,Q3,8,August,2012-08,35,30,4,Thursday,0
20120831,2012-08-31,2012,Q3,8,August,2012-08,35,31,5,Friday,0
20120903,2012-09-03,2012,Q3,9,September,2012-09,36,3,1,Monday,0
20120904,2012-09-04,2012,Q3,9,September,2012-09,36,4,2,Tuesday,0
20120905,2012-09-05,2012,Q3,9,September,2012-09,36,5,3,Wednesday,0
20120906,2012-09-06,2012,Q3,9,September,2012-09,36,6,4,Thursday,0
20120907,2012-09-07,2012,Q3,9,September,2012-09,36,7,5,Friday,0
20120908,2012-09-08,2012,Q3,9,September,2012-09,36,8,6,Saturday,1
20120910,2012-09-10,2012,Q3,9,September,2012-09,37,10,1,Monday,0
20120911,2012-09-11,2012,Q3,9,September,2012-09,37,11,2,Tuesday,0
20120912,2012-09-12,2012,Q3,9,September,2012-09,37,12,3,Wednesday,0
20120913,2012-09-13,2012,Q3,9,September,2012-09,37,13,4,Thursday,0
20120914,2012-09-14,2012,Q3,9,September,2012-09,37,14,5,Friday,0
20120917,2012-09-17,2012,Q3,9,September,2012-09,38,17,1,Monday,0
20120918,2012-09-18,2012,Q3,9,September,2012-09,38,18,2,Tuesday,0
20120920,2012-09-20,2012,Q3,9,September,2012-09,38,20,4,Thursday,0
20120921,2012-09-21,2012,Q3,9,September,2012-09,38,21,5,Friday,0
20120924,2012-09-24,2012,Q3,9,September,2012-09,39,24,1,Monday,0
20120925,2012-09-25,2012,Q3,9,September,2012-09,39,25,2,Tuesday,0
20120926,2012-09-26,2012,Q3,9,September,2012-09,39,26,3,Wednesday,0
20120927,2012-09-27,2012,Q3,9,September,2012-09,39,27,4,Thursday,0
20120928,2012-09-28,2012,Q3,9,September,2012-09,39,28,5,Friday,0
20121001,2012-10-01,2012,Q4,10,October,2012-10,40,1,1,Monday,0
20121003,2012-10-03,2012,Q4,10,October,2012-10,40,3,3,Wednesday,0
20121004,2012-10-04,2012,Q4,10,October,2012-10,40,4,4,Thursday,0
20121005,2012-10-05,2012,Q4,10,October,2012-10,40,5,5,Friday,0
20121008,2012-10-08,2012,Q4,10,October,2012-10,41,8,1,Monday,0
20121009,2012-10-09,2012,Q4,10,October,2012-10,41,9,2,Tuesday,0
20121010,2012-10-10,2012,Q4,10,October,2012-10,41,10,3,Wednesday,0
20121011,2012-10-11,2012,Q4,10,October,2012-10,41,11,4,Thursday,0
20121012,2012-10-12,2012,Q4,10,October,2012-10,41,12,5,Friday,0
20121015,2012-10-15,2012,Q4,10,October,2012-10,42,15,1,Monday,0
20121016,2012-10-16,2012,Q4,10,October,2012-10,42,16,2,Tuesday,0
20121017,2012-10-17,2012,Q4,10,October,2012-10,42,17,3,Wednesday,0
20121018,2012-10-18,2012,Q4,10,October,2012-10,42,18,4,Thursday,0
20121019,2012-10-19,2012,Q4,10,October,2012-10,42,19,5,Friday,0
20121022,2012-10-22,2012,Q4,10,October,2012-10,43,22,1,Monday,0
20121023,2012-10-23,2012,Q4,10,October,2012-10,43,23,2,Tuesday,0
20121025,2012-10-25,2012,Q4,10,October,2012-10,43,25,4,Thursday,0
20121026,2012-10-26,2012,Q4,10,October,2012-10,43,26,5,Friday,0
20121029,2012-10-29,2012,Q4,10,October,2012-10,44,29,1,Monday,0
20121030,2012-10-30,2012,Q4,10,October,2012-10,44,30,2,Tuesday,0
20121031,2012-10-31,2012,Q4,10,October,2012-10,44,31,3,Wednesday,0
20121101,2012-11-01,2012,Q4,11,November,2012-11,44,1,4,Thursday,0
20121102,2012-11-02,2012,Q4,11,November,2012-11,44,2,5,Friday,0
20121105,2012-11-05,2012,Q4,11,November,2012-11,45,5,1,Monday,0
20121106,2012-11-06,2012,Q4,11,November,2012-11,45,6,2,Tuesday,0
20121107,2012-11-07,2012,Q4,11,November,2012-11,45,7,3,Wednesday,0
20121108,2012-11-08,2012,Q4,11,November,2012-11,45,8,4,Thursday,0
20121109,2012-11-09,2012,Q4,11,November,2012-11,45,9,5,Friday,0
20121112,2012-11-12,2012,Q4,11,November,2012-11,46,12,1,Monday,0
20121113,2012-11-13,2012,Q4,11,November,2012-11,46,13,2,Tuesday,0
20121115,2012-11-15,2012,Q4,11,November,2012-11,46,15,4,Thursday,0
20121116,2012-11-16,2012,Q4,11,November,2012-11,46,16,5,Friday,0
20121119,2012-11-19,2012,Q4,11,November,2012-11,47,19,1,Monday,0
20121120,2012-11-20,2012,Q4,11,November,2012-11,47,20,2,Tuesday,0
20121121,2012-11-21,2012,Q4,11,November,2012-11,47,21,3,Wednesday,0
20121122,2012-11-22,2012,Q4,11,November,2012-11,47,22,4,Thursday,0
20121123,2012-11-23,2012,Q4,11,November,2012-11,47,23,5,Friday,0
20121126,2012-11-26,2012,Q4,11,November,2012-11,48,26,1,Monday,0
20121127,2012-11-27,2012,Q4,11,November,2012-11,48,27,2,Tuesday,0
20121129,2012-11-29,2012,Q4,11,November,2012-11,48,29,4,Thursday,0
20121130,2012-11-30,2012,Q4,11,November,2012-11,48,30,5,Friday,0
20121203,2012-12-03,2012,Q4,12,December,2012-12,49,3,1,Monday,0
20121204,2012-12-04,2012,Q4,12,December,2012-12,49,4,2,Tuesday,0
20121205,2012-12-05,2012,Q4,12,December,2012-12,49,5,3,Wednesday,0
20121206,2012-12-06,2012,Q4,12,December,2012-12,49,6,4,Thursday,0
20121207,2012-12-07,2012,Q4,12,December,2012-12,49,7,5,Friday,0
20121210,2012-12-10,2012,Q4,12,December,2012-12,50,10,1,Monday,0
20121211,2012-12-11,2012,Q4,12,December,2012-12,50,11,2,Tuesday,0
20121212,2012-12-12,2012,Q4,12,December,2012-12,50,12,3,Wednesday,0
20121213,2012-12-13,2012,Q4,12,December,2012-12,50,13,4,Thursday,0
20121214,2012-12-14,2012,Q4,12,December,2012-12,50,14,5,Friday,0
20121217,2012-12-17,2012,Q4,12,December,2012-12,51,17,1,Monday,0
20121218,2012-12-18,2012,Q4,12,December,2012-12,51,18,2,Tuesday,0
20121219,2012-12-19,2012,Q4,12,December,2012-12,51,19,3,Wednesday,0
20121220,2012-12-20,2012,Q4,12,December,2012-12,51,20,4,Thursday,0
20121221,2012-12-21,2012,Q4,12,December,2012-12,51,21,5,Friday,0
20121224,2012-12-24,2012,Q4,12,December,2012-12,52,24,1,Monday,0
20121226,2012-12-26,2012,Q4,12,December,2012-12,52,26,3,Wednesday,0
20121227,2012-12-27,2012,Q4,12,December,2012-12,52,27,4,Thursday,0
20121228,2012-12-28,2012,Q4,12,December,2012-12,52,28,5,Friday,0
20121231,2012-12-31,2012,Q4,12,December,2012-12,1,31,1,Monday,0
20130101,2013-01-01,2013,Q1,1,January,2013-01,1,1,2,Tuesday,0
20130102,2013-01-02,2013,Q1,1,January,2013-01,1,2,3,Wednesday,0
20130103,2013-01-03,2013,Q1,1,January,2013-01,1,3,4,Thursday,0
20130104,2013-01-04,2013,Q1,1,January,2013-01,1,4,5,Friday,0
20130107,2013-01-07,2013,Q1,1,January,2013-01,2,7,1,Monday,0
20130108,2013-01-08,2013,Q1,1,January,2013-01,2,8,2,Tuesday,0
20130109,2013-01-09,2013,Q1,1,January,2013-01,2,9,3,Wednesday,0
20130110,2013-01-10,2013,Q1,1,January,2013-01,2,10,4,Thursday,0
20130111,2013-01-11,2013,Q1,1,January,2013-01,2,11,5,Friday,0
20130114,2013-01-14,2013,Q1,1,January,2013-01,3,14,1,Monday,0
20130115,2013-01-15,2013,Q1,1,January,2013-01,3,15,2,Tuesday,0
20130116,2013-01-16,2013,Q1,1,January,2013-01,3,16,3,Wednesday,0
20130117,2013-01-17,2013,Q1,1,January,2013-01,3,17,4,Thursday,0
20130118,2013-01-18,2013,Q1,1,January,2013-01,3,18,5,Friday,0
20130121,2013-01-21,2013,Q1,1,January,2013-01,4,21,1,Monday,0
20130122,2013-01-22,2013,Q1,1,January,2013-01,4,22,2,Tuesday,0
20130123,2013-01-23,2013,Q1,1,January,2013-01,4,23,3,Wednesday,0
20130124,2013-01-24,2013,Q1,1,January,2013-01,4,24,4,Thursday,0
20130125,2013-01-25,2013,Q1,1,January,2013-01,4,25,5,Friday,0
20130128,2013-01-28,2013,Q1,1,January,2013-01,5,28,1,Monday,0
20130129,2013-01-29,2013,Q1,1,January,2013-01,5,29,2,Tuesday,0
20130130,2013-01-30,2013,Q1,1,January,2013-01,5,30,3,Wednesday,0
20130131,2013-01-31,2013,Q1,1,January,2013-01,5,31,4,Thursday,0
20130201,2013-02-01,2013,Q1,2,February,2013-02,5,1,5,Friday,0
20130204,2013-02-04,2013,Q1,2,February,2013-02,6,4,1,Monday,0
20130205,2013-02-05,2013,Q1,2,February,2013-02,6,5,2,Tuesday,0
20130206,2013-02-06,2013,Q1,2,February,2013-02,6,6,3,Wednesday,0
20130207,2013-02-07,2013,Q1,2,February,2013-02,6,7,4,Thursday,0
20130208,2013-02-08,2013,Q1,2,February,2013-02,6,8,5,Friday,0
20130211,2013-02-11,2013,Q1,2,February,2013-02,7,11,1,Monday,0
20130212,2013-02-12,2013,Q1,2,February,2013-02,7,12,2,Tuesday,0
20130213,2013-02-13,2013,Q1,2,February,2013-02,7,13,3,Wednesday,0
20130214,2013-02-14,2013,Q1,2,February,2013-02,7,14,4,Thursday,0
20130215,2013-02-15,2013,Q1,2,February,2013-02,7,15,5,Friday,0
20130218,2013-02-18,2013,Q1,2,February,2013-02,8,18,1,Monday,0
20130219,2013-02-19,2013,Q1,2,February,2013-02,8,19,2,Tuesday,0
20130220,2013-02-20,2013,Q1,2,February,2013-02,8,20,3,Wednesday,0
20130221,2013-02-21,2013,Q1,2,February,2013-02,8,21,4,Thursday,0
20130222,2013-02-22,2013,Q1,2,February,2013-02,8,22,5,Friday,0
20130225,2013-02-25,2013,Q1,2,February,2013-02,9,25,1,Monday,0
20130226,2013-02-26,2013,Q1,2,February,2013-02,9,26,2,Tuesday,0
20130227,2013-02-27,2013,Q1,2,February,2013-02,9,27,3,Wednesday,0
20130228,2013-02-28,2013,Q1,2,February,2013-02,9,28,4,Thursday,0
20130301,2013-03-01,2013,Q1,3,March,2013-03,9,1,5,Friday,0
20130304,2013-03-04,2013,Q1,3,March,2013-03,10,4,1,Monday,0
20130305,2013-03-05,2013,Q1,3,March,2013-03,10,5,2,Tuesday,0
20130306,2013-03-06,2013,Q1,3,March,2013-03,10,6,3,Wednesday,0
20130307,2013-03-07,2013,Q1,3,March,2013-03,10,7,4,Thursday,0
20130308,2013-03-08,2013,Q1,3,March,2013-03,10,8,5,Friday,0
20130311,2013-03-11,2013,Q1,3,March,2013-03,11,11,1,Monday,0
20130312,2013-03-12,2013,Q1,3,March,2013-03,11,12,2,Tuesday,0
20130313,2013-03-13,2013,Q1,3,March,2013-03,11,13,3,Wednesday,0
20130314,2013-03-14,2013,Q1,3,March,2013-03,11,14,4,Thursday,0
20130315,2013-03-15,2013,Q1,3,March,2013-03,11,15,5,Friday,0
20130318,2013-03-18,2013,Q1,3,March,2013-03,12,18,1,Monday,0
20130319,2013-03-19,2013,Q1,3,March,2013-03,12,19,2,Tuesday,0
20130320,2013-03-20,2013,Q1,3,March,2013-03,12,20,3,Wednesday,0
20130321,2013-03-21,2013,Q1,3,March,2013-03,12,21,4,Thursday,0
20130322,2013-03-22,2013,Q1,3,March,2013-03,12,22,5,Friday,0
20130325,2013-03-25,2013,Q1,3,March,2013-03,13,25,1,Monday,0
20130326,2013-03-26,2013,Q1,3,March,2013-03,13,26,2,Tuesday,0
20130328,2013-03-28,2013,Q1,3,March,2013-03,13,28,4,Thursday,0
20130401,2013-04-01,2013,Q2,4,April,2013-04,14,1,1,Monday,0
20130402,2013-04-02,2013,Q2,4,April,2013-04,14,2,2,Tuesday,0
20130403,2013-04-03,2013,Q2,4,April,2013-04,14,3,3,Wednesday,0
20130404,2013-04-04,2013,Q2,4,April,2013-04,14,4,4,Thursday,0
20130405,2013-04-05,2013,Q2,4,April,2013-04,14,5,5,Friday,0
20130408,2013-04-08,2013,Q2,4,April,2013-04,15,8,1,Monday,0
20130409,2013-04-09,2013,Q2,4,April,2013-04,15,9,2,Tuesday,0
20130410,2013-04-10,2013,Q2,4,April,2013-04,15,10,3,Wednesday,0
20130411,2013-04-11,2013,Q2,4,April,2013-04,15,11,4,Thursday,0
20130412,2013-04-12,2013,Q2,4,April,2013-04,15,12,5,Friday,0
20130415,2013-04-15,2013,Q2,4,April,2013-04,16,15,1,Monday,0
20130416,2013-04-16,2013,Q2,4,April,2013-04,16,16,2,Tuesday,0
20130417,2013-04-17,2013,Q2,4,April,2013-04,16,17,3,Wednesday,0
20130418,2013-04-18,2013,Q2,4,April,2013-04,16,18,4,Thursday,0
20130422,2013-04-22,2013,Q2,4,April,2013-04,17,22,1,Monday,0
20130423,2013-04-23,2013,Q2,4,April,2013-04,17,23,2,Tuesday,0
20130425,2013-04-25,2013,Q2,4,April,2013-04,17,25,4,Thursday,0
20130426,2013-04-26,2013,Q2,4,April,2013-04,17,26,5,Friday,0
20130429,2013-04-29,2013,Q2,4,April,2013-04,18,29,1,Monday,0
20130430,2013-04-30,2013,Q2,4,April,2013-04,18,30,2,Tuesday,0
20130502,2013-05-02,2013,Q2,5,May,2013-05,18,2,4,Thursday,0
20130503,2013-05-03,2013,Q2,5,May,2013-05,18,3,5,Friday,0
20130506,2013-05-06,2013,Q2,5,May,2013-05,19,6,1,Monday,0
20130507,2013-05-07,2013,Q2,5,May,2013-05,19,7,2,Tuesday,0
20130508,2013-05-08,2013,Q2,5,May,2013-05,19,8,3,Wednesday,0
20130509,2013-05-09,2013,Q2,5,May,2013-05,19,9,4,Thursday,0
20130510,2013-05-10,2013,Q2,5,May,2013-05,19,10,5,Friday,0
20130511,2013-05-11,2013,Q2,5,May,2013-05,19,11,6,Saturday,1
20130513,2013-05-13,2013,Q2,5,May,2013-05,20,13,1,Monday,0
20130514,2013-05-14,2013,Q2,5,May,2013-05,20,14,2,Tuesday,0
20130515,2013-05-15,2013,Q2,5,May,2013-05,20,15,3,Wednesday,0
20130516,2013-05-16,2013,Q2,5,May,2013-05,20,16,4,Thursday,0
20130517,2013-05-17,2013,Q2,5,May,2013-05,20,17,5,Friday,0
20130520,2013-05-20,2013,Q2,5,May,2013-05,21,20,1,Monday,0
20130521,2013-05-21,2013,Q2,5,May,2013-05,21,21,2,Tuesday,0
20130522,2013-05-22,2013,Q2,5,May,2013-05,21,22,3,Wednesday,0
20130523,2013-05-23,2013,Q2,5,May,2013-05,21,23,4,Thursday,0
20130524,2013-05-24,2013,Q2,5,May,2013-05,21,24,5,Friday,0
20130527,2013-05-27,2013,Q2,5,May,2013-05,22,27,1,Monday,0
20130528,2013-05-28,2013,Q2,5,May,2013-05,22,28,2,Tuesday,0
20130529,2013-05-29,2013,Q2,5,May,2013-05,22,29,3,Wednesday,0
20130530,2013-05-30,2013,Q2,5,May,2013-05,22,30,4,Thursday,0
20130531,2013-05-31,2013,Q2,5,May,2013-05,22,31,5,Friday,0
20130603,2013-06-03,2013,Q2,6,June,2013-06,23,3,1,Monday,0
20130604,2013-06-04,2013,Q2,6,June,2013-06,23,4,2,Tuesday,0
20130605,2013-06-05,2013,Q2,6,June,2013-06,23,5,3,Wednesday,0
20130606,2013-06-06,2013,Q2,6,June,2013-06,23,6,4,Thursday,0
20130607,2013-06-07,2013,Q2,6,June,2013-06,23,7,5,Friday,0
20130610,2013-06-10,2013,Q2,6,June,2013-06,24,10,1,Monday,0
20130611,2013-06-11,2013,Q2,6,June,2013-06,24,11,2,Tuesday,0
20130612,2013-06-12,2013,Q2,6,June,2013-06,24,12,3,Wednesday,0
20130613,2013-06-13,2013,Q2,6,June,2013-06,24,13,4,Thursday,0
20130614,2013-06-14,2013,Q2,6,June,2013-06,24,14,5,Friday,0
20130617,2013-06-17,2013,Q2,6,June,2013-06,25,17,1,Monday,0
20130618,2013-06-18,2013,Q2,6,June,2013-06,25,18,2,Tuesday,0
20130619,2013-06-19,2013,Q2,6,June,2013-06,25,19,3,Wednesday,0
20130620,2013-06-20,2013,Q2,6,June,2013-06,25,20,4,Thursday,0
20130621,2013-06-21,2013,Q2,6,June,2013-06,25,21,5,Friday,0
20130624,2013-06-24,2013,Q2,6,June,2013-06,26,24,1,Monday,0
20130625,2013-06-25,2013,Q2,6,June,2013-06,26,25,2,Tuesday,0
20130626,2013-06-26,2013,Q2,6,June,2013-06,26,26,3,Wednesday,0
20130627,2013-06-27,2013,Q2,6,June,2013-06,26,27,4,Thursday,0
20130628,2013-06-28,2013,Q2,6,June,2013-06,26,28,5,Friday,0
20130701,2013-07-01,2013,Q3,7,July,2013-07,27,1,1,Monday,0
20130702,2013-07-02,2013,Q3,7,July,2013-07,27,2,2,Tuesday,0
20130703,2013-07-03,2013,Q3,7,July,2013-07,27,3,3,Wednesday,0
20130704,2013-07-04,2013,Q3,7,July,2013-07,27,4,4,Thursday,0
20130705,2013-07-05,2013,Q3,7,July,2013-07,27,5,5,Friday,0
20130708,2013-07-08,2013,Q3,7,July,2013-07,28,8,1,Monday,0
20130709,2013-07-09,2013,Q3,7,July,2013-07,28,9,2,Tuesday,0
20130710,2013-07-10,2013,Q3,7,July,2013-07,28,10,3,Wednesday,0
20130711,2013-07-11,2013,Q3,7,July,2013-07,28,11,4,Thursday,0
20130712,2013-07-12,2013,Q3,7,July,2013-07,28,12,5,Friday,0
20130715,2013-07-15,2013,Q3,7,July,2013-07,29,15,1,Monday,0
20130716,2013-07-16,2013,Q3,7,July,2013-07,29,16,2,Tuesday,0
20130717,2013-07-17,2013,Q3,7,July,2013-07,29,17,3,Wednesday,0
20130718,2013-07-18,2013,Q3,7,July,2013-07,29,18,4,Thursday,0
20130719,2013-07-19,2013,Q3,7,July,2013-07,29,19,5,Friday,0
20130722,2013-07-22,2013,Q3,7,July,2013-07,30,22,1,Monday,0
20130723,2013-07-23,2013,Q3,7,July,2013-07,30,23,2,Tuesday,0
20130724,2013-07-24,2013,Q3,7,July,2013-07,30,24,3,Wednesday,0
20130725,2013-07-25,2013,Q3,7,July,2013-07,30,25,4,Thursday,0
20130726,2013-07-26,2013,Q3,7,July,2013-07,30,26,5,Friday,0
20130729,2013-07-29,2013,Q3,7,July,2013-07,31,29,1,Monday,0
20130730,2013-07-30,2013,Q3,7,July,2013-07,31,30,2,Tuesday,0
20130731,2013-07-31,2013,Q3,7,July,2013-07,31,31,3,Wednesday,0
20130801,2013-08-01,2013,Q3,8,August,2013-08,31,1,4,Thursday,0
20130802,2013-08-02,2013,Q3,8,August,2013-08,31,2,5,Friday,0
20130805,2013-08-05,2013,Q3,8,August,2013-08,32,5,1,Monday,0
20130806,2013-08-06,2013,Q3,8,August,2013-08,32,6,2,Tuesday,0
20130807,2013-08-07,2013,Q3,8,August,2013-08,32,7,3,Wednesday,0
20130808,2013-08-08,2013,Q3,8,August,2013-08,32,8,4,Thursday,0
20130812,2013-08-12,2013,Q3,8,August,2013-08,33,12,1,Monday,0
20130813,2013-08-13,2013,Q3,8,August,2013-08,33,13,2,Tuesday,0
20130814,2013-08-14,2013,Q3,8,August,2013-08,33,14,3,Wednesday,0
20130816,2013-08-16,2013,Q3,8,August,2013-08,33,16,5,Friday,0
20130819,2013-08-19,2013,Q3,8,August,2013-08,34,19,1,Monday,0
20130820,2013-08-20,2013,Q3,8,August,2013-08,34,20,2,Tuesday,0
20130821,2013-08-21,2013,Q3,8,August,2013-08,34,21,3,Wednesday,0
20130822,2013-08-22,2013,Q3,8,August,2013-08,34,22,4,Thursday,0
20130823,2013-08-23,2013,Q3,8,August,2013-08,34,23,5,Friday,0
20130826,2013-08-26,2013,Q3,8,August,2013-08,35,26,1,Monday,0
20130827,2013-08-27,2013,Q3,8,August,2013-08,35,27,2,Tuesday,0
20130828,2013-08-28,2013,Q3,8,August,2013-08,35,28,3,Wednesday,0
20130829,2013-08-29,2013,Q3,8,August,2013-08,35,29,4,Thursday,0
20130830,2013-08-30,2013,Q3,8,August,2013-08,35,30,5,Friday,0
20130902,2013-09-02,2013,Q3,9,September,2013-09,36,2,1,Monday,0
20130903,2013-09-03,2013,Q3,9,September,2013-09,36,3,2,Tuesday,0
20130904,2013-09-04,2013,Q3,9,September,2013-09,36,4,3,Wednesday,0
20130905,2013-09-05,2013,Q3,9,September,2013-09,36,5,4,Thursday,0
20130906,2013-09-06,2013,Q3,9,September,2013-09,36,6,5,Friday,0
20130910,2013-09-10,2013,Q3,9,September,2013-09,37,10,2,Tuesday,0
20130911,2013-09-11,2013,Q3,9,September,2013-09,37,11,3,Wednesday,0
20130912,2013-09-12,2013,Q3,9,September,2013-09,37,12,4,Thursday,0
20130913,2013-09-13,2013,Q3,9,September,2013-09,37,13,5,Friday,0
20130916,2013-09-16,2013,Q3,9,September,2013-09,38,16,1,Monday,0
20130917,2013-09-17,2013,Q3,9,September,2013-09,38,17,2,Tuesday,0
20130918,2013-09-18,2013,Q3,9,September,2013-09,38,18,3,Wednesday,0
20130919,2013-09-19,2013,Q3,9,September,2013-09,38,19,4,Thursday,0
20130920,2013-09-20,2013,Q3,9,September,2013-09,38,20,5,Friday,0
20130923,2013-09-23,2013,Q3,9,September,2013-09,39,23,1,Monday,0
20130924,2013-09-24,2013,Q3,9,September,2013-09,39,24,2,Tuesday,0
20130925,2013-09-25,2013,Q3,9,September,2013-09,39,25,3,Wednesday,0
20130926,2013-09-26,2013,Q3,9,September,2013-09,39,26,4,Thursday,0
20130927,2013-09-27,2013,Q3,9,September,2013-09,39,27,5,Friday,0
20130930,2013-09-30,2013,Q3,9,September,2013-09,40,30,1,Monday,0
20131001,2013-10-01,2013,Q4,10,October,2013-10,40,1,2,Tuesday,0
20131003,2013-10-03,2013,Q4,10,October,2013-10,40,3,4,Thursday,0
20131004,2013-10-04,2013,Q4,10,October,2013-10,40,4,5,Friday,0
20131007,2013-10-07,2013,Q4,10,October,2013-10,41,7,1,Monday,0
20131008,2013-10-08,2013,Q4,10,October,2013-10,41,8,2,Tuesday,0
20131009,2013-10-09,2013,Q4,10,October,2013-10,41,9,3,Wednesday,0
20131010,2013-10-10,2013,Q4,10,October,2013-10,41,10,4,Thursday,0
20131011,2013-10-11,2013,Q4,10,October,2013-10,41,11,5,Friday,0
20131014,2013-10-14,2013,Q4,10,October,2013-10,42,14,1,Monday,0
20131015,2013-10-15,2013,Q4,10,October,2013-10,42,15,2,Tuesday,0
20131017,2013-10-17,2013,Q4,10,October,2013-10,42,17,4,Thursday,0
20131018,2013-10-18,2013,Q4,10,October,2013-10,42,18,5,Friday,0
20131021,2013-10-21,2013,Q4,10,October,2013-10,43,21,1,Monday,0
20131022,2013-10-22,2013,Q4,10,October,2013-10,43,22,2,Tuesday,0
20131023,2013-10-23,2013,Q4,10,October,2013-10,43,23,3,Wednesday,0
20131024,2013-10-24,2013,Q4,10,October,2013-10,43,24,4,Thursday,0
20131025,2013-10-25,2013,Q4,10,October,2013-10,43,25,5,Friday,0
20131028,2013-10-28,2013,Q4,10,October,2013-10,44,28,1,Monday,0
20131029,2013-10-29,2013,Q4,10,October,2013-10,44,29,2,Tuesday,0
20131030,2013-10-30,2013,Q4,10,October,2013-10,44,30,3,Wednesday,0
20131031,2013-10-31,2013,Q4,10,October,2013-10,44,31,4,Thursday,0
20131101,2013-11-01,2013,Q4,11,November,2013-11,44,1,5,Friday,0
20131103,2013-11-03,2013,Q4,11,November,2013-11,44,3,7,Sunday,1
20131105,2013-11-05,2013,Q4,11,November,2013-11,45,5,2,Tuesday,0
20131106,2013-11-06,2013,Q4,11,November,2013-11,45,6,3,Wednesday,0
20131107,2013-11-07,2013,Q4,11,November,2013-11,45,7,4,Thursday,0
20131108,2013-11-08,2013,Q4,11,November,2013-11,45,8,5,Friday,0
20131111,2013-11-11,2013,Q4,11,November,2013-11,46,11,1,Monday,0
20131112,2013-11-12,2013,Q4,11,November,2013-11,46,12,2,Tuesday,0
20131113,2013-11-13,2013,Q4,11,November,2013-11,46,13,3,Wednesday,0
20131114,2013-11-14,2013,Q4,11,November,2013-11,46,14,4,Thursday,0
20131118,2013-11-18,2013,Q4,11,November,2013-11,47,18,1,Monday,0
20131119,2013-11-19,2013,Q4,11,November,2013-11,47,19,2,Tuesday,0
20131120,2013-11-20,2013,Q4,11,November,2013-11,47,20,3,Wednesday,0
20131121,2013-11-21,2013,Q4,11,November,2013-11,47,21,4,Thursday,0
20131122,2013-11-22,2013,Q4,11,November,2013-11,47,22,5,Friday,0
20131125,2013-11-25,2013,Q4,11,November,2013-11,48,25,1,Monday,0
20131126,2013-11-26,2013,Q4,11,November,2013-11,48,26,2,Tuesday,0
20131127,2013-11-27,2013,Q4,11,November,2013-11,48,27,3,Wednesday,0
20131128,2013-11-28,2013,Q4,11,November,2013-11,48,28,4,Thursday,0
20131129,2013-11-29,2013,Q4,11,November,2013-11,48,29,5,Friday,0
20131202,2013-12-02,2013,Q4,12,December,2013-12,49,2,1,Monday,0
20131203,2013-12-03,2013,Q4,12,December,2013-12,49,3,2,Tuesday,0
20131204,2013-12-04,2013,Q4,12,December,2013-12,49,4,3,Wednesday,0
20131205,2013-12-05,2013,Q4,12,December,2013-12,49,5,4,Thursday,0
20131206,2013-12-06,2013,Q4,12,December,2013-12,49,6,5,Friday,0
20131209,2013-12-09,2013,Q4,12,December,2013-12,50,9,1,Monday,0
20131210,2013-12-10,2013,Q4,12,December,2013-12,50,10,2,Tuesday,0
20131211,2013-12-11,2013,Q4,12,December,2013-12,50,11,3,Wednesday,0
20131212,2013-12-12,2013,Q4,12,December,2013-12,50,12,4,Thursday,0
20131213,2013-12-13,2013,Q4,12,December,2013-12,50,13,5,Friday,0
20131216,2013-12-16,2013,Q4,12,December,2013-12,51,16,1,Monday,0
20131217,2013-12-17,2013,Q4,12,December,2013-12,51,17,2,Tuesday,0
20131218,2013-12-18,2013,Q4,12,December,2013-12,51,18,3,Wednesday,0
20131219,2013-12-19,2013,Q4,12,December,2013-12,51,19,4,Thursday,0
20131220,2013-12-20,2013,Q4,12,December,2013-12,51,20,5,Friday,0
20131223,2013-12-23,2013,Q4,12,December,2013-12,52,23,1,Monday,0
20131224,2013-12-24,2013,Q4,12,December,2013-12,52,24,2,Tuesday,0
20131226,2013-12-26,2013,Q4,12,December,2013-12,52,26,4,Thursday,0
20131227,2013-12-27,2013,Q4,12,December,2013-12,52,27,5,Friday,0
20131230,2013-12-30,2013,Q4,12,December,2013-12,1,30,1,Monday,0
20131231,2013-12-31,2013,Q4,12,December,2013-12,1,31,2,Tuesday,0
20140101,2014-01-01,2014,Q1,1,January,2014-01,1,1,3,Wednesday,0
20140102,2014-01-02,2014,Q1,1,January,2014-01,1,2,4,Thursday,0
20140103,2014-01-03,2014,Q1,1,January,2014-01,1,3,5,Friday,0
20140106,2014-01-06,2014,Q1,1,January,2014-01,2,6,1,Monday,0
20140107,2014-01-07,2014,Q1,1,January,2014-01,2,7,2,Tuesday,0
20140108,2014-01-08,2014,Q1,1,January,2014-01,2,8,3,Wednesday,0
20140109,2014-01-09,2014,Q1,1,January,2014-01,2,9,4,Thursday,0
20140110,2014-01-10,2014,Q1,1,January,2014-01,2,10,5,Friday,0
20140113,2014-01-13,2014,Q1,1,January,2014-01,3,13,1,Monday,0
20140114,2014-01-14,2014,Q1,1,January,2014-01,3,14,2,Tuesday,0
20140115,2014-01-15,2014,Q1,1,January,2014-01,3,15,3,Wednesday,0
20140116,2014-01-16,2014,Q1,1,January,2014-01,3,16,4,Thursday,0
20140117,2014-01-17,2014,Q1,1,January,2014-01,3,17,5,Friday,0
20140120,2014-01-20,2014,Q1,1,January,2014-01,4,20,1,Monday,0
20140121,2014-01-21,2014,Q1,1,January,2014-01,4,21,2,Tuesday,0
20140122,2014-01-22,2014,Q1,1,January,2014-01,4,22,3,Wednesday,0
20140123,2014-01-23,2014,Q1,1,January,2014-01,4,23,4,Thursday,0
20140124,2014-01-24,2014,Q1,1,January,2014-01,4,24,5,Friday,0
20140127,2014-01-27,2014,Q1,1,January,2014-01,5,27,1,Monday,0
20140128,2014-01-28,2014,Q1,1,January,2014-01,5,28,2,Tuesday,0
20140129,2014-01-29,2014,Q1,1,January,2014-01,5,29,3,Wednesday,0
20140130,2014-01-30,2014,Q1,1,January,2014-01,5,30,4,Thursday,0
20140131,2014-01-31,2014,Q1,1,January,2014-01,5,31,5,Friday,0
20140203,2014-02-03,2014,Q1,2,February,2014-02,6,3,1,Monday,0
20140204,2014-02-04,2014,Q1,2,February,2014-02,6,4,2,Tuesday,0
20140205,2014-02-05,2014,Q1,2,February,2014-02,6,5,3,Wednesday,0
20140206,2014-02-06,2014,Q1,2,February,2014-02,6,6,4,Thursday,0
20140207,2014-02-07,2014,Q1,2,February,2014-02,6,7,5,Friday,0
20140210,2014-02-10,2014,Q1,2,February,2014-02,7,10,1,Monday,0
20140211,2014-02-11,2014,Q1,2,February,2014-02,7,11,2,Tuesday,0
20140212,2014-02-12,2014,Q1,2,February,2014-02,7,12,3,Wednesday,0
20140213,2014-02-13,2014,Q1,2,February,2014-02,7,13,4,Thursday,0
20140214,2014-02-14,2014,Q1,2,February,2014-02,7,14,5,Friday,0
20140217,2014-02-17,2014,Q1,2,February,2014-02,8,17,1,Monday,0
20140218,2014-02-18,2014,Q1,2,February,2014-02,8,18,2,Tuesday,0
20140219,2014-02-19,2014,Q1,2,February,2014-02,8,19,3,Wednesday,0
20140220,2014-02-20,2014,Q1,2,February,2014-02,8,20,4,Thursday,0
20140221,2014-02-21,2014,Q1,2,February,2014-02,8,21,5,Friday,0
20140224,2014-02-24,2014,Q1,2,February,2014-02,9,24,1,Monday,0
20140225,2014-02-25,2014,Q1,2,February,2014-02,9,25,2,Tuesday,0
20140226,2014-02-26,2014,Q1,2,February,2014-02,9,26,3,Wednesday,0
20140228,2014-02-28,2014,Q1,2,February,2014-02,9,28,5,Friday,0
20140303,2014-03-03,2014,Q1,3,March,2014-03,10,3,1,Monday,0
20140304,2014-03-04,2014,Q1,3,March,2014-03,10,4,2,Tuesday,0
20140305,2014-03-05,2014,Q1,3,March,2014-03,10,5,3,Wednesday,0
20140306,2014-03-06,2014,Q1,3,March,2014-03,10,6,4,Thursday,0
20140307,2014-03-07,2014,Q1,3,March,2014-03,10,7,5,Friday,0
20140310,2014-03-10,2014,Q1,3,March,2014-03,11,10,1,Monday,0
20140311,2014-03-11,2014,Q1,3,March,2014-03,11,11,2,Tuesday,0
20140312,2014-03-12,2014,Q1,3,March,2014-03,11,12,3,Wednesday,0
20140313,2014-03-13,2014,Q1,3,March,2014-03,11,13,4,Thursday,0
20140314,2014-03-14,2014,Q1,3,March,2014-03,11,14,5,Friday,0
20140318,2014-03-18,2014,Q1,3,March,2014-03,12,18,2,Tuesday,0
20140319,2014-03-19,2014,Q1,3,March,2014-03,12,19,3,Wednesday,0
20140320,2014-03-20,2014,Q1,3,March,2014-03,12,20,4,Thursday,0
20140321,2014-03-21,2014,Q1,3,March,2014-03,12,21,5,Friday,0
20140322,2014-03-22,2014,Q1,3,March,2014-03,12,22,6,Saturday,1
20140324,2014-03-24,2014,Q1,3,March,2014-03,13,24,1,Monday,0
20140325,2014-03-25,2014,Q1,3,March,2014-03,13,25,2,Tuesday,0
20140326,2014-03-26,2014,Q1,3,March,2014-03,13,26,3,Wednesday,0
20140327,2014-03-27,2014,Q1,3,March,2014-03,13,27,4,Thursday,0
20140328,2014-03-28,2014,Q1,3,March,2014-03,13,28,5,Friday,0
20140331,2014-03-31,2014,Q1,3,March,2014-03,14,31,1,Monday,0
20140401,2014-04-01,2014,Q2,4,April,2014-04,14,1,2,Tuesday,0
20140402,2014-04-02,2014,Q2,4,April,2014-04,14,2,3,Wednesday,0
20140403,2014-04-03,2014,Q2,4,April,2014-04,14,3,4,Thursday,0
20140404,2014-04-04,2014,Q2,4,April,2014-04,14,4,5,Friday,0
20140407,2014-04-07,2014,Q2,4,April,2014-04,15,7,1,Monday,0
20140409,2014-04-09,2014,Q2,4,April,2014-04,15,9,3,Wednesday,0
20140410,2014-04-10,2014,Q2,4,April,2014-04,15,10,4,Thursday,0
20140411,2014-04-11,2014,Q2,4,April,2014-04,15,11,5,Friday,0
20140415,2014-04-15,2014,Q2,4,April,2014-04,16,15,2,Tuesday,0
20140416,2014-04-16,2014,Q2,4,April,2014-04,16,16,3,Wednesday,0
20140417,2014-04-17,2014,Q2,4,April,2014-04,16,17,4,Thursday,0
20140421,2014-04-21,2014,Q2,4,April,2014-04,17,21,1,Monday,0
20140422,2014-04-22,2014,Q2,4,April,2014-04,17,22,2,Tuesday,0
20140423,2014-04-23,2014,Q2,4,April,2014-04,17,23,3,Wednesday,0
20140425,2014-04-25,2014,Q2,4,April,2014-04,17,25,5,Friday,0
20140428,2014-04-28,2014,Q2,4,April,2014-04,18,28,1,Monday,0
20140429,2014-04-29,2014,Q2,4,April,2014-04,18,29,2,Tuesday,0
20140430,2014-04-30,2014,Q2,4,April,2014-04,18,30,3,Wednesday,0
20140502,2014-05-02,2014,Q2,5,May,2014-05,18,2,5,Friday,0
20140505,2014-05-05,2014,Q2,5,May,2014-05,19,5,1,Monday,0
20140506,2014-05-06,2014,Q2,5,May,2014-05,19,6,2,Tuesday,0
20140507,2014-05-07,2014,Q2,5,May,2014-05,19,7,3,Wednesday,0
20140508,2014-05-08,2014,Q2,5,May,2014-05,19,8,4,Thursday,0
20140509,2014-05-09,2014,Q2,5,May,2014-05,19,9,5,Friday,0
20140512,2014-05-12,2014,Q2,5,May,2014-05,20,12,1,Monday,0
20140513,2014-05-13,2014,Q2,5,May,2014-05,20,13,2,Tuesday,0
20140514,2014-05-14,2014,Q2,5,May,2014-05,20,14,3,Wednesday,0
20140515,2014-05-15,2014,Q2,5,May,2014-05,20,15,4,Thursday,0
20140516,2014-05-16,2014,Q2,5,May,2014-05,20,16,5,Friday,0
20140519,2014-05-19,2014,Q2,5,May,2014-05,21,19,1,Monday,0
20140520,2014-05-20,2014,Q2,5,May,2014-05,21,20,2,Tuesday,0
20140521,2014-05-21,2014,Q2,5,May,2014-05,21,21,3,Wednesday,0
20140522,2014-05-22,2014,Q2,5,May,2014-05,21,22,4,Thursday,0
20140523,2014-05-23,2014,Q2,5,May,2014-05,21,23,5,Friday,0
20140526,2014-05-26,2014,Q2,5,May,2014-05,22,26,1,Monday,0
20140527,2014-05-27,2014,Q2,5,May,2014-05,22,27,2,Tuesday,0
20140528,2014-05-28,2014,Q2,5,May,2014-05,22,28,3,Wednesday,0
20140529,2014-05-29,2014,Q2,5,May,2014-05,22,29,4,Thursday,0
20140530,2014-05-30,2014,Q2,5,May,2014-05,22,30,5,Friday,0
20140602,2014-06-02,2014,Q2,6,June,2014-06,23,2,1,Monday,0
20140603,2014-06-03,2014,Q2,6,June,2014-06,23,3,2,Tuesday,0
20140604,2014-06-04,2014,Q2,6,June,2014-06,23,4,3,Wednesday,0
20140605,2014-06-05,2014,Q2,6,June,2014-06,23,5,4,Thursday,0
20140606,2014-06-06,2014,Q2,6,June,2014-06,23,6,5,Friday,0
20140609,2014-06-09,2014,Q2,6,June,2014-06,24,9,1,Monday,0
20140610,2014-06-10,2014,Q2,6,June,2014-06,24,10,2,Tuesday,0
20140611,2014-06-11,2014,Q2,6,June,2014-06,24,11,3,Wednesday,0
20140612,2014-06-12,2014,Q2,6,June,2014-06,24,12,4,Thursday,0
20140613,2014-06-13,2014,Q2,6,June,2014-06,24,13,5,Friday,0
20140616,2014-06-16,2014,Q2,6,June,2014-06,25,16,1,Monday,0
20140617,2014-06-17,2014,Q2,6,June,2014-06,25,17,2,Tuesday,0
20140618,2014-06-18,2014,Q2,6,June,2014-06,25,18,3,Wednesday,0
20140619,2014-06-19,2014,Q2,6,June,2014-06,25,19,4,Thursday,0
20140620,2014-06-20,2014,Q2,6,June,2014-06,25,20,5,Friday,0
20140623,2014-06-23,2014,Q2,6,June,2014-06,26,23,1,Monday,0
20140624,2014-06-24,2014,Q2,6,June,2014-06,26,24,2,Tuesday,0
20140625,2014-06-25,2014,Q2,6,June,2014-06,26,25,3,Wednesday,0
20140626,2014-06-26,2014,Q2,6,June,2014-06,26,26,4,Thursday,0
20140627,2014-06-27,2014,Q2,6,June,2014-06,26,27,5,Friday,0
20140630,2014-06-30,2014,Q2,6,June,2014-06,27,30,1,Monday,0
20140701,2014-07-01,2014,Q3,7,July,2014-07,27,1,2,Tuesday,0
20140702,2014-07-02,2014,Q3,7,July,2014-07,27,2,3,Wednesday,0
20140703,2014-07-03,2014,Q3,7,July,2014-07,27,3,4,Thursday,0
20140704,2014-07-04,2014,Q3,7,July,2014-07,27,4,5,Friday,0
20140707,2014-07-07,2014,Q3,7,July,2014-07,28,7,1,Monday,0
20140708,2014-07-08,2014,Q3,7,July,2014-07,28,8,2,Tuesday,0
20140709,2014-07-09,2014,Q3,7,July,2014-07,28,9,3,Wednesday,0
20140710,2014-07-10,2014,Q3,7,July,2014-07,28,10,4,Thursday,0
20140711,2014-07-11,2014,Q3,7,July,2014-07,28,11,5,Friday,0
20140714,2014-07-14,2014,Q3,7,July,2014-07,29,14,1,Monday,0
20140715,2014-07-15,2014,Q3,7,July,2014-07,29,15,2,Tuesday,0
20140716,2014-07-16,2014,Q3,7,July,2014-07,29,16,3,Wednesday,0
20140717,2014-07-17,2014,Q3,7,July,2014-07,29,17,4,Thursday,0
20140718,2014-07-18,2014,Q3,7,July,2014-07,29,18,5,Friday,0
20140721,2014-07-21,2014,Q3,7,July,2014-07,30,21,1,Monday,0
20140722,2014-07-22,2014,Q3,7,July,2014-07,30,22,2,Tuesday,0
20140723,2014-07-23,2014,Q3,7,July,2014-07,30,23,3,Wednesday,0
20140724,2014-07-24,2014,Q3,7,July,2014-07,30,24,4,Thursday,0
20140725,2014-07-25,2014,Q3,7,July,2014-07,30,25,5,Friday,0
20140728,2014-07-28,2014,Q3,7,July,2014-07,31,28,1,Monday,0
20140730,2014-07-30,2014,Q3,7,July,2014-07,31,30,3,Wednesday,0
20140731,2014-07-31,2014,Q3,7,July,2014-07,31,31,4,Thursday,0
20140801,2014-08-01,2014,Q3,8,August,2014-08,31,1,5,Friday,0
20140804,2014-08-04,2014,Q3,8,August,2014-08,32,4,1,Monday,0
20140805,2014-08-05,2014,Q3,8,August,2014-08,32,5,2,Tuesday,0
20140806,2014-08-06,2014,Q3,8,August,2014-08,32,6,3,Wednesday,0
20140807,2014-08-07,2014,Q3,8,August,2014-08,32,7,4,Thursday,0
20140808,2014-08-08,2014,Q3,8,August,2014-08,32,8,5,Friday,0
20140811,2014-08-11,2014,Q3,8,August,2014-08,33,11,1,Monday,0
20140812,2014-08-12,2014,Q3,8,August,2014-08,33,12,2,Tuesday,0
20140813,2014-08-13,2014,Q3,8,August,2014-08,33,13,3,Wednesday,0
20140814,2014-08-14,2014,Q3,8,August,2014-08,33,14,4,Thursday,0
20140818,2014-08-18,2014,Q3,8,August,2014-08,34,18,1,Monday,0
20140819,2014-08-19,2014,Q3,8,August,2014-08,34,19,2,Tuesday,0
20140820,2014-08-20,2014,Q3,8,August,2014-08,34,20,3,Wednesday,0
20140821,2014-08-21,2014,Q3,8,August,2014-08,34,21,4,Thursday,0
20140822,2014-08-22,2014,Q3,8,August,2014-08,34,22,5,Friday,0
20140825,2014-08-25,2014,Q3,8,August,2014-08,35,25,1,Monday,0
20140826,2014-08-26,2014,Q3,8,August,2014-08,35,26,2,Tuesday,0
20140827,2014-08-27,2014,Q3,8,August,2014-08,35,27,3,Wednesday,0
20140828,2014-08-28,2014,Q3,8,August,2014-08,35,28,4,Thursday,0
20140901,2014-09-01,2014,Q3,9,September,2014-09,36,1,1,Monday,0
20140902,2014-09-02,2014,Q3,9,September,2014-09,36,2,2,Tuesday,0
20140903,2014-09-03,2014,Q3,9,September,2014-09,36,3,3,Wednesday,0
20140904,2014-09-04,2014,Q3,9,September,2014-09,36,4,4,Thursday,0
20140905,2014-09-05,2014,Q3,9,September,2014-09,36,5,5,Friday,0
20140908,2014-09-08,2014,Q3,9,September,2014-09,37,8,1,Monday,0
20140909,2014-09-09,2014,Q3,9,September,2014-09,37,9,2,Tuesday,0
20140910,2014-09-10,2014,Q3,9,September,2014-09,37,10,3,Wednesday,0
20140911,2014-09-11,2014,Q3,9,September,2014-09,37,11,4,Thursday,0
20140912,2014-09-12,2014,Q3,9,September,2014-09,37,12,5,Friday,0
20140915,2014-09-15,2014,Q3,9,September,2014-09,38,15,1,Monday,0
20140916,2014-09-16,2014,Q3,9,September,2014-09,38,16,2,Tuesday,0
20140917,2014-09-17,2014,Q3,9,September,2014-09,38,17,3,Wednesday,0
20140918,2014-09-18,2014,Q3,9,September,2014-09,38,18,4,Thursday,0
20140919,2014-09-19,2014,Q3,9,September,2014-09,38,19,5,Friday,0
20140922,2014-09-22,2014,Q3,9,September,2014-09,39,22,1,Monday,0
20140923,2014-09-23,2014,Q3,9,September,2014-09,39,23,2,Tuesday,0
20140924,2014-09-24,2014,Q3,9,September,2014-09,39,24,3,Wednesday,0
20140925,2014-09-25,2014,Q3,9,September,2014-09,39,25,4,Thursday,0
20140926,2014-09-26,2014,Q3,9,September,2014-09,39,26,5,Friday,0
20140929,2014-09-29,2014,Q3,9,September,2014-09,40,29,1,Monday,0
20140930,2014-09-30,2014,Q3,9,September,2014-09,40,30,2,Tuesday,0
20141001,2014-10-01,2014,Q4,10,October,2014-10,40,1,3,Wednesday,0
20141007,2014-10-07,2014,Q4,10,October,2014-10,41,7,2,Tuesday,0
20141008,2014-10-08,2014,Q4,10,October,2014-10,41,8,3,Wednesday,0
20141009,2014-10-09,2014,Q4,10,October,2014-10,41,9,4,Thursday,0
20141010,2014-10-10,2014,Q4,10,October,2014-10,41,10,5,Friday,0
20141013,2014-10-13,2014,Q4,10,October,2014-10,42,13,1,Monday,0
20141014,2014-10-14,2014,Q4,10,October,2014-10,42,14,2,Tuesday,0
20141016,2014-10-16,2014,Q4,10,October,2014-10,42,16,4,Thursday,0
20141017,2014-10-17,2014,Q4,10,October,2014-10,42,17,5,Friday,0
20141020,2014-10-20,2014,Q4,10,October,2014-10,43,20,1,Monday,0
20141021,2014-10-21,2014,Q4,10,October,2014-10,43,21,2,Tuesday,0
20141022,2014-10-22,2014,Q4,10,October,2014-10,43,22,3,Wednesday,0
20141023,2014-10-23,2014,Q4,10,October,2014-10,43,23,4,Thursday,0
20141027,2014-10-27,2014,Q4,10,October,2014-10,44,27,1,Monday,0
20141028,2014-10-28,2014,Q4,10,October,2014-10,44,28,2,Tuesday,0
20141029,2014-10-29,2014,Q4,10,October,2014-10,44,29,3,Wednesday,0
20141030,2014-10-30,2014,Q4,10,October,2014-10,44,30,4,Thursday,0
20141031,2014-10-31,2014,Q4,10,October,2014-10,44,31,5,Friday,0
20141103,2014-11-03,2014,Q4,11,November,2014-11,45,3,1,Monday,0
20141105,2014-11-05,2014,Q4,11,November,2014-11,45,5,3,Wednesday,0
20141107,2014-11-07,2014,Q4,11,November,2014-11,45,7,5,Friday,0
20141110,2014-11-10,2014,Q4,11,November,2014-11,46,10,1,Monday,0
20141111,2014-11-11,2014,Q4,11,November,2014-11,46,11,2,Tuesday,0
20141112,2014-11-12,2014,Q4,11,November,2014-11,46,12,3,Wednesday,0
20141113,2014-11-13,2014,Q4,11,November,2014-11,46,13,4,Thursday,0
20141114,2014-11-14,2014,Q4,11,November,2014-11,46,14,5,Friday,0
20141117,2014-11-17,2014,Q4,11,November,2014-11,47,17,1,Monday,0
20141118,2014-11-18,2014,Q4,11,November,2014-11,47,18,2,Tuesday,0
20141119,2014-11-19,2014,Q4,11,November,2014-11,47,19,3,Wednesday,0
20141120,2014-11-20,2014,Q4,11,November,2014-11,47,20,4,Thursday,0
20141121,2014-11-21,2014,Q4,11,November,2014-11,47,21,5,Friday,0
20141124,2014-11-24,2014,Q4,11,November,2014-11,48,24,1,Monday,0
20141125,2014-11-25,2014,Q4,11,November,2014-11,48,25,2,Tuesday,0
20141126,2014-11-26,2014,Q4,11,November,2014-11,48,26,3,Wednesday,0
20141127,2014-11-27,2014,Q4,11,November,2014-11,48,27,4,Thursday,0
20141128,2014-11-28,2014,Q4,11,November,2014-11,48,28,5,Friday,0
20141201,2014-12-01,2014,Q4,12,December,2014-12,49,1,1,Monday,0
20141202,2014-12-02,2014,Q4,12,December,2014-12,49,2,2,Tuesday,0
20141203,2014-12-03,2014,Q4,12,December,2014-12,49,3,3,Wednesday,0
20141204,2014-12-04,2014,Q4,12,December,2014-12,49,4,4,Thursday,0
20141205,2014-12-05,2014,Q4,12,December,2014-12,49,5,5,Friday,0
20141208,2014-12-08,2014,Q4,12,December,2014-12,50,8,1,Monday,0
20141209,2014-12-09,2014,Q4,12,December,2014-12,50,9,2,Tuesday,0
20141210,2014-12-10,2014,Q4,12,December,2014-12,50,10,3,Wednesday,0
20141211,2014-12-11,2014,Q4,12,December,2014-12,50,11,4,Thursday,0
20141212,2014-12-12,2014,Q4,12,December,2014-12,50,12,5,Friday,0
20141215,2014-12-15,2014,Q4,12,December,2014-12,51,15,1,Monday,0
20141216,2014-12-16,2014,Q4,12,December,2014-12,51,16,2,Tuesday,0
20141217,2014-12-17,2014,Q4,12,December,2014-12,51,17,3,Wednesday,0
20141218,2014-12-18,2014,Q4,12,December,2014-12,51,18,4,Thursday,0
20141219,2014-12-19,2014,Q4,12,December,2014-12,51,19,5,Friday,0
20141222,2014-12-22,2014,Q4,12,December,2014-12,52,22,1,Monday,0
20141223,2014-12-23,2014,Q4,12,December,2014-12,52,23,2,Tuesday,0
20141224,2014-12-24,2014,Q4,12,December,2014-12,52,24,3,Wednesday,0
20141226,2014-12-26,2014,Q4,12,December,2014-12,52,26,5,Friday,0
20141229,2014-12-29,2014,Q4,12,December,2014-12,1,29,1,Monday,0
20141230,2014-12-30,2014,Q4,12,December,2014-12,1,30,2,Tuesday,0
20141231,2014-12-31,2014,Q4,12,December,2014-12,1,31,3,Wednesday,0
20150101,2015-01-01,2015,Q1,1,January,2015-01,1,1,4,Thursday,0
20150102,2015-01-02,2015,Q1,1,January,2015-01,1,2,5,Friday,0
20150105,2015-01-05,2015,Q1,1,January,2015-01,2,5,1,Monday,0
20150106,2015-01-06,2015,Q1,1,January,2015-01,2,6,2,Tuesday,0
20150107,2015-01-07,2015,Q1,1,January,2015-01,2,7,3,Wednesday,0
20150108,2015-01-08,2015,Q1,1,January,2015-01,2,8,4,Thursday,0
20150109,2015-01-09,2015,Q1,1,January,2015-01,2,9,5,Friday,0
20150112,2015-01-12,2015,Q1,1,January,2015-01,3,12,1,Monday,0
20150113,2015-01-13,2015,Q1,1,January,2015-01,3,13,2,Tuesday,0
20150114,2015-01-14,2015,Q1,1,January,2015-01,3,14,3,Wednesday,0
20150115,2015-01-15,2015,Q1,1,January,2015-01,3,15,4,Thursday,0
20150116,2015-01-16,2015,Q1,1,January,2015-01,3,16,5,Friday,0
20150119,2015-01-19,2015,Q1,1,January,2015-01,4,19,1,Monday,0
20150120,2015-01-20,2015,Q1,1,January,2015-01,4,20,2,Tuesday,0
20150121,2015-01-21,2015,Q1,1,January,2015-01,4,21,3,Wednesday,0
20150122,2015-01-22,2015,Q1,1,January,2015-01,4,22,4,Thursday,0
20150123,2015-01-23,2015,Q1,1,January,2015-01,4,23,5,Friday,0
20150127,2015-01-27,2015,Q1,1,January,2015-01,5,27,2,Tuesday,0
20150128,2015-01-28,2015,Q1,1,January,2015-01,5,28,3,Wednesday,0
20150129,2015-01-29,2015,Q1,1,January,2015-01,5,29,4,Thursday,0
20150130,2015-01-30,2015,Q1,1,January,2015-01,5,30,5,Friday,0
20150202,2015-02-02,2015,Q1,2,February,2015-02,6,2,1,Monday,0
20150203,2015-02-03,2015,Q1,2,February,2015-02,6,3,2,Tuesday,0
20150204,2015-02-04,2015,Q1,2,February,2015-02,6,4,3,Wednesday,0
20150205,2015-02-05,2015,Q1,2,February,2015-02,6,5,4,Thursday,0
20150206,2015-02-06,2015,Q1,2,February,2015-02,6,6,5,Friday,0
20150209,2015-02-09,2015,Q1,2,February,2015-02,7,9,1,Monday,0
20150210,2015-02-10,2015,Q1,2,February,2015-02,7,10,2,Tuesday,0
20150211,2015-02-11,2015,Q1,2,February,2015-02,7,11,3,Wednesday,0
20150212,2015-02-12,2015,Q1,2,February,2015-02,7,12,4,Thursday,0
20150213,2015-02-13,2015,Q1,2,February,2015-02,7,13,5,Friday,0
20150216,2015-02-16,2015,Q1,2,February,2015-02,8,16,1,Monday,0
20150218,2015-02-18,2015,Q1,2,February,2015-02,8,18,3,Wednesday,0
20150219,2015-02-19,2015,Q1,2,February,2015-02,8,19,4,Thursday,0
20150220,2015-02-20,2015,Q1,2,February,2015-02,8,20,5,Friday,0
20150223,2015-02-23,2015,Q1,2,February,2015-02,9,23,1,Monday,0
20150224,2015-02-24,2015,Q1,2,February,2015-02,9,24,2,Tuesday,0
20150225,2015-02-25,2015,Q1,2,February,2015-02,9,25,3,Wednesday,0
20150226,2015-02-26,2015,Q1,2,February,2015-02,9,26,4,Thursday,0
20150227,2015-02-27,2015,Q1,2,February,2015-02,9,27,5,Friday,0
20150228,2015-02-28,2015,Q1,2,February,2015-02,9,28,6,Saturday,1
20150302,2015-03-02,2015,Q1,3,March,2015-03,10,2,1,Monday,0
20150303,2015-03-03,2015,Q1,3,March,2015-03,10,3,2,Tuesday,0
20150304,2015-03-04,2015,Q1,3,March,2015-03,10,4,3,Wednesday,0
20150305,2015-03-05,2015,Q1,3,March,2015-03,10,5,4,Thursday,0
20150309,2015-03-09,2015,Q1,3,March,2015-03,11,9,1,Monday,0
20150310,2015-03-10,2015,Q1,3,March,2015-03,11,10,2,Tuesday,0
20150311,2015-03-11,2015,Q1,3,March,2015-03,11,11,3,Wednesday,0
20150312,2015-03-12,2015,Q1,3,March,2015-03,11,12,4,Thursday,0
20150313,2015-03-13,2015,Q1,3,March,2015-03,11,13,5,Friday,0
20150316,2015-03-16,2015,Q1,3,March,2015-03,12,16,1,Monday,0
20150317,2015-03-17,2015,Q1,3,March,2015-03,12,17,2,Tuesday,0
20150318,2015-03-18,2015,Q1,3,March,2015-03,12,18,3,Wednesday,0
20150319,2015-03-19,2015,Q1,3,March,2015-03,12,19,4,Thursday,0
20150320,2015-03-20,2015,Q1,3,March,2015-03,12,20,5,Friday,0
20150323,2015-03-23,2015,Q1,3,March,2015-03,13,23,1,Monday,0
20150324,2015-03-24,2015,Q1,3,March,2015-03,13,24,2,Tuesday,0
20150325,2015-03-25,2015,Q1,3,March,2015-03,13,25,3,Wednesday,0
20150326,2015-03-26,2015,Q1,3,March,2015-03,13,26,4,Thursday,0
20150327,2015-03-27,2015,Q1,3,March,2015-03,13,27,5,Friday,0
20150330,2015-03-30,2015,Q1,3,March,2015-03,14,30,1,Monday,0
20150331,2015-03-31,2015,Q1,3,March,2015-03,14,31,2,Tuesday,0
20150401,2015-04-01,2015,Q2,4,April,2015-04,14,1,3,Wednesday,0
20150406,2015-04-06,2015,Q2,4,April,2015-04,15,6,1,Monday,0
20150407,2015-04-07,2015,Q2,4,April,2015-04,15,7,2,Tuesday,0
20150408,2015-04-08,2015,Q2,4,April,2015-04,15,8,3,Wednesday,0
20150409,2015-04-09,2015,Q2,4,April,2015-04,15,9,4,Thursday,0
20150410,2015-04-10,2015,Q2,4,April,2015-04,15,10,5,Friday,0
20150413,2015-04-13,2015,Q2,4,April,2015-04,16,13,1,Monday,0
20150415,2015-04-15,2015,Q2,4,April,2015-04,16,15,3,Wednesday,0
20150416,2015-04-16,2015,Q2,4,April,2015-04,16,16,4,Thursday,0
20150417,2015-04-17,2015,Q2,4,April,2015-04,16,17,5,Friday,0
20150420,2015-04-20,2015,Q2,4,April,2015-04,17,20,1,Monday,0
20150421,2015-04-21,2015,Q2,4,April,2015-04,17,21,2,Tuesday,0
20150422,2015-04-22,2015,Q2,4,April,2015-04,17,22,3,Wednesday,0
20150423,2015-04-23,2015,Q2,4,April,2015-04,17,23,4,Thursday,0
20150424,2015-04-24,2015,Q2,4,April,2015-04,17,24,5,Friday,0
20150427,2015-04-27,2015,Q2,4,April,2015-04,18,27,1,Monday,0
20150428,2015-04-28,2015,Q2,4,April,2015-04,18,28,2,Tuesday,0
20150429,2015-04-29,2015,Q2,4,April,2015-04,18,29,3,Wednesday,0
20150430,2015-04-30,2015,Q2,4,April,2015-04,18,30,4,Thursday,0
20150504,2015-05-04,2015,Q2,5,May,2015-05,19,4,1,Monday,0
20150505,2015-05-05,2015,Q2,5,May,2015-05,19,5,2,Tuesday,0
20150506,2015-05-06,2015,Q2,5,May,2015-05,19,6,3,Wednesday,0
20150507,2015-05-07,2015,Q2,5,May,2015-05,19,7,4,Thursday,0
20150508,2015-05-08,2015,Q2,5,May,2015-05,19,8,5,Friday,0
20150511,2015-05-11,2015,Q2,5,May,2015-05,20,11,1,Monday,0
20150512,2015-05-12,2015,Q2,5,May,2015-05,20,12,2,Tuesday,0
20150513,2015-05-13,2015,Q2,5,May,2015-05,20,13,3,Wednesday,0
20150514,2015-05-14,2015,Q2,5,May,2015-05,20,14,4,Thursday,0
20150515,2015-05-15,2015,Q2,5,May,2015-05,20,15,5,Friday,0
20150518,2015-05-18,2015,Q2,5,May,2015-05,21,18,1,Monday,0
20150519,2015-05-19,2015,Q2,5,May,2015-05,21,19,2,Tuesday,0
20150520,2015-05-20,2015,Q2,5,May,2015-05,21,20,3,Wednesday,0
20150521,2015-05-21,2015,Q2,5,May,2015-05,21,21,4,Thursday,0
20150522,2015-05-22,2015,Q2,5,May,2015-05,21,22,5,Friday,0
20150525,2015-05-25,2015,Q2,5,May,2015-05,22,25,1,Monday,0
20150526,2015-05-26,2015,Q2,5,May,2015-05,22,26,2,Tuesday,0
20150527,2015-05-27,2015,Q2,5,May,2015-05,22,27,3,Wednesday,0
20150528,2015-05-28,2015,Q2,5,May,2015-05,22,28,4,Thursday,0
20150529,2015-05-29,2015,Q2,5,May,2015-05,22,29,5,Friday,0
20150601,2015-06-01,2015,Q2,6,June,2015-06,23,1,1,Monday,0
20150602,2015-06-02,2015,Q2,6,June,2015-06,23,2,2,Tuesday,0
20150603,2015-06-03,2015,Q2,6,June,2015-06,23,3,3,Wednesday,0
20150604,2015-06-04,2015,Q2,6,June,2015-06,23,4,4,Thursday,0
20150605,2015-06-05,2015,Q2,6,June,2015-06,23,5,5,Friday,0
20150608,2015-06-08,2015,Q2,6,June,2015-06,24,8,1,Monday,0
20150609,2015-06-09,2015,Q2,6,June,2015-06,24,9,2,Tuesday,0
20150610,2015-06-10,2015,Q2,6,June,2015-06,24,10,3,Wednesday,0
20150611,2015-06-11,2015,Q2,6,June,2015-06,24,11,4,Thursday,0
20150612,2015-06-12,2015,Q2,6,June,2015-06,24,12,5,Friday,0
20150615,2015-06-15,2015,Q2,6,June,2015-06,25,15,1,Monday,0
20150616,2015-06-16,2015,Q2,6,June,2015-06,25,16,2,Tuesday,0
20150617,2015-06-17,2015,Q2,6,June,2015-06,25,17,3,Wednesday,0
20150618,2015-06-18,2015,Q2,6,June,2015-06,25,18,4,Thursday,0
20150619,2015-06-19,2015,Q2,6,June,2015-06,25,19,5,Friday,0
20150622,2015-06-22,2015,Q2,6,June,2015-06,26,22,1,Monday,0
20150623,2015-06-23,2015,Q2,6,June,2015-06,26,23,2,Tuesday,0
20150624,2015-06-24,2015,Q2,6,June,2015-06,26,24,3,Wednesday,0
20150625,2015-06-25,2015,Q2,6,June,2015-06,26,25,4,Thursday,0
20150626,2015-06-26,2015,Q2,6,June,2015-06,26,26,5,Friday,0
20150629,2015-06-29,2015,Q2,6,June,2015-06,27,29,1,Monday,0
20150630,2015-06-30,2015,Q2,6,June,2015-06,27,30,2,Tuesday,0
20150701,2015-07-01,2015,Q3,7,July,2015-07,27,1,3,Wednesday,0
20150702,2015-07-02,2015,Q3,7,July,2015-07,27,2,4,Thursday,0
20150703,2015-07-03,2015,Q3,7,July,2015-07,27,3,5,Friday,0
20150706,2015-07-06,2015,Q3,7,July,2015-07,28,6,1,Monday,0
20150707,2015-07-07,2015,Q3,7,July,2015-07,28,7,2,Tuesday,0
20150708,2015-07-08,2015,Q3,7,July,2015-07,28,8,3,Wednesday,0
20150709,2015-07-09,2015,Q3,7,July,2015-07,28,9,4,Thursday,0
20150710,2015-07-10,2015,Q3,7,July,2015-07,28,10,5,Friday,0
20150713,2015-07-13,2015,Q3,7,July,2015-07,29,13,1,Monday,0
20150714,2015-07-14,2015,Q3,7,July,2015-07,29,14,2,Tuesday,0
20150715,2015-07-15,2015,Q3,7,July,2015-07,29,15,3,Wednesday,0
20150716,2015-07-16,2015,Q3,7,July,2015-07,29,16,4,Thursday,0
20150717,2015-07-17,2015,Q3,7,July,2015-07,29,17,5,Friday,0
20150720,2015-07-20,2015,Q3,7,July,2015-07,30,20,1,Monday,0
20150721,2015-07-21,2015,Q3,7,July,2015-07,30,21,2,Tuesday,0
20150722,2015-07-22,2015,Q3,7,July,2015-07,30,22,3,Wednesday,0
20150723,2015-07-23,2015,Q3,7,July,2015-07,30,23,4,Thursday,0
20150724,2015-07-24,2015,Q3,7,July,2015-07,30,24,5,Friday,0
20150727,2015-07-27,2015,Q3,7,July,2015-07,31,27,1,Monday,0
20150728,2015-07-28,2015,Q3,7,July,2015-07,31,28,2,Tuesday,0
20150729,2015-07-29,2015,Q3,7,July,2015-07,31,29,3,Wednesday,0
20150730,2015-07-30,2015,Q3,7,July,2015-07,31,30,4,Thursday,0
20150731,2015-07-31,2015,Q3,7,July,2015-07,31,31,5,Friday,0
20150803,2015-08-03,2015,Q3,8,August,2015-08,32,3,1,Monday,0
20150804,2015-08-04,2015,Q3,8,August,2015-08,32,4,2,Tuesday,0
20150805,2015-08-05,2015,Q3,8,August,2015-08,32,5,3,Wednesday,0
20150806,2015-08-06,2015,Q3,8,August,2015-08,32,6,4,Thursday,0
20150807,2015-08-07,2015,Q3,8,August,2015-08,32,7,5,Friday,0
20150810,2015-08-10,2015,Q3,8,August,2015-08,33,10,1,Monday,0
20150811,2015-08-11,2015,Q3,8,August,2015-08,33,11,2,Tuesday,0
20150812,2015-08-12,2015,Q3,8,August,2015-08,33,12,3,Wednesday,0
20150813,2015-08-13,2015,Q3,8,August,2015-08,33,13,4,Thursday,0
20150814,2015-08-14,2015,Q3,8,August,2015-08,33,14,5,Friday,0
20150817,2015-08-17,2015,Q3,8,August,2015-08,34,17,1,Monday,0
20150818,2015-08-18,2015,Q3,8,August,2015-08,34,18,2,Tuesday,0
20150819,2015-08-19,2015,Q3,8,August,2015-08,34,19,3,Wednesday,0
20150820,2015-08-20,2015,Q3,8,August,2015-08,34,20,4,Thursday,0
20150821,2015-08-21,2015,Q3,8,August,2015-08,34,21,5,Friday,0
20150824,2015-08-24,2015,Q3,8,August,2015-08,35,24,1,Monday,0
20150825,2015-08-25,2015,Q3,8,August,2015-08,35,25,2,Tuesday,0
20150826,2015-08-26,2015,Q3,8,August,2015-08,35,26,3,Wednesday,0
20150827,2015-08-27,2015,Q3,8,August,2015-08,35,27,4,Thursday,0
20150828,2015-08-28,2015,Q3,8,August,2015-08,35,28,5,Friday,0
20150831,2015-08-31,2015,Q3,8,August,2015-08,36,31,1,Monday,0
20150901,2015-09-01,2015,Q3,9,September,2015-09,36,1,2,Tuesday,0
20150902,2015-09-02,2015,Q3,9,September,2015-09,36,2,3,Wednesday,0
20150903,2015-09-03,2015,Q3,9,September,2015-09,36,3,4,Thursday,0
20150904,2015-09-04,2015,Q3,9,September,2015-09,36,4,5,Friday,0
20150907,2015-09-07,2015,Q3,9,September,2015-09,37,7,1,Monday,0
20150908,2015-09-08,2015,Q3,9,September,2015-09,37,8,2,Tuesday,0
20150909,2015-09-09,2015,Q3,9,September,2015-09,37,9,3,Wednesday,0
20150910,2015-09-10,2015,Q3,9,September,2015-09,37,10,4,Thursday,0
20150911,2015-09-11,2015,Q3,9,September,2015-09,37,11,5,Friday,0
20150914,2015-09-14,2015,Q3,9,September,2015-09,38,14,1,Monday,0
20150915,2015-09-15,2015,Q3,9,September,2015-09,38,15,2,Tuesday,0
20150916,2015-09-16,2015,Q3,9,September,2015-09,38,16,3,Wednesday,0
20150918,2015-09-18,2015,Q3,9,September,2015-09,38,18,5,Friday,0
20150921,2015-09-21,2015,Q3,9,September,2015-09,39,21,1,Monday,0
20150922,2015-09-22,2015,Q3,9,September,2015-09,39,22,2,Tuesday,0
20150923,2015-09-23,2015,Q3,9,September,2015-09,39,23,3,Wednesday,0
20150924,2015-09-24,2015,Q3,9,September,2015-09,39,24,4,Thursday,0
20150928,2015-09-28,2015,Q3,9,September,2015-09,40,28,1,Monday,0
20150929,2015-09-29,2015,Q3,9,September,2015-09,40,29,2,Tuesday,0
20150930,2015-09-30,2015,Q3,9,September,2015-09,40,30,3,Wednesday,0
20151001,2015-10-01,2015,Q4,10,October,2015-10,40,1,4,Thursday,0
20151005,2015-10-05,2015,Q4,10,October,2015-10,41,5,1,Monday,0
20151006,2015-10-06,2015,Q4,10,October,2015-10,41,6,2,Tuesday,0
20151007,2015-10-07,2015,Q4,10,October,2015-10,41,7,3,Wednesday,0
20151008,2015-10-08,2015,Q4,10,October,2015-10,41,8,4,Thursday,0
20151009,2015-10-09,2015,Q4,10,October,2015-10,41,9,5,Friday,0
20151012,2015-10-12,2015,Q4,10,October,2015-10,42,12,1,Monday,0
20151013,2015-10-13,2015,Q4,10,October,2015-10,42,13,2,Tuesday,0
20151014,2015-10-14,2015,Q4,10,October,2015-10,42,14,3,Wednesday,0
20151015,2015-10-15,2015,Q4,10,October,2015-10,42,15,4,Thursday,0
20151016,2015-10-16,2015,Q4,10,October,2015-10,42,16,5,Friday,0
20151019,2015-10-19,2015,Q4,10,October,2015-10,43,19,1,Monday,0
20151020,2015-10-20,2015,Q4,10,October,2015-10,43,20,2,Tuesday,0
20151021,2015-10-21,2015,Q4,10,October,2015-10,43,21,3,Wednesday,0
20151023,2015-10-23,2015,Q4,10,October,2015-10,43,23,5,Friday,0
20151026,2015-10-26,2015,Q4,10,October,2015-10,44,26,1,Monday,0
20151027,2015-10-27,2015,Q4,10,October,2015-10,44,27,2,Tuesday,0
20151028,2015-10-28,2015,Q4,10,October,2015-10,44,28,3,Wednesday,0
20151029,2015-10-29,2015,Q4,10,October,2015-10,44,29,4,Thursday,0
20151030,2015-10-30,2015,Q4,10,October,2015-10,44,30,5,Friday,0
20151102,2015-11-02,2015,Q4,11,November,2015-11,45,2,1,Monday,0
20151103,2015-11-03,2015,Q4,11,November,2015-11,45,3,2,Tuesday,0
20151104,2015-11-04,2015,Q4,11,November,2015-11,45,4,3,Wednesday,0
20151105,2015-11-05,2015,Q4,11,November,2015-11,45,5,4,Thursday,0
20151106,2015-11-06,2015,Q4,11,November,2015-11,45,6,5,Friday,0
20151109,2015-11-09,2015,Q4,11,November,2015-11,46,9,1,Monday,0
20151110,2015-11-10,2015,Q4,11,November,2015-11,46,10,2,Tuesday,0
20151111,2015-11-11,2015,Q4,11,November,2015-11,46,11,3,Wednesday,0
20151113,2015-11-13,2015,Q4,11,November,2015-11,46,13,5,Friday,0
20151116,2015-11-16,2015,Q4,11,November,2015-11,47,16,1,Monday,0
20151117,2015-11-17,2015,Q4,11,November,2015-11,47,17,2,Tuesday,0
20151118,2015-11-18,2015,Q4,11,November,2015-11,47,18,3,Wednesday,0
20151119,2015-11-19,2015,Q4,11,November,2015-11,47,19,4,Thursday,0
20151120,2015-11-20,2015,Q4,11,November,2015-11,47,20,5,Friday,0
20151123,2015-11-23,2015,Q4,11,November,2015-11,48,23,1,Monday,0
20151124,2015-11-24,2015,Q4,11,November,2015-11,48,24,2,Tuesday,0
20151126,2015-11-26,2015,Q4,11,November,2015-11,48,26,4,Thursday,0
20151127,2015-11-27,2015,Q4,11,November,2015-11,48,27,5,Friday,0
20151130,2015-11-30,2015,Q4,11,November,2015-11,49,30,1,Monday,0
20151201,2015-12-01,2015,Q4,12,December,2015-12,49,1,2,Tuesday,0
20151202,2015-12-02,2015,Q4,12,December,2015-12,49,2,3,Wednesday,0
20151203,2015-12-03,2015,Q4,12,December,2015-12,49,3,4,Thursday,0
20151204,2015-12-04,2015,Q4,12,December,2015-12,49,4,5,Friday,0
20151207,2015-12-07,2015,Q4,12,December,2015-12,50,7,1,Monday,0
20151208,2015-12-08,2015,Q4,12,December,2015-12,50,8,2,Tuesday,0
20151209,2015-12-09,2015,Q4,12,December,2015-12,50,9,3,Wednesday,0
20151210,2015-12-10,2015,Q4,12,December,2015-12,50,10,4,Thursday,0
20151211,2015-12-11,2015,Q4,12,December,2015-12,50,11,5,Friday,0
20151214,2015-12-14,2015,Q4,12,December,2015-12,51,14,1,Monday,0
20151215,2015-12-15,2015,Q4,12,December,2015-12,51,15,2,Tuesday,0
20151216,2015-12-16,2015,Q4,12,December,2015-12,51,16,3,Wednesday,0
20151217,2015-12-17,2015,Q4,12,December,2015-12,51,17,4,Thursday,0
20151218,2015-12-18,2015,Q4,12,December,2015-12,51,18,5,Friday,0
20151221,2015-12-21,2015,Q4,12,December,2015-12,52,21,1,Monday,0
20151222,2015-12-22,2015,Q4,12,December,2015-12,52,22,2,Tuesday,0
20151223,2015-12-23,2015,Q4,12,December,2015-12,52,23,3,Wednesday,0
20151224,2015-12-24,2015,Q4,12,December,2015-12,52,24,4,Thursday,0
20151228,2015-12-28,2015,Q4,12,December,2015-12,53,28,1,Monday,0
20151229,2015-12-29,2015,Q4,12,December,2015-12,53,29,2,Tuesday,0
20151230,2015-12-30,2015,Q4,12,December,2015-12,53,30,3,Wednesday,0
20151231,2015-12-31,2015,Q4,12,December,2015-12,53,31,4,Thursday,0
20160101,2016-01-01,2016,Q1,1,January,2016-01,53,1,5,Friday,0
20160104,2016-01-04,2016,Q1,1,January,2016-01,1,4,1,Monday,0
20160105,2016-01-05,2016,Q1,1,January,2016-01,1,5,2,Tuesday,0
20160106,2016-01-06,2016,Q1,1,January,2016-01,1,6,3,Wednesday,0
20160107,2016-01-07,2016,Q1,1,January,2016-01,1,7,4,Thursday,0
20160108,2016-01-08,2016,Q1,1,January,2016-01,1,8,5,Friday,0
20160111,2016-01-11,2016,Q1,1,January,2016-01,2,11,1,Monday,0
20160112,2016-01-12,2016,Q1,1,January,2016-01,2,12,2,Tuesday,0
20160113,2016-01-13,2016,Q1,1,January,2016-01,2,13,3,Wednesday,0
20160114,2016-01-14,2016,Q1,1,January,2016-01,2,14,4,Thursday,0
20160115,2016-01-15,2016,Q1,1,January,2016-01,2,15,5,Friday,0
20160118,2016-01-18,2016,Q1,1,January,2016-01,3,18,1,Monday,0
20160119,2016-01-19,2016,Q1,1,January,2016-01,3,19,2,Tuesday,0
20160120,2016-01-20,2016,Q1,1,January,2016-01,3,20,3,Wednesday,0
20160121,2016-01-21,2016,Q1,1,January,2016-01,3,21,4,Thursday,0
20160122,2016-01-22,2016,Q1,1,January,2016-01,3,22,5,Friday,0
20160125,2016-01-25,2016,Q1,1,January,2016-01,4,25,1,Monday,0
20160127,2016-01-27,2016,Q1,1,January,2016-01,4,27,3,Wednesday,0
20160128,2016-01-28,2016,Q1,1,January,2016-01,4,28,4,Thursday,0
20160129,2016-01-29,2016,Q1,1,January,2016-01,4,29,5,Friday,0
20160201,2016-02-01,2016,Q1,2,February,2016-02,5,1,1,Monday,0
20160202,2016-02-02,2016,Q1,2,February,2016-02,5,2,2,Tuesday,0
20160203,2016-02-03,2016,Q1,2,February,2016-02,5,3,3,Wednesday,0
20160204,2016-02-04,2016,Q1,2,February,2016-02,5,4,4,Thursday,0
20160205,2016-02-05,2016,Q1,2,February,2016-02,5,5,5,Friday,0
20160208,2016-02-08,2016,Q1,2,February,2016-02,6,8,1,Monday,0
20160209,2016-02-09,2016,Q1,2,February,2016-02,6,9,2,Tuesday,0
20160210,2016-02-10,2016,Q1,2,February,2016-02,6,10,3,Wednesday,0
20160211,2016-02-11,2016,Q1,2,February,2016-02,6,11,4,Thursday,0
20160212,2016-02-12,2016,Q1,2,February,2016-02,6,12,5,Friday,0
20160215,2016-02-15,2016,Q1,2,February,2016-02,7,15,1,Monday,0
20160216,2016-02-16,2016,Q1,2,February,2016-02,7,16,2,Tuesday,0
20160217,2016-02-17,2016,Q1,2,February,2016-02,7,17,3,Wednesday,0
20160218,2016-02-18,2016,Q1,2,February,2016-02,7,18,4,Thursday,0
20160219,2016-02-19,2016,Q1,2,February,2016-02,7,19,5,Friday,0
20160222,2016-02-22,2016,Q1,2,February,2016-02,8,22,1,Monday,0
20160223,2016-02-23,2016,Q1,2,February,2016-02,8,23,2,Tuesday,0
20160224,2016-02-24,2016,Q1,2,February,2016-02,8,24,3,Wednesday,0
20160225,2016-02-25,2016,Q1,2,February,2016-02,8,25,4,Thursday,0
20160226,2016-02-26,2016,Q1,2,February,2016-02,8,26,5,Friday,0
20160229,2016-02-29,2016,Q1,2,February,2016-02,9,29,1,Monday,0
20160301,2016-03-01,2016,Q1,3,March,2016-03,9,1,2,Tuesday,0
20160302,2016-03-02,2016,Q1,3,March,2016-03,9,2,3,Wednesday,0
20160303,2016-03-03,2016,Q1,3,March,2016-03,9,3,4,Thursday,0
20160304,2016-03-04,2016,Q1,3,March,2016-03,9,4,5,Friday,0
20160308,2016-03-08,2016,Q1,3,March,2016-03,10,8,2,Tuesday,0
20160309,2016-03-09,2016,Q1,3,March,2016-03,10,9,3,Wednesday,0
20160310,2016-03-10,2016,Q1,3,March,2016-03,10,10,4,Thursday,0
20160311,2016-03-11,2016,Q1,3,March,2016-03,10,11,5,Friday,0
20160314,2016-03-14,2016,Q1,3,March,2016-03,11,14,1,Monday,0
20160315,2016-03-15,2016,Q1,3,March,2016-03,11,15,2,Tuesday,0
20160316,2016-03-16,2016,Q1,3,March,2016-03,11,16,3,Wednesday,0
20160317,2016-03-17,2016,Q1,3,March,2016-03,11,17,4,Thursday,0
20160318,2016-03-18,2016,Q1,3,March,2016-03,11,18,5,Friday,0
20160321,2016-03-21,2016,Q1,3,March,2016-03,12,21,1,Monday,0
20160322,2016-03-22,2016,Q1,3,March,2016-03,12,22,2,Tuesday,0
20160323,2016-03-23,2016,Q1,3,March,2016-03,12,23,3,Wednesday,0
20160328,2016-03-28,2016,Q1,3,March,2016-03,13,28,1,Monday,0
20160329,2016-03-29,2016,Q1,3,March,2016-03,13,29,2,Tuesday,0
20160330,2016-03-30,2016,Q1,3,March,2016-03,13,30,3,Wednesday,0
20160331,2016-03-31,2016,Q1,3,March,2016-03,13,31,4,Thursday,0
20160401,2016-04-01,2016,Q2,4,April,2016-04,13,1,5,Friday,0
20160404,2016-04-04,2016,Q2,4,April,2016-04,14,4,1,Monday,0
20160405,2016-04-05,2016,Q2,4,April,2016-04,14,5,2,Tuesday,0
20160406,2016-04-06,2016,Q2,4,April,2016-04,14,6,3,Wednesday,0
20160407,2016-04-07,2016,Q2,4,April,2016-04,14,7,4,Thursday,0
20160408,2016-04-08,2016,Q2,4,April,2016-04,14,8,5,Friday,0
20160411,2016-04-11,2016,Q2,4,April,2016-04,15,11,1,Monday,0
20160412,2016-04-12,2016,Q2,4,April,2016-04,15,12,2,Tuesday,0
20160413,2016-04-13,2016,Q2,4,April,2016-04,15,13,3,Wednesday,0
20160418,2016-04-18,2016,Q2,4,April,2016-04,16,18,1,Monday,0
20160420,2016-04-20,2016,Q2,4,April,2016-04,16,20,3,Wednesday,0
20160421,2016-04-21,2016,Q2,4,April,2016-04,16,21,4,Thursday,0
20160422,2016-04-22,2016,Q2,4,April,2016-04,16,22,5,Friday,0
20160425,2016-04-25,2016,Q2,4,April,2016-04,17,25,1,Monday,0
20160426,2016-04-26,2016,Q2,4,April,2016-04,17,26,2,Tuesday,0
20160427,2016-04-27,2016,Q2,4,April,2016-04,17,27,3,Wednesday,0
20160428,2016-04-28,2016,Q2,4,April,2016-04,17,28,4,Thursday,0
20160429,2016-04-29,2016,Q2,4,April,2016-04,17,29,5,Friday,0
20160502,2016-05-02,2016,Q2,5,May,2016-05,18,2,1,Monday,0
20160503,2016-05-03,2016,Q2,5,May,2016-05,18,3,2,Tuesday,0
20160504,2016-05-04,2016,Q2,5,May,2016-05,18,4,3,Wednesday,0
20160505,2016-05-05,2016,Q2,5,May,2016-05,18,5,4,Thursday,0
20160506,2016-05-06,2016,Q2,5,May,2016-05,18,6,5,Friday,0
20160509,2016-05-09,2016,Q2,5,May,2016-05,19,9,1,Monday,0
20160510,2016-05-10,2016,Q2,5,May,2016-05,19,10,2,Tuesday,0
20160511,2016-05-11,2016,Q2,5,May,2016-05,19,11,3,Wednesday,0
20160512,2016-05-12,2016,Q2,5,May,2016-05,19,12,4,Thursday,0
20160513,2016-05-13,2016,Q2,5,May,2016-05,19,13,5,Friday,0
20160516,2016-05-16,2016,Q2,5,May,2016-05,20,16,1,Monday,0
20160517,2016-05-17,2016,Q2,5,May,2016-05,20,17,2,Tuesday,0
20160518,2016-05-18,2016,Q2,5,May,2016-05,20,18,3,Wednesday,0
20160519,2016-05-19,2016,Q2,5,May,2016-05,20,19,4,Thursday,0
20160520,2016-05-20,2016,Q2,5,May,2016-05,20,20,5,Friday,0
20160523,2016-05-23,2016,Q2,5,May,2016-05,21,23,1,Monday,0
20160524,2016-05-24,2016,Q2,5,May,2016-05,21,24,2,Tuesday,0
20160525,2016-05-25,2016,Q2,5,May,2016-05,21,25,3,Wednesday,0
20160526,2016-05-26,2016,Q2,5,May,2016-05,21,26,4,Thursday,0
20160527,2016-05-27,2016,Q2,5,May,2016-05,21,27,5,Friday,0
20160530,2016-05-30,2016,Q2,5,May,2016-05,22,30,1,Monday,0
20160531,2016-05-31,2016,Q2,5,May,2016-05,22,31,2,Tuesday,0
20160601,2016-06-01,2016,Q2,6,June,2016-06,22,1,3,Wednesday,0
20160602,2016-06-02,2016,Q2,6,June,2016-06,22,2,4,Thursday,0
20160603,2016-06-03,2016,Q2,6,June,2016-06,22,3,5,Friday,0
20160606,2016-06-06,2016,Q2,6,June,2016-06,23,6,1,Monday,0
20160607,2016-06-07,2016,Q2,6,June,2016-06,23,7,2,Tuesday,0
20160608,2016-06-08,2016,Q2,6,June,2016-06,23,8,3,Wednesday,0
20160609,2016-06-09,2016,Q2,6,June,2016-06,23,9,4,Thursday,0
20160610,2016-06-10,2016,Q2,6,June,2016-06,23,10,5,Friday,0
20160613,2016-06-13,2016,Q2,6,June,2016-06,24,13,1,Monday,0
20160614,2016-06-14,2016,Q2,6,June,2016-06,24,14,2,Tuesday,0
20160615,2016-06-15,2016,Q2,6,June,2016-06,24,15,3,Wednesday,0
20160616,2016-06-16,2016,Q2,6,June,2016-06,24,16,4,Thursday,0
20160617,2016-06-17,2016,Q2,6,June,2016-06,24,17,5,Friday,0
20160620,2016-06-20,2016,Q2,6,June,2016-06,25,20,1,Monday,0
20160621,2016-06-21,2016,Q2,6,June,2016-06,25,21,2,Tuesday,0
20160622,2016-06-22,2016,Q2,6,June,2016-06,25,22,3,Wednesday,0
20160623,2016-06-23,2016,Q2,6,June,2016-06,25,23,4,Thursday,0
20160624,2016-06-24,2016,Q2,6,June,2016-06,25,24,5,Friday,0
20160627,2016-06-27,2016,Q2,6,June,2016-06,26,27,1,Monday,0
20160628,2016-06-28,2016,Q2,6,June,2016-06,26,28,2,Tuesday,0
20160629,2016-06-29,2016,Q2,6,June,2016-06,26,29,3,Wednesday,0
20160630,2016-06-30,2016,Q2,6,June,2016-06,26,30,4,Thursday,0
20160701,2016-07-01,2016,Q3,7,July,2016-07,26,1,5,Friday,0
20160704,2016-07-04,2016,Q3,7,July,2016-07,27,4,1,Monday,0
20160705,2016-07-05,2016,Q3,7,July,2016-07,27,5,2,Tuesday,0
20160707,2016-07-07,2016,Q3,7,July,2016-07,27,7,4,Thursday,0
20160708,2016-07-08,2016,Q3,7,July,2016-07,27,8,5,Friday,0
20160711,2016-07-11,2016,Q3,7,July,2016-07,28,11,1,Monday,0
20160712,2016-07-12,2016,Q3,7,July,2016-07,28,12,2,Tuesday,0
20160713,2016-07-13,2016,Q3,7,July,2016-07,28,13,3,Wednesday,0
20160714,2016-07-14,2016,Q3,7,July,2016-07,28,14,4,Thursday,0
20160715,2016-07-15,2016,Q3,7,July,2016-07,28,15,5,Friday,0
20160718,2016-07-18,2016,Q3,7,July,2016-07,29,18,1,Monday,0
20160719,2016-07-19,2016,Q3,7,July,2016-07,29,19,2,Tuesday,0
20160720,2016-07-20,2016,Q3,7,July,2016-07,29,20,3,Wednesday,0
20160721,2016-07-21,2016,Q3,7,July,2016-07,29,21,4,Thursday,0
20160722,2016-07-22,2016,Q3,7,July,2016-07,29,22,5,Friday,0
20160725,2016-07-25,2016,Q3,7,July,2016-07,30,25,1,Monday,0
20160726,2016-07-26,2016,Q3,7,July,2016-07,30,26,2,Tuesday,0
20160727,2016-07-27,2016,Q3,7,July,2016-07,30,27,3,Wednesday,0
20160728,2016-07-28,2016,Q3,7,July,2016-07,30,28,4,Thursday,0
20160729,2016-07-29,2016,Q3,7,July,2016-07,30,29,5,Friday,0
20160801,2016-08-01,2016,Q3,8,August,2016-08,31,1,1,Monday,0
20160802,2016-08-02,2016,Q3,8,August,2016-08,31,2,2,Tuesday,0
20160803,2016-08-03,2016,Q3,8,August,2016-08,31,3,3,Wednesday,0
20160804,2016-08-04,2016,Q3,8,August,2016-08,31,4,4,Thursday,0
20160805,2016-08-05,2016,Q3,8,August,2016-08,31,5,5,Friday,0
20160808,2016-08-08,2016,Q3,8,August,2016-08,32,8,1,Monday,0
20160809,2016-08-09,2016,Q3,8,August,2016-08,32,9,2,Tuesday,0
20160810,2016-08-10,2016,Q3,8,August,2016-08,32,10,3,Wednesday,0
20160811,2016-08-11,2016,Q3,8,August,2016-08,32,11,4,Thursday,0
20160812,2016-08-12,2016,Q3,8,August,2016-08,32,12,5,Friday,0
20160816,2016-08-16,2016,Q3,8,August,2016-08,33,16,2,Tuesday,0
20160817,2016-08-17,2016,Q3,8,August,2016-08,33,17,3,Wednesday,0
20160818,2016-08-18,2016,Q3,8,August,2016-08,33,18,4,Thursday,0
20160819,2016-08-19,2016,Q3,8,August,2016-08,33,19,5,Friday,0
20160822,2016-08-22,2016,Q3,8,August,2016-08,34,22,1,Monday,0
20160823,2016-08-23,2016,Q3,8,August,2016-08,34,23,2,Tuesday,0
20160824,2016-08-24,2016,Q3,8,August,2016-08,34,24,3,Wednesday,0
20160825,2016-08-25,2016,Q3,8,August,2016-08,34,25,4,Thursday,0
20160826,2016-08-26,2016,Q3,8,August,2016-08,34,26,5,Friday,0
20160829,2016-08-29,2016,Q3,8,August,2016-08,35,29,1,Monday,0
20160830,2016-08-30,2016,Q3,8,August,2016-08,35,30,2,Tuesday,0
20160831,2016-08-31,2016,Q3,8,August,2016-08,35,31,3,Wednesday,0
20160901,2016-09-01,2016,Q3,9,September,2016-09,35,1,4,Thursday,0
20160902,2016-09-02,2016,Q3,9,September,2016-09,35,2,5,Friday,0
20160906,2016-09-06,2016,Q3,9,September,2016-09,36,6,2,Tuesday,0
20160907,2016-09-07,2016,Q3,9,September,2016-09,36,7,3,Wednesday,0
20160908,2016-09-08,2016,Q3,9,September,2016-09,36,8,4,Thursday,0
20160909,2016-09-09,2016,Q3,9,September,2016-09,36,9,5,Friday,0
20160912,2016-09-12,2016,Q3,9,September,2016-09,37,12,1,Monday,0
20160914,2016-09-14,2016,Q3,9,September,2016-09,37,14,3,Wednesday,0
20160915,2016-09-15,2016,Q3,9,September,2016-09,37,15,4,Thursday,0
20160916,2016-09-16,2016,Q3,9,September,2016-09,37,16,5,Friday,0
20160919,2016-09-19,2016,Q3,9,September,2016-09,38,19,1,Monday,0
20160920,2016-09-20,2016,Q3,9,September,2016-09,38,20,2,Tuesday,0
20160921,2016-09-21,2016,Q3,9,September,2016-09,38,21,3,Wednesday,0
20160922,2016-09-22,2016,Q3,9,September,2016-09,38,22,4,Thursday,0
20160923,2016-09-23,2016,Q3,9,September,2016-09,38,23,5,Friday,0
20160926,2016-09-26,2016,Q3,9,September,2016-09,39,26,1,Monday,0
20160927,2016-09-27,2016,Q3,9,September,2016-09,39,27,2,Tuesday,0
20160928,2016-09-28,2016,Q3,9,September,2016-09,39,28,3,Wednesday,0
20160929,2016-09-29,2016,Q3,9,September,2016-09,39,29,4,Thursday,0
20160930,2016-09-30,2016,Q3,9,September,2016-09,39,30,5,Friday,0
20161003,2016-10-03,2016,Q4,10,October,2016-10,40,3,1,Monday,0
20161004,2016-10-04,2016,Q4,10,October,2016-10,40,4,2,Tuesday,0
20161005,2016-10-05,2016,Q4,10,October,2016-10,40,5,3,Wednesday,0
20161006,2016-10-06,2016,Q4,10,October,2016-10,40,6,4,Thursday,0
20161007,2016-10-07,2016,Q4,10,October,2016-10,40,7,5,Friday,0
20161010,2016-10-10,2016,Q4,10,October,2016-10,41,10,1,Monday,0
20161013,2016-10-13,2016,Q4,10,October,2016-10,41,13,4,Thursday,0
20161014,2016-10-14,2016,Q4,10,October,2016-10,41,14,5,Friday,0
20161017,2016-10-17,2016,Q4,10,October,2016-10,42,17,1,Monday,0
20161018,2016-10-18,2016,Q4,10,October,2016-10,42,18,2,Tuesday,0
20161019,2016-10-19,2016,Q4,10,October,2016-10,42,19,3,Wednesday,0
20161020,2016-10-20,2016,Q4,10,October,2016-10,42,20,4,Thursday,0
20161021,2016-10-21,2016,Q4,10,October,2016-10,42,21,5,Friday,0
20161024,2016-10-24,2016,Q4,10,October,2016-10,43,24,1,Monday,0
20161025,2016-10-25,2016,Q4,10,October,2016-10,43,25,2,Tuesday,0
20161026,2016-10-26,2016,Q4,10,October,2016-10,43,26,3,Wednesday,0
20161027,2016-10-27,2016,Q4,10,October,2016-10,43,27,4,Thursday,0
20161028,2016-10-28,2016,Q4,10,October,2016-10,43,28,5,Friday,0
20161030,2016-10-30,2016,Q4,10,October,2016-10,43,30,7,Sunday,1
20161101,2016-11-01,2016,Q4,11,November,2016-11,44,1,2,Tuesday,0
20161102,2016-11-02,2016,Q4,11,November,2016-11,44,2,3,Wednesday,0
20161103,2016-11-03,2016,Q4,11,November,2016-11,44,3,4,Thursday,0
20161104,2016-11-04,2016,Q4,11,November,2016-11,44,4,5,Friday,0
20161107,2016-11-07,2016,Q4,11,November,2016-11,45,7,1,Monday,0
20161108,2016-11-08,2016,Q4,11,November,2016-11,45,8,2,Tuesday,0
20161109,2016-11-09,2016,Q4,11,November,2016-11,45,9,3,Wednesday,0
20161110,2016-11-10,2016,Q4,11,November,2016-11,45,10,4,Thursday,0
20161111,2016-11-11,2016,Q4,11,November,2016-11,45,11,5,Friday,0
20161115,2016-11-15,2016,Q4,11,November,2016-11,46,15,2,Tuesday,0
20161116,2016-11-16,2016,Q4,11,November,2016-11,46,16,3,Wednesday,0
20161117,2016-11-17,2016,Q4,11,November,2016-11,46,17,4,Thursday,0
20161118,2016-11-18,2016,Q4,11,November,2016-11,46,18,5,Friday,0
20161121,2016-11-21,2016,Q4,11,November,2016-11,47,21,1,Monday,0
20161122,2016-11-22,2016,Q4,11,November,2016-11,47,22,2,Tuesday,0
20161123,2016-11-23,2016,Q4,11,November,2016-11,47,23,3,Wednesday,0
20161124,2016-11-24,2016,Q4,11,November,2016-11,47,24,4,Thursday,0
20161125,2016-11-25,2016,Q4,11,November,2016-11,47,25,5,Friday,0
20161128,2016-11-28,2016,Q4,11,November,2016-11,48,28,1,Monday,0
20161129,2016-11-29,2016,Q4,11,November,2016-11,48,29,2,Tuesday,0
20161130,2016-11-30,2016,Q4,11,November,2016-11,48,30,3,Wednesday,0
20161201,2016-12-01,2016,Q4,12,December,2016-12,48,1,4,Thursday,0
20161202,2016-12-02,2016,Q4,12,December,2016-12,48,2,5,Friday,0
20161205,2016-12-05,2016,Q4,12,December,2016-12,49,5,1,Monday,0
20161206,2016-12-06,2016,Q4,12,December,2016-12,49,6,2,Tuesday,0
20161207,2016-12-07,2016,Q4,12,December,2016-12,49,7,3,Wednesday,0
20161208,2016-12-08,2016,Q4,12,December,2016-12,49,8,4,Thursday,0
20161209,2016-12-09,2016,Q4,12,December,2016-12,49,9,5,Friday,0
20161212,2016-12-12,2016,Q4,12,December,2016-12,50,12,1,Monday,0
20161213,2016-12-13,2016,Q4,12,December,2016-12,50,13,2,Tuesday,0
20161214,2016-12-14,2016,Q4,12,December,2016-12,50,14,3,Wednesday,0
20161215,2016-12-15,2016,Q4,12,December,2016-12,50,15,4,Thursday,0
20161216,2016-12-16,2016,Q4,12,December,2016-12,50,16,5,Friday,0
20161219,2016-12-19,2016,Q4,12,December,2016-12,51,19,1,Monday,0
20161220,2016-12-20,2016,Q4,12,December,2016-12,51,20,2,Tuesday,0
20161221,2016-12-21,2016,Q4,12,December,2016-12,51,21,3,Wednesday,0
20161222,2016-12-22,2016,Q4,12,December,2016-12,51,22,4,Thursday,0
20161223,2016-12-23,2016,Q4,12,December,2016-12,51,23,5,Friday,0
20161226,2016-12-26,2016,Q4,12,December,2016-12,52,26,1,Monday,0
20161227,2016-12-27,2016,Q4,12,December,2016-12,52,27,2,Tuesday,0
20161228,2016-12-28,2016,Q4,12,December,2016-12,52,28,3,Wednesday,0
20161229,2016-12-29,2016,Q4,12,December,2016-12,52,29,4,Thursday,0
20161230,2016-12-30,2016,Q4,12,December,2016-12,52,30,5,Friday,0
20170102,2017-01-02,2017,Q1,1,January,2017-01,1,2,1,Monday,0
20170103,2017-01-03,2017,Q1,1,January,2017-01,1,3,2,Tuesday,0
20170104,2017-01-04,2017,Q1,1,January,2017-01,1,4,3,Wednesday,0
20170105,2017-01-05,2017,Q1,1,January,2017-01,1,5,4,Thursday,0
20170106,2017-01-06,2017,Q1,1,January,2017-01,1,6,5,Friday,0
20170109,2017-01-09,2017,Q1,1,January,2017-01,2,9,1,Monday,0
20170110,2017-01-10,2017,Q1,1,January,2017-01,2,10,2,Tuesday,0
20170111,2017-01-11,2017,Q1,1,January,2017-01,2,11,3,Wednesday,0
20170112,2017-01-12,2017,Q1,1,January,2017-01,2,12,4,Thursday,0
20170113,2017-01-13,2017,Q1,1,January,2017-01,2,13,5,Friday,0
20170116,2017-01-16,2017,Q1,1,January,2017-01,3,16,1,Monday,0
20170117,2017-01-17,2017,Q1,1,January,2017-01,3,17,2,Tuesday,0
20170118,2017-01-18,2017,Q1,1,January,2017-01,3,18,3,Wednesday,0
20170119,2017-01-19,2017,Q1,1,January,2017-01,3,19,4,Thursday,0
20170120,2017-01-20,2017,Q1,1,January,2017-01,3,20,5,Friday,0
20170123,2017-01-23,2017,Q1,1,January,2017-01,4,23,1,Monday,0
20170124,2017-01-24,2017,Q1,1,January,2017-01,4,24,2,Tuesday,0
20170125,2017-01-25,2017,Q1,1,January,2017-01,4,25,3,Wednesday,0
20170127,2017-01-27,2017,Q1,1,January,2017-01,4,27,5,Friday,0
20170130,2017-01-30,2017,Q1,1,January,2017-01,5,30,1,Monday,0
20170131,2017-01-31,2017,Q1,1,January,2017-01,5,31,2,Tuesday,0
20170201,2017-02-01,2017,Q1,2,February,2017-02,5,1,3,Wednesday,0
20170202,2017-02-02,2017,Q1,2,February,2017-02,5,2,4,Thursday,0
20170203,2017-02-03,2017,Q1,2,February,2017-02,5,3,5,Friday,0
20170206,2017-02-06,2017,Q1,2,February,2017-02,6,6,1,Monday,0
20170207,2017-02-07,2017,Q1,2,February,2017-02,6,7,2,Tuesday,0
20170208,2017-02-08,2017,Q1,2,February,2017-02,6,8,3,Wednesday,0
20170209,2017-02-09,2017,Q1,2,February,2017-02,6,9,4,Thursday,0
20170210,2017-02-10,2017,Q1,2,February,2017-02,6,10,5,Friday,0
20170213,2017-02-13,2017,Q1,2,February,2017-02,7,13,1,Monday,0
20170214,2017-02-14,2017,Q1,2,February,2017-02,7,14,2,Tuesday,0
20170215,2017-02-15,2017,Q1,2,February,2017-02,7,15,3,Wednesday,0
20170216,2017-02-16,2017,Q1,2,February,2017-02,7,16,4,Thursday,0
20170217,2017-02-17,2017,Q1,2,February,2017-02,7,17,5,Friday,0
20170220,2017-02-20,2017,Q1,2,February,2017-02,8,20,1,Monday,0
20170221,2017-02-21,2017,Q1,2,February,2017-02,8,21,2,Tuesday,0
20170222,2017-02-22,2017,Q1,2,February,2017-02,8,22,3,Wednesday,0
20170223,2017-02-23,2017,Q1,2,February,2017-02,8,23,4,Thursday,0
20170227,2017-02-27,2017,Q1,2,February,2017-02,9,27,1,Monday,0
20170228,2017-02-28,2017,Q1,2,February,2017-02,9,28,2,Tuesday,0
20170301,2017-03-01,2017,Q1,3,March,2017-03,9,1,3,Wednesday,0
20170302,2017-03-02,2017,Q1,3,March,2017-03,9,2,4,Thursday,0
20170303,2017-03-03,2017,Q1,3,March,2017-03,9,3,5,Friday,0
20170306,2017-03-06,2017,Q1,3,March,2017-03,10,6,1,Monday,0
20170307,2017-03-07,2017,Q1,3,March,2017-03,10,7,2,Tuesday,0
20170308,2017-03-08,2017,Q1,3,March,2017-03,10,8,3,Wednesday,0
20170309,2017-03-09,2017,Q1,3,March,2017-03,10,9,4,Thursday,0
20170310,2017-03-10,2017,Q1,3,March,2017-03,10,10,5,Friday,0
20170314,2017-03-14,2017,Q1,3,March,2017-03,11,14,2,Tuesday,0
20170315,2017-03-15,2017,Q1,3,March,2017-03,11,15,3,Wednesday,0
20170316,2017-03-16,2017,Q1,3,March,2017-03,11,16,4,Thursday,0
20170317,2017-03-17,2017,Q1,3,March,2017-03,11,17,5,Friday,0
20170320,2017-03-20,2017,Q1,3,March,2017-03,12,20,1,Monday,0
20170321,2017-03-21,2017,Q1,3,March,2017-03,12,21,2,Tuesday,0
20170322,2017-03-22,2017,Q1,3,March,2017-03,12,22,3,Wednesday,0
20170323,2017-03-23,2017,Q1,3,March,2017-03,12,23,4,Thursday,0
20170324,2017-03-24,2017,Q1,3,March,2017-03,12,24,5,Friday,0
20170327,2017-03-27,2017,Q1,3,March,2017-03,13,27,1,Monday,0
20170328,2017-03-28,2017,Q1,3,March,2017-03,13,28,2,Tuesday,0
20170329,2017-03-29,2017,Q1,3,March,2017-03,13,29,3,Wednesday,0
20170330,2017-03-30,2017,Q1,3,March,2017-03,13,30,4,Thursday,0
20170331,2017-03-31,2017,Q1,3,March,2017-03,13,31,5,Friday,0
20170403,2017-04-03,2017,Q2,4,April,2017-04,14,3,1,Monday,0
20170405,2017-04-05,2017,Q2,4,April,2017-04,14,5,3,Wednesday,0
20170406,2017-04-06,2017,Q2,4,April,2017-04,14,6,4,Thursday,0
20170407,2017-04-07,2017,Q2,4,April,2017-04,14,7,5,Friday,0
20170410,2017-04-10,2017,Q2,4,April,2017-04,15,10,1,Monday,0
20170411,2017-04-11,2017,Q2,4,April,2017-04,15,11,2,Tuesday,0
20170412,2017-04-12,2017,Q2,4,April,2017-04,15,12,3,Wednesday,0
20170413,2017-04-13,2017,Q2,4,April,2017-04,15,13,4,Thursday,0
20170417,2017-04-17,2017,Q2,4,April,2017-04,16,17,1,Monday,0
20170418,2017-04-18,2017,Q2,4,April,2017-04,16,18,2,Tuesday,0
20170419,2017-04-19,2017,Q2,4,April,2017-04,16,19,3,Wednesday,0
20170420,2017-04-20,2017,Q2,4,April,2017-04,16,20,4,Thursday,0
20170421,2017-04-21,2017,Q2,4,April,2017-04,16,21,5,Friday,0
20170424,2017-04-24,2017,Q2,4,April,2017-04,17,24,1,Monday,0
20170425,2017-04-25,2017,Q2,4,April,2017-04,17,25,2,Tuesday,0
20170426,2017-04-26,2017,Q2,4,April,2017-04,17,26,3,Wednesday,0
20170427,2017-04-27,2017,Q2,4,April,2017-04,17,27,4,Thursday,0
20170428,2017-04-28,2017,Q2,4,April,2017-04,17,28,5,Friday,0
20170502,2017-05-02,2017,Q2,5,May,2017-05,18,2,2,Tuesday,0
20170503,2017-05-03,2017,Q2,5,May,2017-05,18,3,3,Wednesday,0
20170504,2017-05-04,2017,Q2,5,May,2017-05,18,4,4,Thursday,0
20170505,2017-05-05,2017,Q2,5,May,2017-05,18,5,5,Friday,0
20170508,2017-05-08,2017,Q2,5,May,2017-05,19,8,1,Monday,0
20170509,2017-05-09,2017,Q2,5,May,2017-05,19,9,2,Tuesday,0
20170510,2017-05-10,2017,Q2,5,May,2017-05,19,10,3,Wednesday,0
20170511,2017-05-11,2017,Q2,5,May,2017-05,19,11,4,Thursday,0
20170512,2017-05-12,2017,Q2,5,May,2017-05,19,12,5,Friday,0
20170515,2017-05-15,2017,Q2,5,May,2017-05,20,15,1,Monday,0
20170516,2017-05-16,2017,Q2,5,May,2017-05,20,16,2,Tuesday,0
20170517,2017-05-17,2017,Q2,5,May,2017-05,20,17,3,Wednesday,0
20170518,2017-05-18,2017,Q2,5,May,2017-05,20,18,4,Thursday,0
20170519,2017-05-19,2017,Q2,5,May,2017-05,20,19,5,Friday,0
20170522,2017-05-22,2017,Q2,5,May,2017-05,21,22,1,Monday,0
20170523,2017-05-23,2017,Q2,5,May,2017-05,21,23,2,Tuesday,0
20170524,2017-05-24,2017,Q2,5,May,2017-05,21,24,3,Wednesday,0
20170525,2017-05-25,2017,Q2,5,May,2017-05,21,25,4,Thursday,0
20170526,2017-05-26,2017,Q2,5,May,2017-05,21,26,5,Friday,0
20170529,2017-05-29,2017,Q2,5,May,2017-05,22,29,1,Monday,0
20170530,2017-05-30,2017,Q2,5,May,2017-05,22,30,2,Tuesday,0
20170531,2017-05-31,2017,Q2,5,May,2017-05,22,31,3,Wednesday,0
20170601,2017-06-01,2017,Q2,6,June,2017-06,22,1,4,Thursday,0
20170602,2017-06-02,2017,Q2,6,June,2017-06,22,2,5,Friday,0
20170605,2017-06-05,2017,Q2,6,June,2017-06,23,5,1,Monday,0
20170606,2017-06-06,2017,Q2,6,June,2017-06,23,6,2,Tuesday,0
20170607,2017-06-07,2017,Q2,6,June,2017-06,23,7,3,Wednesday,0
20170608,2017-06-08,2017,Q2,6,June,2017-06,23,8,4,Thursday,0
20170609,2017-06-09,2017,Q2,6,June,2017-06,23,9,5,Friday,0
20170612,2017-06-12,2017,Q2,6,June,2017-06,24,12,1,Monday,0
20170613,2017-06-13,2017,Q2,6,June,2017-06,24,13,2,Tuesday,0
20170614,2017-06-14,2017,Q2,6,June,2017-06,24,14,3,Wednesday,0
20170615,2017-06-15,2017,Q2,6,June,2017-06,24,15,4,Thursday,0
20170616,2017-06-16,2017,Q2,6,June,2017-06,24,16,5,Friday,0
20170619,2017-06-19,2017,Q2,6,June,2017-06,25,19,1,Monday,0
20170620,2017-06-20,2017,Q2,6,June,2017-06,25,20,2,Tuesday,0
20170621,2017-06-21,2017,Q2,6,June,2017-06,25,21,3,Wednesday,0
20170622,2017-06-22,2017,Q2,6,June,2017-06,25,22,4,Thursday,0
20170623,2017-06-23,2017,Q2,6,June,2017-06,25,23,5,Friday,0
20170627,2017-06-27,2017,Q2,6,June,2017-06,26,27,2,Tuesday,0
20170628,2017-06-28,2017,Q2,6,June,2017-06,26,28,3,Wednesday,0
20170629,2017-06-29,2017,Q2,6,June,2017-06,26,29,4,Thursday,0
20170630,2017-06-30,2017,Q2,6,June,2017-06,26,30,5,Friday,0
20170703,2017-07-03,2017,Q3,7,July,2017-07,27,3,1,Monday,0
20170704,2017-07-04,2017,Q3,7,July,2017-07,27,4,2,Tuesday,0
20170705,2017-07-05,2017,Q3,7,July,2017-07,27,5,3,Wednesday,0
20170706,2017-07-06,2017,Q3,7,July,2017-07,27,6,4,Thursday,0
20170707,2017-07-07,2017,Q3,7,July,2017-07,27,7,5,Friday,0
20170710,2017-07-10,2017,Q3,7,July,2017-07,28,10,1,Monday,0
20170711,2017-07-11,2017,Q3,7,July,2017-07,28,11,2,Tuesday,0
20170712,2017-07-12,2017,Q3,7,July,2017-07,28,12,3,Wednesday,0
20170713,2017-07-13,2017,Q3,7,July,2017-07,28,13,4,Thursday,0
20170714,2017-07-14,2017,Q3,7,July,2017-07,28,14,5,Friday,0
20170717,2017-07-17,2017,Q3,7,July,2017-07,29,17,1,Monday,0
20170718,2017-07-18,2017,Q3,7,July,2017-07,29,18,2,Tuesday,0
20170719,2017-07-19,2017,Q3,7,July,2017-07,29,19,3,Wednesday,0
20170720,2017-07-20,2017,Q3,7,July,2017-07,29,20,4,Thursday,0
20170721,2017-07-21,2017,Q3,7,July,2017-07,29,21,5,Friday,0
20170724,2017-07-24,2017,Q3,7,July,2017-07,30,24,1,Monday,0
20170725,2017-07-25,2017,Q3,7,July,2017-07,30,25,2,Tuesday,0
20170726,2017-07-26,2017,Q3,7,July,2017-07,30,26,3,Wednesday,0
20170727,2017-07-27,2017,Q3,7,July,2017-07,30,27,4,Thursday,0
20170728,2017-07-28,2017,Q3,7,July,2017-07,30,28,5,Friday,0
20170731,2017-07-31,2017,Q3,7,July,2017-07,31,31,1,Monday,0
20170801,2017-08-01,2017,Q3,8,August,2017-08,31,1,2,Tuesday,0
20170802,2017-08-02,2017,Q3,8,August,2017-08,31,2,3,Wednesday,0
20170803,2017-08-03,2017,Q3,8,August,2017-08,31,3,4,Thursday,0
20170804,2017-08-04,2017,Q3,8,August,2017-08,31,4,5,Friday,0
20170807,2017-08-07,2017,Q3,8,August,2017-08,32,7,1,Monday,0
20170808,2017-08-08,2017,Q3,8,August,2017-08,32,8,2,Tuesday,0
20170809,2017-08-09,2017,Q3,8,August,2017-08,32,9,3,Wednesday,0
20170810,2017-08-10,2017,Q3,8,August,2017-08,32,10,4,Thursday,0
20170811,2017-08-11,2017,Q3,8,August,2017-08,32,11,5,Friday,0
20170814,2017-08-14,2017,Q3,8,August,2017-08,33,14,1,Monday,0
20170816,2017-08-16,2017,Q3,8,August,2017-08,33,16,3,Wednesday,0
20170817,2017-08-17,2017,Q3,8,August,2017-08,33,17,4,Thursday,0
20170818,2017-08-18,2017,Q3,8,August,2017-08,33,18,5,Friday,0
20170821,2017-08-21,2017,Q3,8,August,2017-08,34,21,1,Monday,0
20170822,2017-08-22,2017,Q3,8,August,2017-08,34,22,2,Tuesday,0
20170823,2017-08-23,2017,Q3,8,August,2017-08,34,23,3,Wednesday,0
20170824,2017-08-24,2017,Q3,8,August,2017-08,34,24,4,Thursday,0
20170828,2017-08-28,2017,Q3,8,August,2017-08,35,28,1,Monday,0
20170829,2017-08-29,2017,Q3,8,August,2017-08,35,29,2,Tuesday,0
20170830,2017-08-30,2017,Q3,8,August,2017-08,35,30,3,Wednesday,0
20170831,2017-08-31,2017,Q3,8,August,2017-08,35,31,4,Thursday,0
20170901,2017-09-01,2017,Q3,9,September,2017-09,35,1,5,Friday,0
20170904,2017-09-04,2017,Q3,9,September,2017-09,36,4,1,Monday,0
20170905,2017-09-05,2017,Q3,9,September,2017-09,36,5,2,Tuesday,0
20170906,2017-09-06,2017,Q3,9,September,2017-09,36,6,3,Wednesday,0
20170907,2017-09-07,2017,Q3,9,September,2017-09,36,7,4,Thursday,0
20170908,2017-09-08,2017,Q3,9,September,2017-09,36,8,5,Friday,0
20170911,2017-09-11,2017,Q3,9,September,2017-09,37,11,1,Monday,0
20170912,2017-09-12,2017,Q3,9,September,2017-09,37,12,2,Tuesday,0
20170913,2017-09-13,2017,Q3,9,September,2017-09,37,13,3,Wednesday,0
20170914,2017-09-14,2017,Q3,9,September,2017-09,37,14,4,Thursday,0
20170915,2017-09-15,2017,Q3,9,September,2017-09,37,15,5,Friday,0
20170918,2017-09-18,2017,Q3,9,September,2017-09,38,18,1,Monday,0
20170919,2017-09-19,2017,Q3,9,September,2017-09,38,19,2,Tuesday,0
20170920,2017-09-20,2017,Q3,9,September,2017-09,38,20,3,Wednesday,0
20170921,2017-09-21,2017,Q3,9,September,2017-09,38,21,4,Thursday,0
20170922,2017-09-22,2017,Q3,9,September,2017-09,38,22,5,Friday,0
20170925,2017-09-25,2017,Q3,9,September,2017-09,39,25,1,Monday,0
20170926,2017-09-26,2017,Q3,9,September,2017-09,39,26,2,Tuesday,0
20170927,2017-09-27,2017,Q3,9,September,2017-09,39,27,3,Wednesday,0
20170928,2017-09-28,2017,Q3,9,September,2017-09,39,28,4,Thursday,0
20170929,2017-09-29,2017,Q3,9,September,2017-09,39,29,5,Friday,0
20171003,2017-10-03,2017,Q4,10,October,2017-10,40,3,2,Tuesday,0
20171004,2017-10-04,2017,Q4,10,October,2017-10,40,4,3,Wednesday,0
20171005,2017-10-05,2017,Q4,10,October,2017-10,40,5,4,Thursday,0
20171006,2017-10-06,2017,Q4,10,October,2017-10,40,6,5,Friday,0
20171009,2017-10-09,2017,Q4,10,October,2017-10,41,9,1,Monday,0
20171010,2017-10-10,2017,Q4,10,October,2017-10,41,10,2,Tuesday,0
20171011,2017-10-11,2017,Q4,10,October,2017-10,41,11,3,Wednesday,0
20171012,2017-10-12,2017,Q4,10,October,2017-10,41,12,4,Thursday,0
20171013,2017-10-13,2017,Q4,10,October,2017-10,41,13,5,Friday,0
20171016,2017-10-16,2017,Q4,10,October,2017-10,42,16,1,Monday,0
20171017,2017-10-17,2017,Q4,10,October,2017-10,42,17,2,Tuesday,0
20171018,2017-10-18,2017,Q4,10,October,2017-10,42,18,3,Wednesday,0
20171019,2017-10-19,2017,Q4,10,October,2017-10,42,19,4,Thursday,0
20171023,2017-10-23,2017,Q4,10,October,2017-10,43,23,1,Monday,0
20171024,2017-10-24,2017,Q4,10,October,2017-10,43,24,2,Tuesday,0
20171025,2017-10-25,2017,Q4,10,October,2017-10,43,25,3,Wednesday,0
20171026,2017-10-26,2017,Q4,10,October,2017-10,43,26,4,Thursday,0
20171027,2017-10-27,2017,Q4,10,October,2017-10,43,27,5,Friday,0
20171030,2017-10-30,2017,Q4,10,October,2017-10,44,30,1,Monday,0
20171031,2017-10-31,2017,Q4,10,October,2017-10,44,31,2,Tuesday,0
20171101,2017-11-01,2017,Q4,11,November,2017-11,44,1,3,Wednesday,0
20171102,2017-11-02,2017,Q4,11,November,2017-11,44,2,4,Thursday,0
20171103,2017-11-03,2017,Q4,11,November,2017-11,44,3,5,Friday,0
20171106,2017-11-06,2017,Q4,11,November,2017-11,45,6,1,Monday,0
20171107,2017-11-07,2017,Q4,11,November,2017-11,45,7,2,Tuesday,0
20171108,2017-11-08,2017,Q4,11,November,2017-11,45,8,3,Wednesday,0
20171109,2017-11-09,2017,Q4,11,November,2017-11,45,9,4,Thursday,0
20171110,2017-11-10,2017,Q4,11,November,2017-11,45,10,5,Friday,0
20171113,2017-11-13,2017,Q4,11,November,2017-11,46,13,1,Monday,0
20171114,2017-11-14,2017,Q4,11,November,2017-11,46,14,2,Tuesday,0
20171115,2017-11-15,2017,Q4,11,November,2017-11,46,15,3,Wednesday,0
20171116,2017-11-16,2017,Q4,11,November,2017-11,46,16,4,Thursday,0
20171117,2017-11-17,2017,Q4,11,November,2017-11,46,17,5,Friday,0
20171120,2017-11-20,2017,Q4,11,November,2017-11,47,20,1,Monday,0
20171121,2017-11-21,2017,Q4,11,November,2017-11,47,21,2,Tuesday,0
20171122,2017-11-22,2017,Q4,11,November,2017-11,47,22,3,Wednesday,0
20171123,2017-11-23,2017,Q4,11,November,2017-11,47,23,4,Thursday,0
20171124,2017-11-24,2017,Q4,11,November,2017-11,47,24,5,Friday,0
20171127,2017-11-27,2017,Q4,11,November,2017-11,48,27,1,Monday,0
20171128,2017-11-28,2017,Q4,11,November,2017-11,48,28,2,Tuesday,0
20171129,2017-11-29,2017,Q4,11,November,2017-11,48,29,3,Wednesday,0
20171130,2017-11-30,2017,Q4,11,November,2017-11,48,30,4,Thursday,0
20171201,2017-12-01,2017,Q4,12,December,2017-12,48,1,5,Friday,0
20171204,2017-12-04,2017,Q4,12,December,2017-12,49,4,1,Monday,0
20171205,2017-12-05,2017,Q4,12,December,2017-12,49,5,2,Tuesday,0
20171206,2017-12-06,2017,Q4,12,December,2017-12,49,6,3,Wednesday,0
20171207,2017-12-07,2017,Q4,12,December,2017-12,49,7,4,Thursday,0
20171208,2017-12-08,2017,Q4,12,December,2017-12,49,8,5,Friday,0
20171211,2017-12-11,2017,Q4,12,December,2017-12,50,11,1,Monday,0
20171212,2017-12-12,2017,Q4,12,December,2017-12,50,12,2,Tuesday,0
20171213,2017-12-13,2017,Q4,12,December,2017-12,50,13,3,Wednesday,0
20171214,2017-12-14,2017,Q4,12,December,2017-12,50,14,4,Thursday,0
20171215,2017-12-15,2017,Q4,12,December,2017-12,50,15,5,Friday,0
20171218,2017-12-18,2017,Q4,12,December,2017-12,51,18,1,Monday,0
20171219,2017-12-19,2017,Q4,12,December,2017-12,51,19,2,Tuesday,0
20171220,2017-12-20,2017,Q4,12,December,2017-12,51,20,3,Wednesday,0
20171221,2017-12-21,2017,Q4,12,December,2017-12,51,21,4,Thursday,0
20171222,2017-12-22,2017,Q4,12,December,2017-12,51,22,5,Friday,0
20171226,2017-12-26,2017,Q4,12,December,2017-12,52,26,2,Tuesday,0
20171227,2017-12-27,2017,Q4,12,December,2017-12,52,27,3,Wednesday,0
20171228,2017-12-28,2017,Q4,12,December,2017-12,52,28,4,Thursday,0
20171229,2017-12-29,2017,Q4,12,December,2017-12,52,29,5,Friday,0
20180101,2018-01-01,2018,Q1,1,January,2018-01,1,1,1,Monday,0
20180102,2018-01-02,2018,Q1,1,January,2018-01,1,2,2,Tuesday,0
20180103,2018-01-03,2018,Q1,1,January,2018-01,1,3,3,Wednesday,0
20180104,2018-01-04,2018,Q1,1,January,2018-01,1,4,4,Thursday,0
20180105,2018-01-05,2018,Q1,1,January,2018-01,1,5,5,Friday,0
20180108,2018-01-08,2018,Q1,1,January,2018-01,2,8,1,Monday,0
20180109,2018-01-09,2018,Q1,1,January,2018-01,2,9,2,Tuesday,0
20180110,2018-01-10,2018,Q1,1,January,2018-01,2,10,3,Wednesday,0
20180111,2018-01-11,2018,Q1,1,January,2018-01,2,11,4,Thursday,0
20180112,2018-01-12,2018,Q1,1,January,2018-01,2,12,5,Friday,0
20180115,2018-01-15,2018,Q1,1,January,2018-01,3,15,1,Monday,0
20180116,2018-01-16,2018,Q1,1,January,2018-01,3,16,2,Tuesday,0
20180117,2018-01-17,2018,Q1,1,January,2018-01,3,17,3,Wednesday,0
20180118,2018-01-18,2018,Q1,1,January,2018-01,3,18,4,Thursday,0
20180119,2018-01-19,2018,Q1,1,January,2018-01,3,19,5,Friday,0
20180122,2018-01-22,2018,Q1,1,January,2018-01,4,22,1,Monday,0
20180123,2018-01-23,2018,Q1,1,January,2018-01,4,23,2,Tuesday,0
20180124,2018-01-24,2018,Q1,1,January,2018-01,4,24,3,Wednesday,0
20180125,2018-01-25,2018,Q1,1,January,2018-01,4,25,4,Thursday,0
20180129,2018-01-29,2018,Q1,1,January,2018-01,5,29,1,Monday,0
20180130,2018-01-30,2018,Q1,1,January,2018-01,5,30,2,Tuesday,0
20180131,2018-01-31,2018,Q1,1,January,2018-01,5,31,3,Wednesday,0
20180201,2018-02-01,2018,Q1,2,February,2018-02,5,1,4,Thursday,0
20180202,2018-02-02,2018,Q1,2,February,2018-02,5,2,5,Friday,0
20180205,2018-02-05,2018,Q1,2,February,2018-02,6,5,1,Monday,0
20180206,2018-02-06,2018,Q1,2,February,2018-02,6,6,2,Tuesday,0
20180207,2018-02-07,2018,Q1,2,February,2018-02,6,7,3,Wednesday,0
20180208,2018-02-08,2018,Q1,2,February,2018-02,6,8,4,Thursday,0
20180209,2018-02-09,2018,Q1,2,February,2018-02,6,9,5,Friday,0
20180212,2018-02-12,2018,Q1,2,February,2018-02,7,12,1,Monday,0
20180214,2018-02-14,2018,Q1,2,February,2018-02,7,14,3,Wednesday,0
20180215,2018-02-15,2018,Q1,2,February,2018-02,7,15,4,Thursday,0
20180216,2018-02-16,2018,Q1,2,February,2018-02,7,16,5,Friday,0
20180219,2018-02-19,2018,Q1,2,February,2018-02,8,19,1,Monday,0
20180220,2018-02-20,2018,Q1,2,February,2018-02,8,20,2,Tuesday,0
20180221,2018-02-21,2018,Q1,2,February,2018-02,8,21,3,Wednesday,0
20180222,2018-02-22,2018,Q1,2,February,2018-02,8,22,4,Thursday,0
20180223,2018-02-23,2018,Q1,2,February,2018-02,8,23,5,Friday,0
20180226,2018-02-26,2018,Q1,2,February,2018-02,9,26,1,Monday,0
20180227,2018-02-27,2018,Q1,2,February,2018-02,9,27,2,Tuesday,0
20180228,2018-02-28,2018,Q1,2,February,2018-02,9,28,3,Wednesday,0
20180301,2018-03-01,2018,Q1,3,March,2018-03,9,1,4,Thursday,0
20180305,2018-03-05,2018,Q1,3,March,2018-03,10,5,1,Monday,0
20180306,2018-03-06,2018,Q1,3,March,2018-03,10,6,2,Tuesday,0
20180307,2018-03-07,2018,Q1,3,March,2018-03,10,7,3,Wednesday,0
20180308,2018-03-08,2018,Q1,3,March,2018-03,10,8,4,Thursday,0
20180309,2018-03-09,2018,Q1,3,March,2018-03,10,9,5,Friday,0
20180312,2018-03-12,2018,Q1,3,March,2018-03,11,12,1,Monday,0
20180313,2018-03-13,2018,Q1,3,March,2018-03,11,13,2,Tuesday,0
20180314,2018-03-14,2018,Q1,3,March,2018-03,11,14,3,Wednesday,0
20180315,2018-03-15,2018,Q1,3,March,2018-03,11,15,4,Thursday,0
20180316,2018-03-16,2018,Q1,3,March,2018-03,11,16,5,Friday,0
20180319,2018-03-19,2018,Q1,3,March,2018-03,12,19,1,Monday,0
20180320,2018-03-20,2018,Q1,3,March,2018-03,12,20,2,Tuesday,0
20180321,2018-03-21,2018,Q1,3,March,2018-03,12,21,3,Wednesday,0
20180322,2018-03-22,2018,Q1,3,March,2018-03,12,22,4,Thursday,0
20180323,2018-03-23,2018,Q1,3,March,2018-03,12,23,5,Friday,0
20180326,2018-03-26,2018,Q1,3,March,2018-03,13,26,1,Monday,0
20180327,2018-03-27,2018,Q1,3,March,2018-03,13,27,2,Tuesday,0
20180328,2018-03-28,2018,Q1,3,March,2018-03,13,28,3,Wednesday,0
20180402,2018-04-02,2018,Q2,4,April,2018-04,14,2,1,Monday,0
20180403,2018-04-03,2018,Q2,4,April,2018-04,14,3,2,Tuesday,0
20180404,2018-04-04,2018,Q2,4,April,2018-04,14,4,3,Wednesday,0
20180405,2018-04-05,2018,Q2,4,April,2018-04,14,5,4,Thursday,0
20180406,2018-04-06,2018,Q2,4,April,2018-04,14,6,5,Friday,0
20180409,2018-04-09,2018,Q2,4,April,2018-04,15,9,1,Monday,0
20180410,2018-04-10,2018,Q2,4,April,2018-04,15,10,2,Tuesday,0
20180411,2018-04-11,2018,Q2,4,April,2018-04,15,11,3,Wednesday,0
20180412,2018-04-12,2018,Q2,4,April,2018-04,15,12,4,Thursday,0
20180413,2018-04-13,2018,Q2,4,April,2018-04,15,13,5,Friday,0
20180416,2018-04-16,2018,Q2,4,April,2018-04,16,16,1,Monday,0
20180417,2018-04-17,2018,Q2,4,April,2018-04,16,17,2,Tuesday,0
20180418,2018-04-18,2018,Q2,4,April,2018-04,16,18,3,Wednesday,0
20180419,2018-04-19,2018,Q2,4,April,2018-04,16,19,4,Thursday,0
20180420,2018-04-20,2018,Q2,4,April,2018-04,16,20,5,Friday,0
20180423,2018-04-23,2018,Q2,4,April,2018-04,17,23,1,Monday,0
20180424,2018-04-24,2018,Q2,4,April,2018-04,17,24,2,Tuesday,0
20180425,2018-04-25,2018,Q2,4,April,2018-04,17,25,3,Wednesday,0
20180426,2018-04-26,2018,Q2,4,April,2018-04,17,26,4,Thursday,0
20180427,2018-04-27,2018,Q2,4,April,2018-04,17,27,5,Friday,0
20180430,2018-04-30,2018,Q2,4,April,2018-04,18,30,1,Monday,0
20180502,2018-05-02,2018,Q2,5,May,2018-05,18,2,3,Wednesday,0
20180503,2018-05-03,2018,Q2,5,May,2018-05,18,3,4,Thursday,0
20180504,2018-05-04,2018,Q2,5,May,2018-05,18,4,5,Friday,0
20180507,2018-05-07,2018,Q2,5,May,2018-05,19,7,1,Monday,0
20180508,2018-05-08,2018,Q2,5,May,2018-05,19,8,2,Tuesday,0
20180509,2018-05-09,2018,Q2,5,May,2018-05,19,9,3,Wednesday,0
20180510,2018-05-10,2018,Q2,5,May,2018-05,19,10,4,Thursday,0
20180511,2018-05-11,2018,Q2,5,May,2018-05,19,11,5,Friday,0
20180514,2018-05-14,2018,Q2,5,May,2018-05,20,14,1,Monday,0
20180515,2018-05-15,2018,Q2,5,May,2018-05,20,15,2,Tuesday,0
20180516,2018-05-16,2018,Q2,5,May,2018-05,20,16,3,Wednesday,0
20180517,2018-05-17,2018,Q2,5,May,2018-05,20,17,4,Thursday,0
20180518,2018-05-18,2018,Q2,5,May,2018-05,20,18,5,Friday,0
20180521,2018-05-21,2018,Q2,5,May,2018-05,21,21,1,Monday,0
20180522,2018-05-22,2018,Q2,5,May,2018-05,21,22,2,Tuesday,0
20180523,2018-05-23,2018,Q2,5,May,2018-05,21,23,3,Wednesday,0
20180524,2018-05-24,2018,Q2,5,May,2018-05,21,24,4,Thursday,0
20180525,2018-05-25,2018,Q2,5,May,2018-05,21,25,5,Friday,0
20180528,2018-05-28,2018,Q2,5,May,2018-05,22,28,1,Monday,0
20180529,2018-05-29,2018,Q2,5,May,2018-05,22,29,2,Tuesday,0
20180530,2018-05-30,2018,Q2,5,May,2018-05,22,30,3,Wednesday,0
20180531,2018-05-31,2018,Q2,5,May,2018-05,22,31,4,Thursday,0
20180601,2018-06-01,2018,Q2,6,June,2018-06,22,1,5,Friday,0
20180604,2018-06-04,2018,Q2,6,June,2018-06,23,4,1,Monday,0
20180605,2018-06-05,2018,Q2,6,June,2018-06,23,5,2,Tuesday,0
20180606,2018-06-06,2018,Q2,6,June,2018-06,23,6,3,Wednesday,0
20180607,2018-06-07,2018,Q2,6,June,2018-06,23,7,4,Thursday,0
20180608,2018-06-08,2018,Q2,6,June,2018-06,23,8,5,Friday,0
20180611,2018-06-11,2018,Q2,6,June,2018-06,24,11,1,Monday,0
20180612,2018-06-12,2018,Q2,6,June,2018-06,24,12,2,Tuesday,0
20180613,2018-06-13,2018,Q2,6,June,2018-06,24,13,3,Wednesday,0
20180614,2018-06-14,2018,Q2,6,June,2018-06,24,14,4,Thursday,0
20180615,2018-06-15,2018,Q2,6,June,2018-06,24,15,5,Friday,0
20180618,2018-06-18,2018,Q2,6,June,2018-06,25,18,1,Monday,0
20180619,2018-06-19,2018,Q2,6,June,2018-06,25,19,2,Tuesday,0
20180620,2018-06-20,2018,Q2,6,June,2018-06,25,20,3,Wednesday,0
20180621,2018-06-21,2018,Q2,6,June,2018-06,25,21,4,Thursday,0
20180622,2018-06-22,2018,Q2,6,June,2018-06,25,22,5,Friday,0
20180625,2018-06-25,2018,Q2,6,June,2018-06,26,25,1,Monday,0
20180626,2018-06-26,2018,Q2,6,June,2018-06,26,26,2,Tuesday,0
20180627,2018-06-27,2018,Q2,6,June,2018-06,26,27,3,Wednesday,0
20180628,2018-06-28,2018,Q2,6,June,2018-06,26,28,4,Thursday,0
20180629,2018-06-29,2018,Q2,6,June,2018-06,26,29,5,Friday,0
20180702,2018-07-02,2018,Q3,7,July,2018-07,27,2,1,Monday,0
20180703,2018-07-03,2018,Q3,7,July,2018-07,27,3,2,Tuesday,0
20180704,2018-07-04,2018,Q3,7,July,2018-07,27,4,3,Wednesday,0
20180705,2018-07-05,2018,Q3,7,July,2018-07,27,5,4,Thursday,0
20180706,2018-07-06,2018,Q3,7,July,2018-07,27,6,5,Friday,0
20180709,2018-07-09,2018,Q3,7,July,2018-07,28,9,1,Monday,0
20180710,2018-07-10,2018,Q3,7,July,2018-07,28,10,2,Tuesday,0
20180711,2018-07-11,2018,Q3,7,July,2018-07,28,11,3,Wednesday,0
20180712,2018-07-12,2018,Q3,7,July,2018-07,28,12,4,Thursday,0
20180713,2018-07-13,2018,Q3,7,July,2018-07,28,13,5,Friday,0
20180716,2018-07-16,2018,Q3,7,July,2018-07,29,16,1,Monday,0
20180717,2018-07-17,2018,Q3,7,July,2018-07,29,17,2,Tuesday,0
20180718,2018-07-18,2018,Q3,7,July,2018-07,29,18,3,Wednesday,0
20180719,2018-07-19,2018,Q3,7,July,2018-07,29,19,4,Thursday,0
20180720,2018-07-20,2018,Q3,7,July,2018-07,29,20,5,Friday,0
20180723,2018-07-23,2018,Q3,7,July,2018-07,30,23,1,Monday,0
20180724,2018-07-24,2018,Q3,7,July,2018-07,30,24,2,Tuesday,0
20180725,2018-07-25,2018,Q3,7,July,2018-07,30,25,3,Wednesday,0
20180726,2018-07-26,2018,Q3,7,July,2018-07,30,26,4,Thursday,0
20180727,2018-07-27,2018,Q3,7,July,2018-07,30,27,5,Friday,0
20180730,2018-07-30,2018,Q3,7,July,2018-07,31,30,1,Monday,0
20180731,2018-07-31,2018,Q3,7,July,2018-07,31,31,2,Tuesday,0
20180801,2018-08-01,2018,Q3,8,August,2018-08,31,1,3,Wednesday,0
20180802,2018-08-02,2018,Q3,8,August,2018-08,31,2,4,Thursday,0
20180803,2018-08-03,2018,Q3,8,August,2018-08,31,3,5,Friday,0
20180806,2018-08-06,2018,Q3,8,August,2018-08,32,6,1,Monday,0
20180807,2018-08-07,2018,Q3,8,August,2018-08,32,7,2,Tuesday,0
20180808,2018-08-08,2018,Q3,8,August,2018-08,32,8,3,Wednesday,0
20180809,2018-08-09,2018,Q3,8,August,2018-08,32,9,4,Thursday,0
20180810,2018-08-10,2018,Q3,8,August,2018-08,32,10,5,Friday,0
20180813,2018-08-13,2018,Q3,8,August,2018-08,33,13,1,Monday,0
20180814,2018-08-14,2018,Q3,8,August,2018-08,33,14,2,Tuesday,0
20180816,2018-08-16,2018,Q3,8,August,2018-08,33,16,4,Thursday,0
20180817,2018-08-17,2018,Q3,8,August,2018-08,33,17,5,Friday,0
20180820,2018-08-20,2018,Q3,8,August,2018-08,34,20,1,Monday,0
20180821,2018-08-21,2018,Q3,8,August,2018-08,34,21,2,Tuesday,0
20180823,2018-08-23,2018,Q3,8,August,2018-08,34,23,4,Thursday,0
20180824,2018-08-24,2018,Q3,8,August,2018-08,34,24,5,Friday,0
20180827,2018-08-27,2018,Q3,8,August,2018-08,35,27,1,Monday,0
20180828,2018-08-28,2018,Q3,8,August,2018-08,35,28,2,Tuesday,0
20180829,2018-08-29,2018,Q3,8,August,2018-08,35,29,3,Wednesday,0
20180830,2018-08-30,2018,Q3,8,August,2018-08,35,30,4,Thursday,0
20180831,2018-08-31,2018,Q3,8,August,2018-08,35,31,5,Friday,0
20180903,2018-09-03,2018,Q3,9,September,2018-09,36,3,1,Monday,0
20180904,2018-09-04,2018,Q3,9,September,2018-09,36,4,2,Tuesday,0
20180905,2018-09-05,2018,Q3,9,September,2018-09,36,5,3,Wednesday,0
20180906,2018-09-06,2018,Q3,9,September,2018-09,36,6,4,Thursday,0
20180907,2018-09-07,2018,Q3,9,September,2018-09,36,7,5,Friday,0
20180910,2018-09-10,2018,Q3,9,September,2018-09,37,10,1,Monday,0
20180911,2018-09-11,2018,Q3,9,September,2018-09,37,11,2,Tuesday,0
20180912,2018-09-12,2018,Q3,9,September,2018-09,37,12,3,Wednesday,0
20180914,2018-09-14,2018,Q3,9,September,2018-09,37,14,5,Friday,0
20180917,2018-09-17,2018,Q3,9,September,2018-09,38,17,1,Monday,0
20180918,2018-09-18,2018,Q3,9,September,2018-09,38,18,2,Tuesday,0
20180919,2018-09-19,2018,Q3,9,September,2018-09,38,19,3,Wednesday,0
20180921,2018-09-21,2018,Q3,9,September,2018-09,38,21,5,Friday,0
20180924,2018-09-24,2018,Q3,9,September,2018-09,39,24,1,Monday,0
20180925,2018-09-25,2018,Q3,9,September,2018-09,39,25,2,Tuesday,0
20180926,2018-09-26,2018,Q3,9,September,2018-09,39,26,3,Wednesday,0
20180927,2018-09-27,2018,Q3,9,September,2018-09,39,27,4,Thursday,0
20180928,2018-09-28,2018,Q3,9,September,2018-09,39,28,5,Friday,0
20181001,2018-10-01,2018,Q4,10,October,2018-10,40,1,1,Monday,0
20181003,2018-10-03,2018,Q4,10,October,2018-10,40,3,3,Wednesday,0
20181004,2018-10-04,2018,Q4,10,October,2018-10,40,4,4,Thursday,0
20181005,2018-10-05,2018,Q4,10,October,2018-10,40,5,5,Friday,0
20181008,2018-10-08,2018,Q4,10,October,2018-10,41,8,1,Monday,0
20181009,2018-10-09,2018,Q4,10,October,2018-10,41,9,2,Tuesday,0
20181010,2018-10-10,2018,Q4,10,October,2018-10,41,10,3,Wednesday,0
20181011,2018-10-11,2018,Q4,10,October,2018-10,41,11,4,Thursday,0
20181012,2018-10-12,2018,Q4,10,October,2018-10,41,12,5,Friday,0
20181015,2018-10-15,2018,Q4,10,October,2018-10,42,15,1,Monday,0
20181016,2018-10-16,2018,Q4,10,October,2018-10,42,16,2,Tuesday,0
20181017,2018-10-17,2018,Q4,10,October,2018-10,42,17,3,Wednesday,0
20181019,2018-10-19,2018,Q4,10,October,2018-10,42,19,5,Friday,0
20181022,2018-10-22,2018,Q4,10,October,2018-10,43,22,1,Monday,0
20181023,2018-10-23,2018,Q4,10,October,2018-10,43,23,2,Tuesday,0
20181024,2018-10-24,2018,Q4,10,October,2018-10,43,24,3,Wednesday,0
20181025,2018-10-25,2018,Q4,10,October,2018-10,43,25,4,Thursday,0
20181026,2018-10-26,2018,Q4,10,October,2018-10,43,26,5,Friday,0
20181029,2018-10-29,2018,Q4,10,October,2018-10,44,29,1,Monday,0
20181030,2018-10-30,2018,Q4,10,October,2018-10,44,30,2,Tuesday,0
20181031,2018-10-31,2018,Q4,10,October,2018-10,44,31,3,Wednesday,0
20181101,2018-11-01,2018,Q4,11,November,2018-11,44,1,4,Thursday,0
20181102,2018-11-02,2018,Q4,11,November,2018-11,44,2,5,Friday,0
20181105,2018-11-05,2018,Q4,11,November,2018-11,45,5,1,Monday,0
20181106,2018-11-06,2018,Q4,11,November,2018-11,45,6,2,Tuesday,0
20181107,2018-11-07,2018,Q4,11,November,2018-11,45,7,3,Wednesday,0
20181109,2018-11-09,2018,Q4,11,November,2018-11,45,9,5,Friday,0
20181112,2018-11-12,2018,Q4,11,November,2018-11,46,12,1,Monday,0
20181113,2018-11-13,2018,Q4,11,November,2018-11,46,13,2,Tuesday,0
20181114,2018-11-14,2018,Q4,11,November,2018-11,46,14,3,Wednesday,0
20181115,2018-11-15,2018,Q4,11,November,2018-11,46,15,4,Thursday,0
20181116,2018-11-16,2018,Q4,11,November,2018-11,46,16,5,Friday,0
20181119,2018-11-19,2018,Q4,11,November,2018-11,47,19,1,Monday,0
20181120,2018-11-20,2018,Q4,11,November,2018-11,47,20,2,Tuesday,0
20181121,2018-11-21,2018,Q4,11,November,2018-11,47,21,3,Wednesday,0
20181122,2018-11-22,2018,Q4,11,November,2018-11,47,22,4,Thursday,0
20181126,2018-11-26,2018,Q4,11,November,2018-11,48,26,1,Monday,0
20181127,2018-11-27,2018,Q4,11,November,2018-11,48,27,2,Tuesday,0
20181128,2018-11-28,2018,Q4,11,November,2018-11,48,28,3,Wednesday,0
20181129,2018-11-29,2018,Q4,11,November,2018-11,48,29,4,Thursday,0
20181130,2018-11-30,2018,Q4,11,November,2018-11,48,30,5,Friday,0
20181203,2018-12-03,2018,Q4,12,December,2018-12,49,3,1,Monday,0
20181204,2018-12-04,2018,Q4,12,December,2018-12,49,4,2,Tuesday,0
20181205,2018-12-05,2018,Q4,12,December,2018-12,49,5,3,Wednesday,0
20181206,2018-12-06,2018,Q4,12,December,2018-12,49,6,4,Thursday,0
20181207,2018-12-07,2018,Q4,12,December,2018-12,49,7,5,Friday,0
20181210,2018-12-10,2018,Q4,12,December,2018-12,50,10,1,Monday,0
20181211,2018-12-11,2018,Q4,12,December,2018-12,50,11,2,Tuesday,0
20181212,2018-12-12,2018,Q4,12,December,2018-12,50,12,3,Wednesday,0
20181213,2018-12-13,2018,Q4,12,December,2018-12,50,13,4,Thursday,0
20181214,2018-12-14,2018,Q4,12,December,2018-12,50,14,5,Friday,0
20181217,2018-12-17,2018,Q4,12,December,2018-12,51,17,1,Monday,0
20181218,2018-12-18,2018,Q4,12,December,2018-12,51,18,2,Tuesday,0
20181219,2018-12-19,2018,Q4,12,December,2018-12,51,19,3,Wednesday,0
20181220,2018-12-20,2018,Q4,12,December,2018-12,51,20,4,Thursday,0
20181221,2018-12-21,2018,Q4,12,December,2018-12,51,21,5,Friday,0
20181224,2018-12-24,2018,Q4,12,December,2018-12,52,24,1,Monday,0
20181226,2018-12-26,2018,Q4,12,December,2018-12,52,26,3,Wednesday,0
20181227,2018-12-27,2018,Q4,12,December,2018-12,52,27,4,Thursday,0
20181228,2018-12-28,2018,Q4,12,December,2018-12,52,28,5,Friday,0
20181231,2018-12-31,2018,Q4,12,December,2018-12,1,31,1,Monday,0
20190101,2019-01-01,2019,Q1,1,January,2019-01,1,1,2,Tuesday,0
20190102,2019-01-02,2019,Q1,1,January,2019-01,1,2,3,Wednesday,0
20190103,2019-01-03,2019,Q1,1,January,2019-01,1,3,4,Thursday,0
20190104,2019-01-04,2019,Q1,1,January,2019-01,1,4,5,Friday,0
20190107,2019-01-07,2019,Q1,1,January,2019-01,2,7,1,Monday,0
20190108,2019-01-08,2019,Q1,1,January,2019-01,2,8,2,Tuesday,0
20190109,2019-01-09,2019,Q1,1,January,2019-01,2,9,3,Wednesday,0
20190110,2019-01-10,2019,Q1,1,January,2019-01,2,10,4,Thursday,0
20190111,2019-01-11,2019,Q1,1,January,2019-01,2,11,5,Friday,0
20190114,2019-01-14,2019,Q1,1,January,2019-01,3,14,1,Monday,0
20190115,2019-01-15,2019,Q1,1,January,2019-01,3,15,2,Tuesday,0
20190116,2019-01-16,2019,Q1,1,January,2019-01,3,16,3,Wednesday,0
20190117,2019-01-17,2019,Q1,1,January,2019-01,3,17,4,Thursday,0
20190118,2019-01-18,2019,Q1,1,January,2019-01,3,18,5,Friday,0
20190121,2019-01-21,2019,Q1,1,January,2019-01,4,21,1,Monday,0
20190122,2019-01-22,2019,Q1,1,January,2019-01,4,22,2,Tuesday,0
20190123,2019-01-23,2019,Q1,1,January,2019-01,4,23,3,Wednesday,0
20190124,2019-01-24,2019,Q1,1,January,2019-01,4,24,4,Thursday,0
20190125,2019-01-25,2019,Q1,1,January,2019-01,4,25,5,Friday,0
20190128,2019-01-28,2019,Q1,1,January,2019-01,5,28,1,Monday,0
20190129,2019-01-29,2019,Q1,1,January,2019-01,5,29,2,Tuesday,0
20190130,2019-01-30,2019,Q1,1,January,2019-01,5,30,3,Wednesday,0
20190131,2019-01-31,2019,Q1,1,January,2019-01,5,31,4,Thursday,0
20190201,2019-02-01,2019,Q1,2,February,2019-02,5,1,5,Friday,0
20190204,2019-02-04,2019,Q1,2,February,2019-02,6,4,1,Monday,0
20190205,2019-02-05,2019,Q1,2,February,2019-02,6,5,2,Tuesday,0
20190206,2019-02-06,2019,Q1,2,February,2019-02,6,6,3,Wednesday,0
20190207,2019-02-07,2019,Q1,2,February,2019-02,6,7,4,Thursday,0
20190208,2019-02-08,2019,Q1,2,February,2019-02,6,8,5,Friday,0
20190211,2019-02-11,2019,Q1,2,February,2019-02,7,11,1,Monday,0
20190212,2019-02-12,2019,Q1,2,February,2019-02,7,12,2,Tuesday,0
20190213,2019-02-13,2019,Q1,2,February,2019-02,7,13,3,Wednesday,0
20190214,2019-02-14,2019,Q1,2,February,2019-02,7,14,4,Thursday,0
20190215,2019-02-15,2019,Q1,2,February,2019-02,7,15,5,Friday,0
20190218,2019-02-18,2019,Q1,2,February,2019-02,8,18,1,Monday,0
20190219,2019-02-19,2019,Q1,2,February,2019-02,8,19,2,Tuesday,0
20190220,2019-02-20,2019,Q1,2,February,2019-02,8,20,3,Wednesday,0
20190221,2019-02-21,2019,Q1,2,February,2019-02,8,21,4,Thursday,0
20190222,2019-02-22,2019,Q1,2,February,2019-02,8,22,5,Friday,0
20190225,2019-02-25,2019,Q1,2,February,2019-02,9,25,1,Monday,0
20190226,2019-02-26,2019,Q1,2,February,2019-02,9,26,2,Tuesday,0
20190227,2019-02-27,2019,Q1,2,February,2019-02,9,27,3,Wednesday,0
20190228,2019-02-28,2019,Q1,2,February,2019-02,9,28,4,Thursday,0
20190301,2019-03-01,2019,Q1,3,March,2019-03,9,1,5,Friday,0
20190305,2019-03-05,2019,Q1,3,March,2019-03,10,5,2,Tuesday,0
20190306,2019-03-06,2019,Q1,3,March,2019-03,10,6,3,Wednesday,0
20190307,2019-03-07,2019,Q1,3,March,2019-03,10,7,4,Thursday,0
20190308,2019-03-08,2019,Q1,3,March,2019-03,10,8,5,Friday,0
20190311,2019-03-11,2019,Q1,3,March,2019-03,11,11,1,Monday,0
20190312,2019-03-12,2019,Q1,3,March,2019-03,11,12,2,Tuesday,0
20190313,2019-03-13,2019,Q1,3,March,2019-03,11,13,3,Wednesday,0
20190314,2019-03-14,2019,Q1,3,March,2019-03,11,14,4,Thursday,0
20190315,2019-03-15,2019,Q1,3,March,2019-03,11,15,5,Friday,0
20190318,2019-03-18,2019,Q1,3,March,2019-03,12,18,1,Monday,0
20190319,2019-03-19,2019,Q1,3,March,2019-03,12,19,2,Tuesday,0
20190320,2019-03-20,2019,Q1,3,March,2019-03,12,20,3,Wednesday,0
20190322,2019-03-22,2019,Q1,3,March,2019-03,12,22,5,Friday,0
20190325,2019-03-25,2019,Q1,3,March,2019-03,13,25,1,Monday,0
20190326,2019-03-26,2019,Q1,3,March,2019-03,13,26,2,Tuesday,0
20190327,2019-03-27,2019,Q1,3,March,2019-03,13,27,3,Wednesday,0
20190328,2019-03-28,2019,Q1,3,March,2019-03,13,28,4,Thursday,0
20190329,2019-03-29,2019,Q1,3,March,2019-03,13,29,5,Friday,0
20190401,2019-04-01,2019,Q2,4,April,2019-04,14,1,1,Monday,0
20190402,2019-04-02,2019,Q2,4,April,2019-04,14,2,2,Tuesday,0
20190403,2019-04-03,2019,Q2,4,April,2019-04,14,3,3,Wednesday,0
20190404,2019-04-04,2019,Q2,4,April,2019-04,14,4,4,Thursday,0
20190405,2019-04-05,2019,Q2,4,April,2019-04,14,5,5,Friday,0
20190408,2019-04-08,2019,Q2,4,April,2019-04,15,8,1,Monday,0
20190409,2019-04-09,2019,Q2,4,April,2019-04,15,9,2,Tuesday,0
20190410,2019-04-10,2019,Q2,4,April,2019-04,15,10,3,Wednesday,0
20190411,2019-04-11,2019,Q2,4,April,2019-04,15,11,4,Thursday,0
20190412,2019-04-12,2019,Q2,4,April,2019-04,15,12,5,Friday,0
20190415,2019-04-15,2019,Q2,4,April,2019-04,16,15,1,Monday,0
20190416,2019-04-16,2019,Q2,4,April,2019-04,16,16,2,Tuesday,0
20190418,2019-04-18,2019,Q2,4,April,2019-04,16,18,4,Thursday,0
20190422,2019-04-22,2019,Q2,4,April,2019-04,17,22,1,Monday,0
20190423,2019-04-23,2019,Q2,4,April,2019-04,17,23,2,Tuesday,0
20190424,2019-04-24,2019,Q2,4,April,2019-04,17,24,3,Wednesday,0
20190425,2019-04-25,2019,Q2,4,April,2019-04,17,25,4,Thursday,0
20190426,2019-04-26,2019,Q2,4,April,2019-04,17,26,5,Friday,0
20190430,2019-04-30,2019,Q2,4,April,2019-04,18,30,2,Tuesday,0
20190502,2019-05-02,2019,Q2,5,May,2019-05,18,2,4,Thursday,0
20190503,2019-05-03,2019,Q2,5,May,2019-05,18,3,5,Friday,0
20190506,2019-05-06,2019,Q2,5,May,2019-05,19,6,1,Monday,0
20190507,2019-05-07,2019,Q2,5,May,2019-05,19,7,2,Tuesday,0
20190508,2019-05-08,2019,Q2,5,May,2019-05,19,8,3,Wednesday,0
20190509,2019-05-09,2019,Q2,5,May,2019-05,19,9,4,Thursday,0
20190510,2019-05-10,2019,Q2,5,May,2019-05,19,10,5,Friday,0
20190513,2019-05-13,2019,Q2,5,May,2019-05,20,13,1,Monday,0
20190514,2019-05-14,2019,Q2,5,May,2019-05,20,14,2,Tuesday,0
20190515,2019-05-15,2019,Q2,5,May,2019-05,20,15,3,Wednesday,0
20190516,2019-05-16,2019,Q2,5,May,2019-05,20,16,4,Thursday,0
20190517,2019-05-17,2019,Q2,5,May,2019-05,20,17,5,Friday,0
20190520,2019-05-20,2019,Q2,5,May,2019-05,21,20,1,Monday,0
20190521,2019-05-21,2019,Q2,5,May,2019-05,21,21,2,Tuesday,0
20190522,2019-05-22,2019,Q2,5,May,2019-05,21,22,3,Wednesday,0
20190523,2019-05-23,2019,Q2,5,May,2019-05,21,23,4,Thursday,0
20190524,2019-05-24,2019,Q2,5,May,2019-05,21,24,5,Friday,0
20190527,2019-05-27,2019,Q2,5,May,2019-05,22,27,1,Monday,0
20190528,2019-05-28,2019,Q2,5,May,2019-05,22,28,2,Tuesday,0
20190529,2019-05-29,2019,Q2,5,May,2019-05,22,29,3,Wednesday,0
20190530,2019-05-30,2019,Q2,5,May,2019-05,22,30,4,Thursday,0
20190531,2019-05-31,2019,Q2,5,May,2019-05,22,31,5,Friday,0
20190603,2019-06-03,2019,Q2,6,June,2019-06,23,3,1,Monday,0
20190604,2019-06-04,2019,Q2,6,June,2019-06,23,4,2,Tuesday,0
20190606,2019-06-06,2019,Q2,6,June,2019-06,23,6,4,Thursday,0
20190607,2019-06-07,2019,Q2,6,June,2019-06,23,7,5,Friday,0
20190610,2019-06-10,2019,Q2,6,June,2019-06,24,10,1,Monday,0
20190611,2019-06-11,2019,Q2,6,June,2019-06,24,11,2,Tuesday,0
20190612,2019-06-12,2019,Q2,6,June,2019-06,24,12,3,Wednesday,0
20190613,2019-06-13,2019,Q2,6,June,2019-06,24,13,4,Thursday,0
20190614,2019-06-14,2019,Q2,6,June,2019-06,24,14,5,Friday,0
20190617,2019-06-17,2019,Q2,6,June,2019-06,25,17,1,Monday,0
20190618,2019-06-18,2019,Q2,6,June,2019-06,25,18,2,Tuesday,0
20190619,2019-06-19,2019,Q2,6,June,2019-06,25,19,3,Wednesday,0
20190620,2019-06-20,2019,Q2,6,June,2019-06,25,20,4,Thursday,0
20190621,2019-06-21,2019,Q2,6,June,2019-06,25,21,5,Friday,0
20190624,2019-06-24,2019,Q2,6,June,2019-06,26,24,1,Monday,0
20190625,2019-06-25,2019,Q2,6,June,2019-06,26,25,2,Tuesday,0
20190626,2019-06-26,2019,Q2,6,June,2019-06,26,26,3,Wednesday,0
20190627,2019-06-27,2019,Q2,6,June,2019-06,26,27,4,Thursday,0
20190628,2019-06-28,2019,Q2,6,June,2019-06,26,28,5,Friday,0
20190701,2019-07-01,2019,Q3,7,July,2019-07,27,1,1,Monday,0
20190702,2019-07-02,2019,Q3,7,July,2019-07,27,2,2,Tuesday,0
20190703,2019-07-03,2019,Q3,7,July,2019-07,27,3,3,Wednesday,0
20190704,2019-07-04,2019,Q3,7,July,2019-07,27,4,4,Thursday,0
20190705,2019-07-05,2019,Q3,7,July,2019-07,27,5,5,Friday,0
20190708,2019-07-08,2019,Q3,7,July,2019-07,28,8,1,Monday,0
20190709,2019-07-09,2019,Q3,7,July,2019-07,28,9,2,Tuesday,0
20190710,2019-07-10,2019,Q3,7,July,2019-07,28,10,3,Wednesday,0
20190711,2019-07-11,2019,Q3,7,July,2019-07,28,11,4,Thursday,0
20190712,2019-07-12,2019,Q3,7,July,2019-07,28,12,5,Friday,0
20190715,2019-07-15,2019,Q3,7,July,2019-07,29,15,1,Monday,0
20190716,2019-07-16,2019,Q3,7,July,2019-07,29,16,2,Tuesday,0
20190717,2019-07-17,2019,Q3,7,July,2019-07,29,17,3,Wednesday,0
20190718,2019-07-18,2019,Q3,7,July,2019-07,29,18,4,Thursday,0
20190719,2019-07-19,2019,Q3,7,July,2019-07,29,19,5,Friday,0
20190722,2019-07-22,2019,Q3,7,July,2019-07,30,22,1,Monday,0
20190723,2019-07-23,2019,Q3,7,July,2019-07,30,23,2,Tuesday,0
20190724,2019-07-24,2019,Q3,7,July,2019-07,30,24,3,Wednesday,0
20190725,2019-07-25,2019,Q3,7,July,2019-07,30,25,4,Thursday,0
20190726,2019-07-26,2019,Q3,7,July,2019-07,30,26,5,Friday,0
20190729,2019-07-29,2019,Q3,7,July,2019-07,31,29,1,Monday,0
20190730,2019-07-30,2019,Q3,7,July,2019-07,31,30,2,Tuesday,0
20190731,2019-07-31,2019,Q3,7,July,2019-07,31,31,3,Wednesday,0
20190801,2019-08-01,2019,Q3,8,August,2019-08,31,1,4,Thursday,0
20190802,2019-08-02,2019,Q3,8,August,2019-08,31,2,5,Friday,0
20190805,2019-08-05,2019,Q3,8,August,2019-08,32,5,1,Monday,0
20190806,2019-08-06,2019,Q3,8,August,2019-08,32,6,2,Tuesday,0
20190807,2019-08-07,2019,Q3,8,August,2019-08,32,7,3,Wednesday,0
20190808,2019-08-08,2019,Q3,8,August,2019-08,32,8,4,Thursday,0
20190809,2019-08-09,2019,Q3,8,August,2019-08,32,9,5,Friday,0
20190813,2019-08-13,2019,Q3,8,August,2019-08,33,13,2,Tuesday,0
20190814,2019-08-14,2019,Q3,8,August,2019-08,33,14,3,Wednesday,0
20190816,2019-08-16,2019,Q3,8,August,2019-08,33,16,5,Friday,0
20190819,2019-08-19,2019,Q3,8,August,2019-08,34,19,1,Monday,0
20190820,2019-08-20,2019,Q3,8,August,2019-08,34,20,2,Tuesday,0
20190821,2019-08-21,2019,Q3,8,August,2019-08,34,21,3,Wednesday,0
20190822,2019-08-22,2019,Q3,8,August,2019-08,34,22,4,Thursday,0
20190823,2019-08-23,2019,Q3,8,August,2019-08,34,23,5,Friday,0
20190826,2019-08-26,2019,Q3,8,August,2019-08,35,26,1,Monday,0
20190827,2019-08-27,2019,Q3,8,August,2019-08,35,27,2,Tuesday,0
20190828,2019-08-28,2019,Q3,8,August,2019-08,35,28,3,Wednesday,0
20190829,2019-08-29,2019,Q3,8,August,2019-08,35,29,4,Thursday,0
20190830,2019-08-30,2019,Q3,8,August,2019-08,35,30,5,Friday,0
20190903,2019-09-03,2019,Q3,9,September,2019-09,36,3,2,Tuesday,0
20190904,2019-09-04,2019,Q3,9,September,2019-09,36,4,3,Wednesday,0
20190905,2019-09-05,2019,Q3,9,September,2019-09,36,5,4,Thursday,0
20190906,2019-09-06,2019,Q3,9,September,2019-09,36,6,5,Friday,0
20190909,2019-09-09,2019,Q3,9,September,2019-09,37,9,1,Monday,0
20190911,2019-09-11,2019,Q3,9,September,2019-09,37,11,3,Wednesday,0
20190912,2019-09-12,2019,Q3,9,September,2019-09,37,12,4,Thursday,0
20190913,2019-09-13,2019,Q3,9,September,2019-09,37,13,5,Friday,0
20190916,2019-09-16,2019,Q3,9,September,2019-09,38,16,1,Monday,0
20190917,2019-09-17,2019,Q3,9,September,2019-09,38,17,2,Tuesday,0
20190918,2019-09-18,2019,Q3,9,September,2019-09,38,18,3,Wednesday,0
20190919,2019-09-19,2019,Q3,9,September,2019-09,38,19,4,Thursday,0
20190920,2019-09-20,2019,Q3,9,September,2019-09,38,20,5,Friday,0
20190923,2019-09-23,2019,Q3,9,September,2019-09,39,23,1,Monday,0
20190924,2019-09-24,2019,Q3,9,September,2019-09,39,24,2,Tuesday,0
20190925,2019-09-25,2019,Q3,9,September,2019-09,39,25,3,Wednesday,0
20190926,2019-09-26,2019,Q3,9,September,2019-09,39,26,4,Thursday,0
20190927,2019-09-27,2019,Q3,9,September,2019-09,39,27,5,Friday,0
20190930,2019-09-30,2019,Q3,9,September,2019-09,40,30,1,Monday,0
20191001,2019-10-01,2019,Q4,10,October,2019-10,40,1,2,Tuesday,0
20191003,2019-10-03,2019,Q4,10,October,2019-10,40,3,4,Thursday,0
20191004,2019-10-04,2019,Q4,10,October,2019-10,40,4,5,Friday,0
20191007,2019-10-07,2019,Q4,10,October,2019-10,41,7,1,Monday,0
20191009,2019-10-09,2019,Q4,10,October,2019-10,41,9,3,Wednesday,0
20191010,2019-10-10,2019,Q4,10,October,2019-10,41,10,4,Thursday,0
20191011,2019-10-11,2019,Q4,10,October,2019-10,41,11,5,Friday,0
20191014,2019-10-14,2019,Q4,10,October,2019-10,42,14,1,Monday,0
20191015,2019-10-15,2019,Q4,10,October,2019-10,42,15,2,Tuesday,0
20191016,2019-10-16,2019,Q4,10,October,2019-10,42,16,3,Wednesday,0
20191017,2019-10-17,2019,Q4,10,October,2019-10,42,17,4,Thursday,0
20191018,2019-10-18,2019,Q4,10,October,2019-10,42,18,5,Friday,0
20191022,2019-10-22,2019,Q4,10,October,2019-10,43,22,2,Tuesday,0
20191023,2019-10-23,2019,Q4,10,October,2019-10,43,23,3,Wednesday,0
20191024,2019-10-24,2019,Q4,10,October,2019-10,43,24,4,Thursday,0
20191025,2019-10-25,2019,Q4,10,October,2019-10,43,25,5,Friday,0
20191027,2019-10-27,2019,Q4,10,October,2019-10,43,27,7,Sunday,1
20191029,2019-10-29,2019,Q4,10,October,2019-10,44,29,2,Tuesday,0
20191030,2019-10-30,2019,Q4,10,October,2019-10,44,30,3,Wednesday,0
20191031,2019-10-31,2019,Q4,10,October,2019-10,44,31,4,Thursday,0
20191101,2019-11-01,2019,Q4,11,November,2019-11,44,1,5,Friday,0
20191104,2019-11-04,2019,Q4,11,November,2019-11,45,4,1,Monday,0
20191105,2019-11-05,2019,Q4,11,November,2019-11,45,5,2,Tuesday,0
20191106,2019-11-06,2019,Q4,11,November,2019-11,45,6,3,Wednesday,0
20191107,2019-11-07,2019,Q4,11,November,2019-11,45,7,4,Thursday,0
20191108,2019-11-08,2019,Q4,11,November,2019-11,45,8,5,Friday,0
20191111,2019-11-11,2019,Q4,11,November,2019-11,46,11,1,Monday,0
20191113,2019-11-13,2019,Q4,11,November,2019-11,46,13,3,Wednesday,0
20191114,2019-11-14,2019,Q4,11,November,2019-11,46,14,4,Thursday,0
20191115,2019-11-15,2019,Q4,11,November,2019-11,46,15,5,Friday,0
20191118,2019-11-18,2019,Q4,11,November,2019-11,47,18,1,Monday,0
20191119,2019-11-19,2019,Q4,11,November,2019-11,47,19,2,Tuesday,0
20191120,2019-11-20,2019,Q4,11,November,2019-11,47,20,3,Wednesday,0
20191121,2019-11-21,2019,Q4,11,November,2019-11,47,21,4,Thursday,0
20191122,2019-11-22,2019,Q4,11,November,2019-11,47,22,5,Friday,0
20191125,2019-11-25,2019,Q4,11,November,2019-11,48,25,1,Monday,0
20191126,2019-11-26,2019,Q4,11,November,2019-11,48,26,2,Tuesday,0
20191127,2019-11-27,2019,Q4,11,November,2019-11,48,27,3,Wednesday,0
20191128,2019-11-28,2019,Q4,11,November,2019-11,48,28,4,Thursday,0
20191129,2019-11-29,2019,Q4,11,November,2019-11,48,29,5,Friday,0
20191202,2019-12-02,2019,Q4,12,December,2019-12,49,2,1,Monday,0
20191203,2019-12-03,2019,Q4,12,December,2019-12,49,3,2,Tuesday,0
20191204,2019-12-04,2019,Q4,12,December,2019-12,49,4,3,Wednesday,0
20191205,2019-12-05,2019,Q4,12,December,2019-12,49,5,4,Thursday,0
20191206,2019-12-06,2019,Q4,12,December,2019-12,49,6,5,Friday,0
20191209,2019-12-09,2019,Q4,12,December,2019-12,50,9,1,Monday,0
20191210,2019-12-10,2019,Q4,12,December,2019-12,50,10,2,Tuesday,0
20191211,2019-12-11,2019,Q4,12,December,2019-12,50,11,3,Wednesday,0
20191212,2019-12-12,2019,Q4,12,December,2019-12,50,12,4,Thursday,0
20191213,2019-12-13,2019,Q4,12,December,2019-12,50,13,5,Friday,0
20191216,2019-12-16,2019,Q4,12,December,2019-12,51,16,1,Monday,0
20191217,2019-12-17,2019,Q4,12,December,2019-12,51,17,2,Tuesday,0
20191218,2019-12-18,2019,Q4,12,December,2019-12,51,18,3,Wednesday,0
20191219,2019-12-19,2019,Q4,12,December,2019-12,51,19,4,Thursday,0
20191220,2019-12-20,2019,Q4,12,December,2019-12,51,20,5,Friday,0
20191223,2019-12-23,2019,Q4,12,December,2019-12,52,23,1,Monday,0
20191224,2019-12-24,2019,Q4,12,December,2019-12,52,24,2,Tuesday,0
20191226,2019-12-26,2019,Q4,12,December,2019-12,52,26,4,Thursday,0
20191227,2019-12-27,2019,Q4,12,December,2019-12,52,27,5,Friday,0
20191230,2019-12-30,2019,Q4,12,December,2019-12,1,30,1,Monday,0
20191231,2019-12-31,2019,Q4,12,December,2019-12,1,31,2,Tuesday,0
20200101,2020-01-01,2020,Q1,1,January,2020-01,1,1,3,Wednesday,0
20200102,2020-01-02,2020,Q1,1,January,2020-01,1,2,4,Thursday,0
20200103,2020-01-03,2020,Q1,1,January,2020-01,1,3,5,Friday,0
20200106,2020-01-06,2020,Q1,1,January,2020-01,2,6,1,Monday,0
20200107,2020-01-07,2020,Q1,1,January,2020-01,2,7,2,Tuesday,0
20200108,2020-01-08,2020,Q1,1,January,2020-01,2,8,3,Wednesday,0
20200109,2020-01-09,2020,Q1,1,January,2020-01,2,9,4,Thursday,0
20200110,2020-01-10,2020,Q1,1,January,2020-01,2,10,5,Friday,0
20200113,2020-01-13,2020,Q1,1,January,2020-01,3,13,1,Monday,0
20200114,2020-01-14,2020,Q1,1,January,2020-01,3,14,2,Tuesday,0
20200115,2020-01-15,2020,Q1,1,January,2020-01,3,15,3,Wednesday,0
20200116,2020-01-16,2020,Q1,1,January,2020-01,3,16,4,Thursday,0
20200117,2020-01-17,2020,Q1,1,January,2020-01,3,17,5,Friday,0
20200120,2020-01-20,2020,Q1,1,January,2020-01,4,20,1,Monday,0
20200121,2020-01-21,2020,Q1,1,January,2020-01,4,21,2,Tuesday,0
20200122,2020-01-22,2020,Q1,1,January,2020-01,4,22,3,Wednesday,0
20200123,2020-01-23,2020,Q1,1,January,2020-01,4,23,4,Thursday,0
20200124,2020-01-24,2020,Q1,1,January,2020-01,4,24,5,Friday,0
20200127,2020-01-27,2020,Q1,1,January,2020-01,5,27,1,Monday,0
20200128,2020-01-28,2020,Q1,1,January,2020-01,5,28,2,Tuesday,0
20200129,2020-01-29,2020,Q1,1,January,2020-01,5,29,3,Wednesday,0
20200130,2020-01-30,2020,Q1,1,January,2020-01,5,30,4,Thursday,0
20200131,2020-01-31,2020,Q1,1,January,2020-01,5,31,5,Friday,0
20200201,2020-02-01,2020,Q1,2,February,2020-02,5,1,6,Saturday,1
20200203,2020-02-03,2020,Q1,2,February,2020-02,6,3,1,Monday,0
20200204,2020-02-04,2020,Q1,2,February,2020-02,6,4,2,Tuesday,0
20200205,2020-02-05,2020,Q1,2,February,2020-02,6,5,3,Wednesday,0
20200206,2020-02-06,2020,Q1,2,February,2020-02,6,6,4,Thursday,0
20200207,2020-02-07,2020,Q1,2,February,2020-02,6,7,5,Friday,0
20200210,2020-02-10,2020,Q1,2,February,2020-02,7,10,1,Monday,0
20200211,2020-02-11,2020,Q1,2,February,2020-02,7,11,2,Tuesday,0
20200212,2020-02-12,2020,Q1,2,February,2020-02,7,12,3,Wednesday,0
20200213,2020-02-13,2020,Q1,2,February,2020-02,7,13,4,Thursday,0
20200214,2020-02-14,2020,Q1,2,February,2020-02,7,14,5,Friday,0
20200217,2020-02-17,2020,Q1,2,February,2020-02,8,17,1,Monday,0
20200218,2020-02-18,2020,Q1,2,February,2020-02,8,18,2,Tuesday,0
20200219,2020-02-19,2020,Q1,2,February,2020-02,8,19,3,Wednesday,0
20200220,2020-02-20,2020,Q1,2,February,2020-02,8,20,4,Thursday,0
20200224,2020-02-24,2020,Q1,2,February,2020-02,9,24,1,Monday,0
20200225,2020-02-25,2020,Q1,2,February,2020-02,9,25,2,Tuesday,0
20200226,2020-02-26,2020,Q1,2,February,2020-02,9,26,3,Wednesday,0
20200227,2020-02-27,2020,Q1,2,February,2020-02,9,27,4,Thursday,0
20200228,2020-02-28,2020,Q1,2,February,2020-02,9,28,5,Friday,0
20200302,2020-03-02,2020,Q1,3,March,2020-03,10,2,1,Monday,0
20200303,2020-03-03,2020,Q1,3,March,2020-03,10,3,2,Tuesday,0
20200304,2020-03-04,2020,Q1,3,March,2020-03,10,4,3,Wednesday,0
20200305,2020-03-05,2020,Q1,3,March,2020-03,10,5,4,Thursday,0
20200306,2020-03-06,2020,Q1,3,March,2020-03,10,6,5,Friday,0
20200309,2020-03-09,2020,Q1,3,March,2020-03,11,9,1,Monday,0
20200311,2020-03-11,2020,Q1,3,March,2020-03,11,11,3,Wednesday,0
20200312,2020-03-12,2020,Q1,3,March,2020-03,11,12,4,Thursday,0
20200313,2020-03-13,2020,Q1,3,March,2020-03,11,13,5,Friday,0
20200316,2020-03-16,2020,Q1,3,March,2020-03,12,16,1,Monday,0
20200317,2020-03-17,2020,Q1,3,March,2020-03,12,17,2,Tuesday,0
20200318,2020-03-18,2020,Q1,3,March,2020-03,12,18,3,Wednesday,0
20200319,2020-03-19,2020,Q1,3,March,2020-03,12,19,4,Thursday,0
20200320,2020-03-20,2020,Q1,3,March,2020-03,12,20,5,Friday,0
20200323,2020-03-23,2020,Q1,3,March,2020-03,13,23,1,Monday,0
20200324,2020-03-24,2020,Q1,3,March,2020-03,13,24,2,Tuesday,0
20200325,2020-03-25,2020,Q1,3,March,2020-03,13,25,3,Wednesday,0
20200326,2020-03-26,2020,Q1,3,March,2020-03,13,26,4,Thursday,0
20200327,2020-03-27,2020,Q1,3,March,2020-03,13,27,5,Friday,0
20200330,2020-03-30,2020,Q1,3,March,2020-03,14,30,1,Monday,0
20200331,2020-03-31,2020,Q1,3,March,2020-03,14,31,2,Tuesday,0
20200401,2020-04-01,2020,Q2,4,April,2020-04,14,1,3,Wednesday,0
20200403,2020-04-03,2020,Q2,4,April,2020-04,14,3,5,Friday,0
20200407,2020-04-07,2020,Q2,4,April,2020-04,15,7,2,Tuesday,0
20200408,2020-04-08,2020,Q2,4,April,2020-04,15,8,3,Wednesday,0
20200409,2020-04-09,2020,Q2,4,April,2020-04,15,9,4,Thursday,0
20200413,2020-04-13,2020,Q2,4,April,2020-04,16,13,1,Monday,0
20200415,2020-04-15,2020,Q2,4,April,2020-04,16,15,3,Wednesday,0
20200416,2020-04-16,2020,Q2,4,April,2020-04,16,16,4,Thursday,0
20200417,2020-04-17,2020,Q2,4,April,2020-04,16,17,5,Friday,0
20200420,2020-04-20,2020,Q2,4,April,2020-04,17,20,1,Monday,0
20200421,2020-04-21,2020,Q2,4,April,2020-04,17,21,2,Tuesday,0
20200422,2020-04-22,2020,Q2,4,April,2020-04,17,22,3,Wednesday,0
20200423,2020-04-23,2020,Q2,4,April,2020-04,17,23,4,Thursday,0
20200424,2020-04-24,2020,Q2,4,April,2020-04,17,24,5,Friday,0
20200427,2020-04-27,2020,Q2,4,April,2020-04,18,27,1,Monday,0
20200428,2020-04-28,2020,Q2,4,April,2020-04,18,28,2,Tuesday,0
20200429,2020-04-29,2020,Q2,4,April,2020-04,18,29,3,Wednesday,0
20200430,2020-04-30,2020,Q2,4,April,2020-04,18,30,4,Thursday,0
20200504,2020-05-04,2020,Q2,5,May,2020-05,19,4,1,Monday,0
20200505,2020-05-05,2020,Q2,5,May,2020-05,19,5,2,Tuesday,0
20200506,2020-05-06,2020,Q2,5,May,2020-05,19,6,3,Wednesday,0
20200507,2020-05-07,2020,Q2,5,May,2020-05,19,7,4,Thursday,0
20200508,2020-05-08,2020,Q2,5,May,2020-05,19,8,5,Friday,0
20200511,2020-05-11,2020,Q2,5,May,2020-05,20,11,1,Monday,0
20200512,2020-05-12,2020,Q2,5,May,2020-05,20,12,2,Tuesday,0
20200513,2020-05-13,2020,Q2,5,May,2020-05,20,13,3,Wednesday,0
20200514,2020-05-14,2020,Q2,5,May,2020-05,20,14,4,Thursday,0
20200515,2020-05-15,2020,Q2,5,May,2020-05,20,15,5,Friday,0
20200518,2020-05-18,2020,Q2,5,May,2020-05,21,18,1,Monday,0
20200519,2020-05-19,2020,Q2,5,May,2020-05,21,19,2,Tuesday,0
20200520,2020-05-20,2020,Q2,5,May,2020-05,21,20,3,Wednesday,0
20200521,2020-05-21,2020,Q2,5,May,2020-05,21,21,4,Thursday,0
20200522,2020-05-22,2020,Q2,5,May,2020-05,21,22,5,Friday,0
20200526,2020-05-26,2020,Q2,5,May,2020-05,22,26,2,Tuesday,0
20200527,2020-05-27,2020,Q2,5,May,2020-05,22,27,3,Wednesday,0
20200528,2020-05-28,2020,Q2,5,May,2020-05,22,28,4,Thursday,0
20200529,2020-05-29,2020,Q2,5,May,2020-05,22,29,5,Friday,0
20200601,2020-06-01,2020,Q2,6,June,2020-06,23,1,1,Monday,0
20200602,2020-06-02,2020,Q2,6,June,2020-06,23,2,2,Tuesday,0
20200603,2020-06-03,2020,Q2,6,June,2020-06,23,3,3,Wednesday,0
20200604,2020-06-04,2020,Q2,6,June,2020-06,23,4,4,Thursday,0
20200605,2020-06-05,2020,Q2,6,June,2020-06,23,5,5,Friday,0
20200608,2020-06-08,2020,Q2,6,June,2020-06,24,8,1,Monday,0
20200609,2020-06-09,2020,Q2,6,June,2020-06,24,9,2,Tuesday,0
20200610,2020-06-10,2020,Q2,6,June,2020-06,24,10,3,Wednesday,0
20200611,2020-06-11,2020,Q2,6,June,2020-06,24,11,4,Thursday,0
20200612,2020-06-12,2020,Q2,6,June,2020-06,24,12,5,Friday,0
20200615,2020-06-15,2020,Q2,6,June,2020-06,25,15,1,Monday,0
20200616,2020-06-16,2020,Q2,6,June,2020-06,25,16,2,Tuesday,0
20200617,2020-06-17,2020,Q2,6,June,2020-06,25,17,3,Wednesday,0
20200618,2020-06-18,2020,Q2,6,June,2020-06,25,18,4,Thursday,0
20200619,2020-06-19,2020,Q2,6,June,2020-06,25,19,5,Friday,0
20200622,2020-06-22,2020,Q2,6,June,2020-06,26,22,1,Monday,0
20200623,2020-06-23,2020,Q2,6,June,2020-06,26,23,2,Tuesday,0
20200624,2020-06-24,2020,Q2,6,June,2020-06,26,24,3,Wednesday,0
20200625,2020-06-25,2020,Q2,6,June,2020-06,26,25,4,Thursday,0
20200626,2020-06-26,2020,Q2,6,June,2020-06,26,26,5,Friday,0
20200629,2020-06-29,2020,Q2,6,June,2020-06,27,29,1,Monday,0
20200630,2020-06-30,2020,Q2,6,June,2020-06,27,30,2,Tuesday,0
20200701,2020-07-01,2020,Q3,7,July,2020-07,27,1,3,Wednesday,0
20200702,2020-07-02,2020,Q3,7,July,2020-07,27,2,4,Thursday,0
20200703,2020-07-03,2020,Q3,7,July,2020-07,27,3,5,Friday,0
20200706,2020-07-06,2020,Q3,7,July,2020-07,28,6,1,Monday,0
20200707,2020-07-07,2020,Q3,7,July,2020-07,28,7,2,Tuesday,0
20200708,2020-07-08,2020,Q3,7,July,2020-07,28,8,3,Wednesday,0
20200709,2020-07-09,2020,Q3,7,July,2020-07,28,9,4,Thursday,0
20200710,2020-07-10,2020,Q3,7,July,2020-07,28,10,5,Friday,0
20200713,2020-07-13,2020,Q3,7,July,2020-07,29,13,1,Monday,0
20200714,2020-07-14,2020,Q3,7,July,2020-07,29,14,2,Tuesday,0
20200715,2020-07-15,2020,Q3,7,July,2020-07,29,15,3,Wednesday,0
20200716,2020-07-16,2020,Q3,7,July,2020-07,29,16,4,Thursday,0
20200717,2020-07-17,2020,Q3,7,July,2020-07,29,17,5,Friday,0
20200720,2020-07-20,2020,Q3,7,July,2020-07,30,20,1,Monday,0
20200721,2020-07-21,2020,Q3,7,July,2020-07,30,21,2,Tuesday,0
20200722,2020-07-22,2020,Q3,7,July,2020-07,30,22,3,Wednesday,0
20200723,2020-07-23,2020,Q3,7,July,2020-07,30,23,4,Thursday,0
20200724,2020-07-24,2020,Q3,7,July,2020-07,30,24,5,Friday,0
20200727,2020-07-27,2020,Q3,7,July,2020-07,31,27,1,Monday,0
20200728,2020-07-28,2020,Q3,7,July,2020-07,31,28,2,Tuesday,0
20200729,2020-07-29,2020,Q3,7,July,2020-07,31,29,3,Wednesday,0
20200730,2020-07-30,2020,Q3,7,July,2020-07,31,30,4,Thursday,0
20200731,2020-07-31,2020,Q3,7,July,2020-07,31,31,5,Friday,0
20200803,2020-08-03,2020,Q3,8,August,2020-08,32,3,1,Monday,0
20200804,2020-08-04,2020,Q3,8,August,2020-08,32,4,2,Tuesday,0
20200805,2020-08-05,2020,Q3,8,August,2020-08,32,5,3,Wednesday,0
20200806,2020-08-06,2020,Q3,8,August,2020-08,32,6,4,Thursday,0
20200807,2020-08-07,2020,Q3,8,August,2020-08,32,7,5,Friday,0
20200810,2020-08-10,2020,Q3,8,August,2020-08,33,10,1,Monday,0
20200811,2020-08-11,2020,Q3,8,August,2020-08,33,11,2,Tuesday,0
20200812,2020-08-12,2020,Q3,8,August,2020-08,33,12,3,Wednesday,0
20200813,2020-08-13,2020,Q3,8,August,2020-08,33,13,4,Thursday,0
20200814,2020-08-14,2020,Q3,8,August,2020-08,33,14,5,Friday,0
20200817,2020-08-17,2020,Q3,8,August,2020-08,34,17,1,Monday,0
20200818,2020-08-18,2020,Q3,8,August,2020-08,34,18,2,Tuesday,0
20200819,2020-08-19,2020,Q3,8,August,2020-08,34,19,3,Wednesday,0
20200820,2020-08-20,2020,Q3,8,August,2020-08,34,20,4,Thursday,0
20200821,2020-08-21,2020,Q3,8,August,2020-08,34,21,5,Friday,0
20200824,2020-08-24,2020,Q3,8,August,2020-08,35,24,1,Monday,0
20200825,2020-08-25,2020,Q3,8,August,2020-08,35,25,2,Tuesday,0
20200826,2020-08-26,2020,Q3,8,August,2020-08,35,26,3,Wednesday,0
20200827,2020-08-27,2020,Q3,8,August,2020-08,35,27,4,Thursday,0
20200828,2020-08-28,2020,Q3,8,August,2020-08,35,28,5,Friday,0
20200831,2020-08-31,2020,Q3,8,August,2020-08,36,31,1,Monday,0
20200901,2020-09-01,2020,Q3,9,September,2020-09,36,1,2,Tuesday,0
20200902,2020-09-02,2020,Q3,9,September,2020-09,36,2,3,Wednesday,0
20200903,2020-09-03,2020,Q3,9,September,2020-09,36,3,4,Thursday,0
20200904,2020-09-04,2020,Q3,9,September,2020-09,36,4,5,Friday,0
20200907,2020-09-07,2020,Q3,9,September,2020-09,37,7,1,Monday,0
20200908,2020-09-08,2020,Q3,9,September,2020-09,37,8,2,Tuesday,0
20200909,2020-09-09,2020,Q3,9,September,2020-09,37,9,3,Wednesday,0
20200910,2020-09-10,2020,Q3,9,September,2020-09,37,10,4,Thursday,0
20200911,2020-09-11,2020,Q3,9,September,2020-09,37,11,5,Friday,0
20200914,2020-09-14,2020,Q3,9,September,2020-09,38,14,1,Monday,0
20200915,2020-09-15,2020,Q3,9,September,2020-09,38,15,2,Tuesday,0
20200916,2020-09-16,2020,Q3,9,September,2020-09,38,16,3,Wednesday,0
20200917,2020-09-17,2020,Q3,9,September,2020-09,38,17,4,Thursday,0
20200918,2020-09-18,2020,Q3,9,September,2020-09,38,18,5,Friday,0
20200921,2020-09-21,2020,Q3,9,September,2020-09,39,21,1,Monday,0
20200922,2020-09-22,2020,Q3,9,September,2020-09,39,22,2,Tuesday,0
20200923,2020-09-23,2020,Q3,9,September,2020-09,39,23,3,Wednesday,0
20200924,2020-09-24,2020,Q3,9,September,2020-09,39,24,4,Thursday,0
20200925,2020-09-25,2020,Q3,9,September,2020-09,39,25,5,Friday,0
20200928,2020-09-28,2020,Q3,9,September,2020-09,40,28,1,Monday,0
20200929,2020-09-29,2020,Q3,9,September,2020-09,40,29,2,Tuesday,0
20200930,2020-09-30,2020,Q3,9,September,2020-09,40,30,3,Wednesday,0
20201001,2020-10-01,2020,Q4,10,October,2020-10,40,1,4,Thursday,0
20201005,2020-10-05,2020,Q4,10,October,2020-10,41,5,1,Monday,0
20201006,2020-10-06,2020,Q4,10,October,2020-10,41,6,2,Tuesday,0
20201007,2020-10-07,2020,Q4,10,October,2020-10,41,7,3,Wednesday,0
20201008,2020-10-08,2020,Q4,10,October,2020-10,41,8,4,Thursday,0
20201009,2020-10-09,2020,Q4,10,October,2020-10,41,9,5,Friday,0
20201012,2020-10-12,2020,Q4,10,October,2020-10,42,12,1,Monday,0
20201013,2020-10-13,2020,Q4,10,October,2020-10,42,13,2,Tuesday,0
20201014,2020-10-14,2020,Q4,10,October,2020-10,42,14,3,Wednesday,0
20201015,2020-10-15,2020,Q4,10,October,2020-10,42,15,4,Thursday,0
20201016,2020-10-16,2020,Q4,10,October,2020-10,42,16,5,Friday,0
20201019,2020-10-19,2020,Q4,10,October,2020-10,43,19,1,Monday,0
20201020,2020-10-20,2020,Q4,10,October,2020-10,43,20,2,Tuesday,0
20201021,2020-10-21,2020,Q4,10,October,2020-10,43,21,3,Wednesday,0
20201022,2020-10-22,2020,Q4,10,October,2020-10,43,22,4,Thursday,0
20201023,2020-10-23,2020,Q4,10,October,2020-10,43,23,5,Friday,0
20201026,2020-10-26,2020,Q4,10,October,2020-10,44,26,1,Monday,0
20201027,2020-10-27,2020,Q4,10,October,2020-10,44,27,2,Tuesday,0
20201028,2020-10-28,2020,Q4,10,October,2020-10,44,28,3,Wednesday,0
20201029,2020-10-29,2020,Q4,10,October,2020-10,44,29,4,Thursday,0
20201030,2020-10-30,2020,Q4,10,October,2020-10,44,30,5,Friday,0
20201102,2020-11-02,2020,Q4,11,November,2020-11,45,2,1,Monday,0
20201103,2020-11-03,2020,Q4,11,November,2020-11,45,3,2,Tuesday,0
20201104,2020-11-04,2020,Q4,11,November,2020-11,45,4,3,Wednesday,0
20201105,2020-11-05,2020,Q4,11,November,2020-11,45,5,4,Thursday,0
20201106,2020-11-06,2020,Q4,11,November,2020-11,45,6,5,Friday,0
20201109,2020-11-09,2020,Q4,11,November,2020-11,46,9,1,Monday,0
20201110,2020-11-10,2020,Q4,11,November,2020-11,46,10,2,Tuesday,0
20201111,2020-11-11,2020,Q4,11,November,2020-11,46,11,3,Wednesday,0
20201112,2020-11-12,2020,Q4,11,November,2020-11,46,12,4,Thursday,0
20201113,2020-11-13,2020,Q4,11,November,2020-11,46,13,5,Friday,0
20201114,2020-11-14,2020,Q4,11,November,2020-11,46,14,6,Saturday,1
20201117,2020-11-17,2020,Q4,11,November,2020-11,47,17,2,Tuesday,0
20201118,2020-11-18,2020,Q4,11,November,2020-11,47,18,3,Wednesday,0
20201119,2020-11-19,2020,Q4,11,November,2020-11,47,19,4,Thursday,0
20201120,2020-11-20,2020,Q4,11,November,2020-11,47,20,5,Friday,0
20201123,2020-11-23,2020,Q4,11,November,2020-11,48,23,1,Monday,0
20201124,2020-11-24,2020,Q4,11,November,2020-11,48,24,2,Tuesday,0
20201125,2020-11-25,2020,Q4,11,November,2020-11,48,25,3,Wednesday,0
20201126,2020-11-26,2020,Q4,11,November,2020-11,48,26,4,Thursday,0
20201127,2020-11-27,2020,Q4,11,November,2020-11,48,27,5,Friday,0
20201201,2020-12-01,2020,Q4,12,December,2020-12,49,1,2,Tuesday,0
20201202,2020-12-02,2020,Q4,12,December,2020-12,49,2,3,Wednesday,0
20201203,2020-12-03,2020,Q4,12,December,2020-12,49,3,4,Thursday,0
20201204,2020-12-04,2020,Q4,12,December,2020-12,49,4,5,Friday,0
20201207,2020-12-07,2020,Q4,12,December,2020-12,50,7,1,Monday,0
20201208,2020-12-08,2020,Q4,12,December,2020-12,50,8,2,Tuesday,0
20201209,2020-12-09,2020,Q4,12,December,2020-12,50,9,3,Wednesday,0
20201210,2020-12-10,2020,Q4,12,December,2020-12,50,10,4,Thursday,0
20201211,2020-12-11,2020,Q4,12,December,2020-12,50,11,5,Friday,0
20201214,2020-12-14,2020,Q4,12,December,2020-12,51,14,1,Monday,0
20201215,2020-12-15,2020,Q4,12,December,2020-12,51,15,2,Tuesday,0
20201216,2020-12-16,2020,Q4,12,December,2020-12,51,16,3,Wednesday,0
20201217,2020-12-17,2020,Q4,12,December,2020-12,51,17,4,Thursday,0
20201218,2020-12-18,2020,Q4,12,December,2020-12,51,18,5,Friday,0
20201221,2020-12-21,2020,Q4,12,December,2020-12,52,21,1,Monday,0
20201222,2020-12-22,2020,Q4,12,December,2020-12,52,22,2,Tuesday,0
20201223,2020-12-23,2020,Q4,12,December,2020-12,52,23,3,Wednesday,0
20201224,2020-12-24,2020,Q4,12,December,2020-12,52,24,4,Thursday,0
20201228,2020-12-28,2020,Q4,12,December,2020-12,53,28,1,Monday,0
20201229,2020-12-29,2020,Q4,12,December,2020-12,53,29,2,Tuesday,0
20201230,2020-12-30,2020,Q4,12,December,2020-12,53,30,3,Wednesday,0
20201231,2020-12-31,2020,Q4,12,December,2020-12,53,31,4,Thursday,0
20210101,2021-01-01,2021,Q1,1,January,2021-01,53,1,5,Friday,0
20210104,2021-01-04,2021,Q1,1,January,2021-01,1,4,1,Monday,0
20210105,2021-01-05,2021,Q1,1,January,2021-01,1,5,2,Tuesday,0
20210106,2021-01-06,2021,Q1,1,January,2021-01,1,6,3,Wednesday,0
20210107,2021-01-07,2021,Q1,1,January,2021-01,1,7,4,Thursday,0
20210108,2021-01-08,2021,Q1,1,January,2021-01,1,8,5,Friday,0
20210111,2021-01-11,2021,Q1,1,January,2021-01,2,11,1,Monday,0
20210112,2021-01-12,2021,Q1,1,January,2021-01,2,12,2,Tuesday,0
20210113,2021-01-13,2021,Q1,1,January,2021-01,2,13,3,Wednesday,0
20210114,2021-01-14,2021,Q1,1,January,2021-01,2,14,4,Thursday,0
20210115,2021-01-15,2021,Q1,1,January,2021-01,2,15,5,Friday,0
20210118,2021-01-18,2021,Q1,1,January,2021-01,3,18,1,Monday,0
20210119,2021-01-19,2021,Q1,1,January,2021-01,3,19,2,Tuesday,0
20210120,2021-01-20,2021,Q1,1,January,2021-01,3,20,3,Wednesday,0
20210121,2021-01-21,2021,Q1,1,January,2021-01,3,21,4,Thursday,0
20210122,2021-01-22,2021,Q1,1,January,2021-01,3,22,5,Friday,0
20210125,2021-01-25,2021,Q1,1,January,2021-01,4,25,1,Monday,0
20210127,2021-01-27,2021,Q1,1,January,2021-01,4,27,3,Wednesday,0
20210128,2021-01-28,2021,Q1,1,January,2021-01,4,28,4,Thursday,0
20210129,2021-01-29,2021,Q1,1,January,2021-01,4,29,5,Friday,0
20210201,2021-02-01,2021,Q1,2,February,2021-02,5,1,1,Monday,0
20210202,2021-02-02,2021,Q1,2,February,2021-02,5,2,2,Tuesday,0
20210203,2021-02-03,2021,Q1,2,February,2021-02,5,3,3,Wednesday,0
20210204,2021-02-04,2021,Q1,2,February,2021-02,5,4,4,Thursday,0
20210205,2021-02-05,2021,Q1,2,February,2021-02,5,5,5,Friday,0
20210208,2021-02-08,2021,Q1,2,February,2021-02,6,8,1,Monday,0
20210209,2021-02-09,2021,Q1,2,February,2021-02,6,9,2,Tuesday,0
20210210,2021-02-10,2021,Q1,2,February,2021-02,6,10,3,Wednesday,0
20210211,2021-02-11,2021,Q1,2,February,2021-02,6,11,4,Thursday,0
20210212,2021-02-12,2021,Q1,2,February,2021-02,6,12,5,Friday,0
20210215,2021-02-15,2021,Q1,2,February,2021-02,7,15,1,Monday,0
20210216,2021-02-16,2021,Q1,2,February,2021-02,7,16,2,Tuesday,0
20210217,2021-02-17,2021,Q1,2,February,2021-02,7,17,3,Wednesday,0
20210218,2021-02-18,2021,Q1,2,February,2021-02,7,18,4,Thursday,0
20210219,2021-02-19,2021,Q1,2,February,2021-02,7,19,5,Friday,0
20210222,2021-02-22,2021,Q1,2,February,2021-02,8,22,1,Monday,0
20210223,2021-02-23,2021,Q1,2,February,2021-02,8,23,2,Tuesday,0
20210224,2021-02-24,2021,Q1,2,February,2021-02,8,24,3,Wednesday,0
20210225,2021-02-25,2021,Q1,2,February,2021-02,8,25,4,Thursday,0
20210226,2021-02-26,2021,Q1,2,February,2021-02,8,26,5,Friday,0
20210301,2021-03-01,2021,Q1,3,March,2021-03,9,1,1,Monday,0
20210302,2021-03-02,2021,Q1,3,March,2021-03,9,2,2,Tuesday,0
20210303,2021-03-03,2021,Q1,3,March,2021-03,9,3,3,Wednesday,0
20210304,2021-03-04,2021,Q1,3,March,2021-03,9,4,4,Thursday,0
20210305,2021-03-05,2021,Q1,3,March,2021-03,9,5,5,Friday,0
20210308,2021-03-08,2021,Q1,3,March,2021-03,10,8,1,Monday,0
20210309,2021-03-09,2021,Q1,3,March,2021-03,10,9,2,Tuesday,0
20210310,2021-03-10,2021,Q1,3,March,2021-03,10,10,3,Wednesday,0
20210312,2021-03-12,2021,Q1,3,March,2021-03,10,12,5,Friday,0
20210315,2021-03-15,2021,Q1,3,March,2021-03,11,15,1,Monday,0
20210316,2021-03-16,2021,Q1,3,March,2021-03,11,16,2,Tuesday,0
20210317,2021-03-17,2021,Q1,3,March,2021-03,11,17,3,Wednesday,0
20210318,2021-03-18,2021,Q1,3,March,2021-03,11,18,4,Thursday,0
20210319,2021-03-19,2021,Q1,3,March,2021-03,11,19,5,Friday,0
20210322,2021-03-22,2021,Q1,3,March,2021-03,12,22,1,Monday,0
20210323,2021-03-23,2021,Q1,3,March,2021-03,12,23,2,Tuesday,0
20210324,2021-03-24,2021,Q1,3,March,2021-03,12,24,3,Wednesday,0
20210325,2021-03-25,2021,Q1,3,March,2021-03,12,25,4,Thursday,0
20210326,2021-03-26,2021,Q1,3,March,2021-03,12,26,5,Friday,0
20210330,2021-03-30,2021,Q1,3,March,2021-03,13,30,2,Tuesday,0
20210331,2021-03-31,2021,Q1,3,March,2021-03,13,31,3,Wednesday,0
20210401,2021-04-01,2021,Q2,4,April,2021-04,13,1,4,Thursday,0
20210405,2021-04-05,2021,Q2,4,April,2021-04,14,5,1,Monday,0
20210406,2021-04-06,2021,Q2,4,April,2021-04,14,6,2,Tuesday,0
20210407,2021-04-07,2021,Q2,4,April,2021-04,14,7,3,Wednesday,0
20210408,2021-04-08,2021,Q2,4,April,2021-04,14,8,4,Thursday,0
20210409,2021-04-09,2021,Q2,4,April,2021-04,14,9,5,Friday,0
20210412,2021-04-12,2021,Q2,4,April,2021-04,15,12,1,Monday,0
20210413,2021-04-13,2021,Q2,4,April,2021-04,15,13,2,Tuesday,0
20210415,2021-04-15,2021,Q2,4,April,2021-04,15,15,4,Thursday,0
20210416,2021-04-16,2021,Q2,4,April,2021-04,15,16,5,Friday,0
20210419,2021-04-19,2021,Q2,4,April,2021-04,16,19,1,Monday,0
20210420,2021-04-20,2021,Q2,4,April,2021-04,16,20,2,Tuesday,0
20210422,2021-04-22,2021,Q2,4,April,2021-04,16,22,4,Thursday,0
20210423,2021-04-23,2021,Q2,4,April,2021-04,16,23,5,Friday,0
20210426,2021-04-26,2021,Q2,4,April,2021-04,17,26,1,Monday,0
20210427,2021-04-27,2021,Q2,4,April,2021-04,17,27,2,Tuesday,0
20210428,2021-04-28,2021,Q2,4,April,2021-04,17,28,3,Wednesday,0
20210429,2021-04-29,2021,Q2,4,April,2021-04,17,29,4,Thursday,0
20210430,2021-04-30,2021,Q2,4,April,2021-04,17,30,5,Friday,0
20210503,2021-05-03,2021,Q2,5,May,2021-05,18,3,1,Monday,0
20210504,2021-05-04,2021,Q2,5,May,2021-05,18,4,2,Tuesday,0
20210505,2021-05-05,2021,Q2,5,May,2021-05,18,5,3,Wednesday,0
20210506,2021-05-06,2021,Q2,5,May,2021-05,18,6,4,Thursday,0
20210507,2021-05-07,2021,Q2,5,May,2021-05,18,7,5,Friday,0
20210510,2021-05-10,2021,Q2,5,May,2021-05,19,10,1,Monday,0
20210511,2021-05-11,2021,Q2,5,May,2021-05,19,11,2,Tuesday,0
20210512,2021-05-12,2021,Q2,5,May,2021-05,19,12,3,Wednesday,0
20210514,2021-05-14,2021,Q2,5,May,2021-05,19,14,5,Friday,0
20210517,2021-05-17,2021,Q2,5,May,2021-05,20,17,1,Monday,0
20210518,2021-05-18,2021,Q2,5,May,2021-05,20,18,2,Tuesday,0
20210519,2021-05-19,2021,Q2,5,May,2021-05,20,19,3,Wednesday,0
20210520,2021-05-20,2021,Q2,5,May,2021-05,20,20,4,Thursday,0
20210521,2021-05-21,2021,Q2,5,May,2021-05,20,21,5,Friday,0
20210524,2021-05-24,2021,Q2,5,May,2021-05,21,24,1,Monday,0
20210525,2021-05-25,2021,Q2,5,May,2021-05,21,25,2,Tuesday,0
20210526,2021-05-26,2021,Q2,5,May,2021-05,21,26,3,Wednesday,0
20210527,2021-05-27,2021,Q2,5,May,2021-05,21,27,4,Thursday,0
20210528,2021-05-28,2021,Q2,5,May,2021-05,21,28,5,Friday,0
20210531,2021-05-31,2021,Q2,5,May,2021-05,22,31,1,Monday,0
20210601,2021-06-01,2021,Q2,6,June,2021-06,22,1,2,Tuesday,0
20210602,2021-06-02,2021,Q2,6,June,2021-06,22,2,3,Wednesday,0
20210603,2021-06-03,2021,Q2,6,June,2021-06,22,3,4,Thursday,0
20210604,2021-06-04,2021,Q2,6,June,2021-06,22,4,5,Friday,0
20210607,2021-06-07,2021,Q2,6,June,2021-06,23,7,1,Monday,0
20210608,2021-06-08,2021,Q2,6,June,2021-06,23,8,2,Tuesday,0
20210609,2021-06-09,2021,Q2,6,June,2021-06,23,9,3,Wednesday,0
20210610,2021-06-10,2021,Q2,6,June,2021-06,23,10,4,Thursday,0
20210611,2021-06-11,2021,Q2,6,June,2021-06,23,11,5,Friday,0
20210614,2021-06-14,2021,Q2,6,June,2021-06,24,14,1,Monday,0
20210615,2021-06-15,2021,Q2,6,June,2021-06,24,15,2,Tuesday,0
20210616,2021-06-16,2021,Q2,6,June,2021-06,24,16,3,Wednesday,0
20210617,2021-06-17,2021,Q2,6,June,2021-06,24,17,4,Thursday,0
20210618,2021-06-18,2021,Q2,6,June,2021-06,24,18,5,Friday,0
20210621,2021-06-21,2021,Q2,6,June,2021-06,25,21,1,Monday,0
20210622,2021-06-22,2021,Q2,6,June,2021-06,25,22,2,Tuesday,0
20210623,2021-06-23,2021,Q2,6,June,2021-06,25,23,3,Wednesday,0
20210624,2021-06-24,2021,Q2,6,June,2021-06,25,24,4,Thursday,0
20210625,2021-06-25,2021,Q2,6,June,2021-06,25,25,5,Friday,0
20210628,2021-06-28,2021,Q2,6,June,2021-06,26,28,1,Monday,0
20210629,2021-06-29,2021,Q2,6,June,2021-06,26,29,2,Tuesday,0
20210630,2021-06-30,2021,Q2,6,June,2021-06,26,30,3,Wednesday,0
20210701,2021-07-01,2021,Q3,7,July,2021-07,26,1,4,Thursday,0
20210702,2021-07-02,2021,Q3,7,July,2021-07,26,2,5,Friday,0
20210705,2021-07-05,2021,Q3,7,July,2021-07,27,5,1,Monday,0
20210706,2021-07-06,2021,Q3,7,July,2021-07,27,6,2,Tuesday,0
20210707,2021-07-07,2021,Q3,7,July,2021-07,27,7,3,Wednesday,0
20210708,2021-07-08,2021,Q3,7,July,2021-07,27,8,4,Thursday,0
20210709,2021-07-09,2021,Q3,7,July,2021-07,27,9,5,Friday,0
20210712,2021-07-12,2021,Q3,7,July,2021-07,28,12,1,Monday,0
20210713,2021-07-13,2021,Q3,7,July,2021-07,28,13,2,Tuesday,0
20210714,2021-07-14,2021,Q3,7,July,2021-07,28,14,3,Wednesday,0
20210715,2021-07-15,2021,Q3,7,July,2021-07,28,15,4,Thursday,0
20210716,2021-07-16,2021,Q3,7,July,2021-07,28,16,5,Friday,0
20210719,2021-07-19,2021,Q3,7,July,2021-07,29,19,1,Monday,0
20210720,2021-07-20,2021,Q3,7,July,2021-07,29,20,2,Tuesday,0
20210722,2021-07-22,2021,Q3,7,July,2021-07,29,22,4,Thursday,0
20210723,2021-07-23,2021,Q3,7,July,2021-07,29,23,5,Friday,0
20210726,2021-07-26,2021,Q3,7,July,2021-07,30,26,1,Monday,0
20210727,2021-07-27,2021,Q3,7,July,2021-07,30,27,2,Tuesday,0
20210728,2021-07-28,2021,Q3,7,July,2021-07,30,28,3,Wednesday,0
20210729,2021-07-29,2021,Q3,7,July,2021-07,30,29,4,Thursday,0
20210730,2021-07-30,2021,Q3,7,July,2021-07,30,30,5,Friday,0
20210802,2021-08-02,2021,Q3,8,August,2021-08,31,2,1,Monday,0
20210803,2021-08-03,2021,Q3,8,August,2021-08,31,3,2,Tuesday,0
20210804,2021-08-04,2021,Q3,8,August,2021-08,31,4,3,Wednesday,0
20210805,2021-08-05,2021,Q3,8,August,2021-08,31,5,4,Thursday,0
20210806,2021-08-06,2021,Q3,8,August,2021-08,31,6,5,Friday,0
20210809,2021-08-09,2021,Q3,8,August,2021-08,32,9,1,Monday,0
20210810,2021-08-10,2021,Q3,8,August,2021-08,32,10,2,Tuesday,0
20210811,2021-08-11,2021,Q3,8,August,2021-08,32,11,3,Wednesday,0
20210812,2021-08-12,2021,Q3,8,August,2021-08,32,12,4,Thursday,0
20210813,2021-08-13,2021,Q3,8,August,2021-08,32,13,5,Friday,0
20210816,2021-08-16,2021,Q3,8,August,2021-08,33,16,1,Monday,0
20210817,2021-08-17,2021,Q3,8,August,2021-08,33,17,2,Tuesday,0
20210818,2021-08-18,2021,Q3,8,August,2021-08,33,18,3,Wednesday,0
20210820,2021-08-20,2021,Q3,8,August,2021-08,33,20,5,Friday,0
20210823,2021-08-23,2021,Q3,8,August,2021-08,34,23,1,Monday,0
20210824,2021-08-24,2021,Q3,8,August,2021-08,34,24,2,Tuesday,0
20210825,2021-08-25,2021,Q3,8,August,2021-08,34,25,3,Wednesday,0
20210826,2021-08-26,2021,Q3,8,August,2021-08,34,26,4,Thursday,0
20210827,2021-08-27,2021,Q3,8,August,2021-08,34,27,5,Friday,0
20210830,2021-08-30,2021,Q3,8,August,2021-08,35,30,1,Monday,0
20210831,2021-08-31,2021,Q3,8,August,2021-08,35,31,2,Tuesday,0
20210901,2021-09-01,2021,Q3,9,September,2021-09,35,1,3,Wednesday,0
20210902,2021-09-02,2021,Q3,9,September,2021-09,35,2,4,Thursday,0
20210903,2021-09-03,2021,Q3,9,September,2021-09,35,3,5,Friday,0
20210906,2021-09-06,2021,Q3,9,September,2021-09,36,6,1,Monday,0
20210907,2021-09-07,2021,Q3,9,September,2021-09,36,7,2,Tuesday,0
20210908,2021-09-08,2021,Q3,9,September,2021-09,36,8,3,Wednesday,0
20210909,2021-09-09,2021,Q3,9,September,2021-09,36,9,4,Thursday,0
20210913,2021-09-13,2021,Q3,9,September,2021-09,37,13,1,Monday,0
20210914,2021-09-14,2021,Q3,9,September,2021-09,37,14,2,Tuesday,0
20210915,2021-09-15,2021,Q3,9,September,2021-09,37,15,3,Wednesday,0
20210916,2021-09-16,2021,Q3,9,September,2021-09,37,16,4,Thursday,0
20210917,2021-09-17,2021,Q3,9,September,2021-09,37,17,5,Friday,0
20210920,2021-09-20,2021,Q3,9,September,2021-09,38,20,1,Monday,0
20210921,2021-09-21,2021,Q3,9,September,2021-09,38,21,2,Tuesday,0
20210922,2021-09-22,2021,Q3,9,September,2021-09,38,22,3,Wednesday,0
20210923,2021-09-23,2021,Q3,9,September,2021-09,38,23,4,Thursday,0
20210924,2021-09-24,2021,Q3,9,September,2021-09,38,24,5,Friday,0
20210927,2021-09-27,2021,Q3,9,September,2021-09,39,27,1,Monday,0
20210928,2021-09-28,2021,Q3,9,September,2021-09,39,28,2,Tuesday,0
20210929,2021-09-29,2021,Q3,9,September,2021-09,39,29,3,Wednesday,0
20210930,2021-09-30,2021,Q3,9,September,2021-09,39,30,4,Thursday,0
20211001,2021-10-01,2021,Q4,10,October,2021-10,39,1,5,Friday,0
20211004,2021-10-04,2021,Q4,10,October,2021-10,40,4,1,Monday,0
20211005,2021-10-05,2021,Q4,10,October,2021-10,40,5,2,Tuesday,0
20211006,2021-10-06,2021,Q4,10,October,2021-10,40,6,3,Wednesday,0
20211007,2021-10-07,2021,Q4,10,October,2021-10,40,7,4,Thursday,0
20211008,2021-10-08,2021,Q4,10,October,2021-10,40,8,5,Friday,0
20211011,2021-10-11,2021,Q4,10,October,2021-10,41,11,1,Monday,0
20211012,2021-10-12,2021,Q4,10,October,2021-10,41,12,2,Tuesday,0
20211013,2021-10-13,2021,Q4,10,October,2021-10,41,13,3,Wednesday,0
20211014,2021-10-14,2021,Q4,10,October,2021-10,41,14,4,Thursday,0
20211018,2021-10-18,2021,Q4,10,October,2021-10,42,18,1,Monday,0
20211019,2021-10-19,2021,Q4,10,October,2021-10,42,19,2,Tuesday,0
20211020,2021-10-20,2021,Q4,10,October,2021-10,42,20,3,Wednesday,0
20211021,2021-10-21,2021,Q4,10,October,2021-10,42,21,4,Thursday,0
20211022,2021-10-22,2021,Q4,10,October,2021-10,42,22,5,Friday,0
20211025,2021-10-25,2021,Q4,10,October,2021-10,43,25,1,Monday,0
20211026,2021-10-26,2021,Q4,10,October,2021-10,43,26,2,Tuesday,0
20211027,2021-10-27,2021,Q4,10,October,2021-10,43,27,3,Wednesday,0
20211028,2021-10-28,2021,Q4,10,October,2021-10,43,28,4,Thursday,0
20211029,2021-10-29,2021,Q4,10,October,2021-10,43,29,5,Friday,0
20211101,2021-11-01,2021,Q4,11,November,2021-11,44,1,1,Monday,0
20211102,2021-11-02,2021,Q4,11,November,2021-11,44,2,2,Tuesday,0
20211103,2021-11-03,2021,Q4,11,November,2021-11,44,3,3,Wednesday,0
20211104,2021-11-04,2021,Q4,11,November,2021-11,44,4,4,Thursday,0
20211108,2021-11-08,2021,Q4,11,November,2021-11,45,8,1,Monday,0
20211109,2021-11-09,2021,Q4,11,November,2021-11,45,9,2,Tuesday,0
20211110,2021-11-10,2021,Q4,11,November,2021-11,45,10,3,Wednesday,0
20211111,2021-11-11,2021,Q4,11,November,2021-11,45,11,4,Thursday,0
20211112,2021-11-12,2021,Q4,11,November,2021-11,45,12,5,Friday,0
20211115,2021-11-15,2021,Q4,11,November,2021-11,46,15,1,Monday,0
20211116,2021-11-16,2021,Q4,11,November,2021-11,46,16,2,Tuesday,0
20211117,2021-11-17,2021,Q4,11,November,2021-11,46,17,3,Wednesday,0
20211118,2021-11-18,2021,Q4,11,November,2021-11,46,18,4,Thursday,0
20211122,2021-11-22,2021,Q4,11,November,2021-11,47,22,1,Monday,0
20211123,2021-11-23,2021,Q4,11,November,2021-11,47,23,2,Tuesday,0
20211124,2021-11-24,2021,Q4,11,November,2021-11,47,24,3,Wednesday,0
20211125,2021-11-25,2021,Q4,11,November,2021-11,47,25,4,Thursday,0
20211126,2021-11-26,2021,Q4,11,November,2021-11,47,26,5,Friday,0
20211129,2021-11-29,2021,Q4,11,November,2021-11,48,29,1,Monday,0
20211130,2021-11-30,2021,Q4,11,November,2021-11,48,30,2,Tuesday,0
20211201,2021-12-01,2021,Q4,12,December,2021-12,48,1,3,Wednesday,0
20211202,2021-12-02,2021,Q4,12,December,2021-12,48,2,4,Thursday,0
20211203,2021-12-03,2021,Q4,12,December,2021-12,48,3,5,Friday,0
20211206,2021-12-06,2021,Q4,12,December,2021-12,49,6,1,Monday,0
20211207,2021-12-07,2021,Q4,12,December,2021-12,49,7,2,Tuesday,0
20211208,2021-12-08,2021,Q4,12,December,2021-12,49,8,3,Wednesday,0
20211209,2021-12-09,2021,Q4,12,December,2021-12,49,9,4,Thursday,0
20211210,2021-12-10,2021,Q4,12,December,2021-12,49,10,5,Friday,0
20211213,2021-12-13,2021,Q4,12,December,2021-12,50,13,1,Monday,0
20211214,2021-12-14,2021,Q4,12,December,2021-12,50,14,2,Tuesday,0
20211215,2021-12-15,2021,Q4,12,December,2021-12,50,15,3,Wednesday,0
20211216,2021-12-16,2021,Q4,12,December,2021-12,50,16,4,Thursday,0
20211217,2021-12-17,2021,Q4,12,December,2021-12,50,17,5,Friday,0
20211220,2021-12-20,2021,Q4,12,December,2021-12,51,20,1,Monday,0
20211221,2021-12-21,2021,Q4,12,December,2021-12,51,21,2,Tuesday,0
20211222,2021-12-22,2021,Q4,12,December,2021-12,51,22,3,Wednesday,0
20211223,2021-12-23,2021,Q4,12,December,2021-12,51,23,4,Thursday,0
20211224,2021-12-24,2021,Q4,12,December,2021-12,51,24,5,Friday,0
20211227,2021-12-27,2021,Q4,12,December,2021-12,52,27,1,Monday,0
20211228,2021-12-28,2021,Q4,12,December,2021-12,52,28,2,Tuesday,0
20211229,2021-12-29,2021,Q4,12,December,2021-12,52,29,3,Wednesday,0
20211230,2021-12-30,2021,Q4,12,December,2021-12,52,30,4,Thursday,0
20211231,2021-12-31,2021,Q4,12,December,2021-12,52,31,5,Friday,0
20220103,2022-01-03,2022,Q1,1,January,2022-01,1,3,1,Monday,0
20220104,2022-01-04,2022,Q1,1,January,2022-01,1,4,2,Tuesday,0
20220105,2022-01-05,2022,Q1,1,January,2022-01,1,5,3,Wednesday,0
20220106,2022-01-06,2022,Q1,1,January,2022-01,1,6,4,Thursday,0
20220107,2022-01-07,2022,Q1,1,January,2022-01,1,7,5,Friday,0
20220110,2022-01-10,2022,Q1,1,January,2022-01,2,10,1,Monday,0
20220111,2022-01-11,2022,Q1,1,January,2022-01,2,11,2,Tuesday,0
20220112,2022-01-12,2022,Q1,1,January,2022-01,2,12,3,Wednesday,0
20220113,2022-01-13,2022,Q1,1,January,2022-01,2,13,4,Thursday,0
20220114,2022-01-14,2022,Q1,1,January,2022-01,2,14,5,Friday,0
20220117,2022-01-17,2022,Q1,1,January,2022-01,3,17,1,Monday,0
20220118,2022-01-18,2022,Q1,1,January,2022-01,3,18,2,Tuesday,0
20220119,2022-01-19,2022,Q1,1,January,2022-01,3,19,3,Wednesday,0
20220120,2022-01-20,2022,Q1,1,January,2022-01,3,20,4,Thursday,0
20220121,2022-01-21,2022,Q1,1,January,2022-01,3,21,5,Friday,0
20220124,2022-01-24,2022,Q1,1,January,2022-01,4,24,1,Monday,0
20220125,2022-01-25,2022,Q1,1,January,2022-01,4,25,2,Tuesday,0
20220127,2022-01-27,2022,Q1,1,January,2022-01,4,27,4,Thursday,0
20220128,2022-01-28,2022,Q1,1,January,2022-01,4,28,5,Friday,0
20220131,2022-01-31,2022,Q1,1,January,2022-01,5,31,1,Monday,0
20220201,2022-02-01,2022,Q1,2,February,2022-02,5,1,2,Tuesday,0
20220202,2022-02-02,2022,Q1,2,February,2022-02,5,2,3,Wednesday,0
20220203,2022-02-03,2022,Q1,2,February,2022-02,5,3,4,Thursday,0
20220204,2022-02-04,2022,Q1,2,February,2022-02,5,4,5,Friday,0
20220207,2022-02-07,2022,Q1,2,February,2022-02,6,7,1,Monday,0
20220208,2022-02-08,2022,Q1,2,February,2022-02,6,8,2,Tuesday,0
20220209,2022-02-09,2022,Q1,2,February,2022-02,6,9,3,Wednesday,0
20220210,2022-02-10,2022,Q1,2,February,2022-02,6,10,4,Thursday,0
20220211,2022-02-11,2022,Q1,2,February,2022-02,6,11,5,Friday,0
20220214,2022-02-14,2022,Q1,2,February,2022-02,7,14,1,Monday,0
20220215,2022-02-15,2022,Q1,2,February,2022-02,7,15,2,Tuesday,0
20220216,2022-02-16,2022,Q1,2,February,2022-02,7,16,3,Wednesday,0
20220217,2022-02-17,2022,Q1,2,February,2022-02,7,17,4,Thursday,0
20220218,2022-02-18,2022,Q1,2,February,2022-02,7,18,5,Friday,0
20220221,2022-02-21,2022,Q1,2,February,2022-02,8,21,1,Monday,0
20220222,2022-02-22,2022,Q1,2,February,2022-02,8,22,2,Tuesday,0
20220223,2022-02-23,2022,Q1,2,February,2022-02,8,23,3,Wednesday,0
20220224,2022-02-24,2022,Q1,2,February,2022-02,8,24,4,Thursday,0
20220225,2022-02-25,2022,Q1,2,February,2022-02,8,25,5,Friday,0
20220228,2022-02-28,2022,Q1,2,February,2022-02,9,28,1,Monday,0
20220302,2022-03-02,2022,Q1,3,March,2022-03,9,2,3,Wednesday,0
20220303,2022-03-03,2022,Q1,3,March,2022-03,9,3,4,Thursday,0
20220304,2022-03-04,2022,Q1,3,March,2022-03,9,4,5,Friday,0
20220307,2022-03-07,2022,Q1,3,March,2022-03,10,7,1,Monday,0
20220308,2022-03-08,2022,Q1,3,March,2022-03,10,8,2,Tuesday,0
20220309,2022-03-09,2022,Q1,3,March,2022-03,10,9,3,Wednesday,0
20220310,2022-03-10,2022,Q1,3,March,2022-03,10,10,4,Thursday,0
20220311,2022-03-11,2022,Q1,3,March,2022-03,10,11,5,Friday,0
20220314,2022-03-14,2022,Q1,3,March,2022-03,11,14,1,Monday,0
20220315,2022-03-15,2022,Q1,3,March,2022-03,11,15,2,Tuesday,0
20220316,2022-03-16,2022,Q1,3,March,2022-03,11,16,3,Wednesday,0
20220317,2022-03-17,2022,Q1,3,March,2022-03,11,17,4,Thursday,0
20220321,2022-03-21,2022,Q1,3,March,2022-03,12,21,1,Monday,0
20220322,2022-03-22,2022,Q1,3,March,2022-03,12,22,2,Tuesday,0
20220323,2022-03-23,2022,Q1,3,March,2022-03,12,23,3,Wednesday,0
20220324,2022-03-24,2022,Q1,3,March,2022-03,12,24,4,Thursday,0
20220325,2022-03-25,2022,Q1,3,March,2022-03,12,25,5,Friday,0
20220328,2022-03-28,2022,Q1,3,March,2022-03,13,28,1,Monday,0
20220329,2022-03-29,2022,Q1,3,March,2022-03,13,29,2,Tuesday,0
20220330,2022-03-30,2022,Q1,3,March,2022-03,13,30,3,Wednesday,0
20220331,2022-03-31,2022,Q1,3,March,2022-03,13,31,4,Thursday,0
20220401,2022-04-01,2022,Q2,4,April,2022-04,13,1,5,Friday,0
20220404,2022-04-04,2022,Q2,4,April,2022-04,14,4,1,Monday,0
20220405,2022-04-05,2022,Q2,4,April,2022-04,14,5,2,Tuesday,0
20220406,2022-04-06,2022,Q2,4,April,2022-04,14,6,3,Wednesday,0
20220407,2022-04-07,2022,Q2,4,April,2022-04,14,7,4,Thursday,0
20220408,2022-04-08,2022,Q2,4,April,2022-04,14,8,5,Friday,0
20220411,2022-04-11,2022,Q2,4,April,2022-04,15,11,1,Monday,0
20220412,2022-04-12,2022,Q2,4,April,2022-04,15,12,2,Tuesday,0
20220413,2022-04-13,2022,Q2,4,April,2022-04,15,13,3,Wednesday,0
20220418,2022-04-18,2022,Q2,4,April,2022-04,16,18,1,Monday,0
20220419,2022-04-19,2022,Q2,4,April,2022-04,16,19,2,Tuesday,0
20220420,2022-04-20,2022,Q2,4,April,2022-04,16,20,3,Wednesday,0
20220421,2022-04-21,2022,Q2,4,April,2022-04,16,21,4,Thursday,0
20220422,2022-04-22,2022,Q2,4,April,2022-04,16,22,5,Friday,0
20220425,2022-04-25,2022,Q2,4,April,2022-04,17,25,1,Monday,0
20220426,2022-04-26,2022,Q2,4,April,2022-04,17,26,2,Tuesday,0
20220427,2022-04-27,2022,Q2,4,April,2022-04,17,27,3,Wednesday,0
20220428,2022-04-28,2022,Q2,4,April,2022-04,17,28,4,Thursday,0
20220429,2022-04-29,2022,Q2,4,April,2022-04,17,29,5,Friday,0
20220502,2022-05-02,2022,Q2,5,May,2022-05,18,2,1,Monday,0
20220504,2022-05-04,2022,Q2,5,May,2022-05,18,4,3,Wednesday,0
20220505,2022-05-05,2022,Q2,5,May,2022-05,18,5,4,Thursday,0
20220506,2022-05-06,2022,Q2,5,May,2022-05,18,6,5,Friday,0
20220509,2022-05-09,2022,Q2,5,May,2022-05,19,9,1,Monday,0
20220510,2022-05-10,2022,Q2,5,May,2022-05,19,10,2,Tuesday,0
20220511,2022-05-11,2022,Q2,5,May,2022-05,19,11,3,Wednesday,0
20220512,2022-05-12,2022,Q2,5,May,2022-05,19,12,4,Thursday,0
20220513,2022-05-13,2022,Q2,5,May,2022-05,19,13,5,Friday,0
20220516,2022-05-16,2022,Q2,5,May,2022-05,20,16,1,Monday,0
20220517,2022-05-17,2022,Q2,5,May,2022-05,20,17,2,Tuesday,0
20220518,2022-05-18,2022,Q2,5,May,2022-05,20,18,3,Wednesday,0
20220519,2022-05-19,2022,Q2,5,May,2022-05,20,19,4,Thursday,0
20220520,2022-05-20,2022,Q2,5,May,2022-05,20,20,5,Friday,0
20220523,2022-05-23,2022,Q2,5,May,2022-05,21,23,1,Monday,0
20220524,2022-05-24,2022,Q2,5,May,2022-05,21,24,2,Tuesday,0
20220525,2022-05-25,2022,Q2,5,May,2022-05,21,25,3,Wednesday,0
20220526,2022-05-26,2022,Q2,5,May,2022-05,21,26,4,Thursday,0
20220527,2022-05-27,2022,Q2,5,May,2022-05,21,27,5,Friday,0
20220530,2022-05-30,2022,Q2,5,May,2022-05,22,30,1,Monday,0
20220531,2022-05-31,2022,Q2,5,May,2022-05,22,31,2,Tuesday,0
20220601,2022-06-01,2022,Q2,6,June,2022-06,22,1,3,Wednesday,0
20220602,2022-06-02,2022,Q2,6,June,2022-06,22,2,4,Thursday,0
20220603,2022-06-03,2022,Q2,6,June,2022-06,22,3,5,Friday,0
20220606,2022-06-06,2022,Q2,6,June,2022-06,23,6,1,Monday,0
20220607,2022-06-07,2022,Q2,6,June,2022-06,23,7,2,Tuesday,0
20220608,2022-06-08,2022,Q2,6,June,2022-06,23,8,3,Wednesday,0
20220609,2022-06-09,2022,Q2,6,June,2022-06,23,9,4,Thursday,0
20220610,2022-06-10,2022,Q2,6,June,2022-06,23,10,5,Friday,0
20220613,2022-06-13,2022,Q2,6,June,2022-06,24,13,1,Monday,0
20220614,2022-06-14,2022,Q2,6,June,2022-06,24,14,2,Tuesday,0
20220615,2022-06-15,2022,Q2,6,June,2022-06,24,15,3,Wednesday,0
20220616,2022-06-16,2022,Q2,6,June,2022-06,24,16,4,Thursday,0
20220617,2022-06-17,2022,Q2,6,June,2022-06,24,17,5,Friday,0
20220620,2022-06-20,2022,Q2,6,June,2022-06,25,20,1,Monday,0
20220621,2022-06-21,2022,Q2,6,June,2022-06,25,21,2,Tuesday,0
20220622,2022-06-22,2022,Q2,6,June,2022-06,25,22,3,Wednesday,0
20220623,2022-06-23,2022,Q2,6,June,2022-06,25,23,4,Thursday,0
20220624,2022-06-24,2022,Q2,6,June,2022-06,25,24,5,Friday,0
20220627,2022-06-27,2022,Q2,6,June,2022-06,26,27,1,Monday,0
20220628,2022-06-28,2022,Q2,6,June,2022-06,26,28,2,Tuesday,0
20220629,2022-06-29,2022,Q2,6,June,2022-06,26,29,3,Wednesday,0
20220630,2022-06-30,2022,Q2,6,June,2022-06,26,30,4,Thursday,0
20220701,2022-07-01,2022,Q3,7,July,2022-07,26,1,5,Friday,0
20220704,2022-07-04,2022,Q3,7,July,2022-07,27,4,1,Monday,0
20220705,2022-07-05,2022,Q3,7,July,2022-07,27,5,2,Tuesday,0
20220706,2022-07-06,2022,Q3,7,July,2022-07,27,6,3,Wednesday,0
20220707,2022-07-07,2022,Q3,7,July,2022-07,27,7,4,Thursday,0
20220708,2022-07-08,2022,Q3,7,July,2022-07,27,8,5,Friday,0
20220711,2022-07-11,2022,Q3,7,July,2022-07,28,11,1,Monday,0
20220712,2022-07-12,2022,Q3,7,July,2022-07,28,12,2,Tuesday,0
20220713,2022-07-13,2022,Q3,7,July,2022-07,28,13,3,Wednesday,0
20220714,2022-07-14,2022,Q3,7,July,2022-07,28,14,4,Thursday,0
20220715,2022-07-15,2022,Q3,7,July,2022-07,28,15,5,Friday,0
20220718,2022-07-18,2022,Q3,7,July,2022-07,29,18,1,Monday,0
20220719,2022-07-19,2022,Q3,7,July,2022-07,29,19,2,Tuesday,0
20220720,2022-07-20,2022,Q3,7,July,2022-07,29,20,3,Wednesday,0
20220721,2022-07-21,2022,Q3,7,July,2022-07,29,21,4,Thursday,0
20220722,2022-07-22,2022,Q3,7,July,2022-07,29,22,5,Friday,0
20220725,2022-07-25,2022,Q3,7,July,2022-07,30,25,1,Monday,0
20220726,2022-07-26,2022,Q3,7,July,2022-07,30,26,2,Tuesday,0
20220727,2022-07-27,2022,Q3,7,July,2022-07,30,27,3,Wednesday,0
20220728,2022-07-28,2022,Q3,7,July,2022-07,30,28,4,Thursday,0
20220729,2022-07-29,2022,Q3,7,July,2022-07,30,29,5,Friday,0
20220801,2022-08-01,2022,Q3,8,August,2022-08,31,1,1,Monday,0
20220802,2022-08-02,2022,Q3,8,August,2022-08,31,2,2,Tuesday,0
20220803,2022-08-03,2022,Q3,8,August,2022-08,31,3,3,Wednesday,0
20220804,2022-08-04,2022,Q3,8,August,2022-08,31,4,4,Thursday,0
20220805,2022-08-05,2022,Q3,8,August,2022-08,31,5,5,Friday,0
20220808,2022-08-08,2022,Q3,8,August,2022-08,32,8,1,Monday,0
20220810,2022-08-10,2022,Q3,8,August,2022-08,32,10,3,Wednesday,0
20220811,2022-08-11,2022,Q3,8,August,2022-08,32,11,4,Thursday,0
20220812,2022-08-12,2022,Q3,8,August,2022-08,32,12,5,Friday,0
20220816,2022-08-16,2022,Q3,8,August,2022-08,33,16,2,Tuesday,0
20220817,2022-08-17,2022,Q3,8,August,2022-08,33,17,3,Wednesday,0
20220818,2022-08-18,2022,Q3,8,August,2022-08,33,18,4,Thursday,0
20220819,2022-08-19,2022,Q3,8,August,2022-08,33,19,5,Friday,0
20220822,2022-08-22,2022,Q3,8,August,2022-08,34,22,1,Monday,0
20220823,2022-08-23,2022,Q3,8,August,2022-08,34,23,2,Tuesday,0
20220824,2022-08-24,2022,Q3,8,August,2022-08,34,24,3,Wednesday,0
20220825,2022-08-25,2022,Q3,8,August,2022-08,34,25,4,Thursday,0
20220826,2022-08-26,2022,Q3,8,August,2022-08,34,26,5,Friday,0
20220829,2022-08-29,2022,Q3,8,August,2022-08,35,29,1,Monday,0
20220830,2022-08-30,2022,Q3,8,August,2022-08,35,30,2,Tuesday,0
20220901,2022-09-01,2022,Q3,9,September,2022-09,35,1,4,Thursday,0
20220902,2022-09-02,2022,Q3,9,September,2022-09,35,2,5,Friday,0
20220905,2022-09-05,2022,Q3,9,September,2022-09,36,5,1,Monday,0
20220906,2022-09-06,2022,Q3,9,September,2022-09,36,6,2,Tuesday,0
20220907,2022-09-07,2022,Q3,9,September,2022-09,36,7,3,Wednesday,0
20220908,2022-09-08,2022,Q3,9,September,2022-09,36,8,4,Thursday,0
20220909,2022-09-09,2022,Q3,9,September,2022-09,36,9,5,Friday,0
20220912,2022-09-12,2022,Q3,9,September,2022-09,37,12,1,Monday,0
20220913,2022-09-13,2022,Q3,9,September,2022-09,37,13,2,Tuesday,0
20220914,2022-09-14,2022,Q3,9,September,2022-09,37,14,3,Wednesday,0
20220915,2022-09-15,2022,Q3,9,September,2022-09,37,15,4,Thursday,0
20220916,2022-09-16,2022,Q3,9,September,2022-09,37,16,5,Friday,0
20220919,2022-09-19,2022,Q3,9,September,2022-09,38,19,1,Monday,0
20220920,2022-09-20,2022,Q3,9,September,2022-09,38,20,2,Tuesday,0
20220921,2022-09-21,2022,Q3,9,September,2022-09,38,21,3,Wednesday,0
20220922,2022-09-22,2022,Q3,9,September,2022-09,38,22,4,Thursday,0
20220923,2022-09-23,2022,Q3,9,September,2022-09,38,23,5,Friday,0
20220926,2022-09-26,2022,Q3,9,September,2022-09,39,26,1,Monday,0
20220927,2022-09-27,2022,Q3,9,September,2022-09,39,27,2,Tuesday,0
20220928,2022-09-28,2022,Q3,9,September,2022-09,39,28,3,Wednesday,0
20220929,2022-09-29,2022,Q3,9,September,2022-09,39,29,4,Thursday,0
20220930,2022-09-30,2022,Q3,9,September,2022-09,39,30,5,Friday,0
20221003,2022-10-03,2022,Q4,10,October,2022-10,40,3,1,Monday,0
20221004,2022-10-04,2022,Q4,10,October,2022-10,40,4,2,Tuesday,0
20221006,2022-10-06,2022,Q4,10,October,2022-10,40,6,4,Thursday,0
20221007,2022-10-07,2022,Q4,10,October,2022-10,40,7,5,Friday,0
20221010,2022-10-10,2022,Q4,10,October,2022-10,41,10,1,Monday,0
20221011,2022-10-11,2022,Q4,10,October,2022-10,41,11,2,Tuesday,0
20221012,2022-10-12,2022,Q4,10,October,2022-10,41,12,3,Wednesday,0
20221013,2022-10-13,2022,Q4,10,October,2022-10,41,13,4,Thursday,0
20221014,2022-10-14,2022,Q4,10,October,2022-10,41,14,5,Friday,0
20221017,2022-10-17,2022,Q4,10,October,2022-10,42,17,1,Monday,0
20221018,2022-10-18,2022,Q4,10,October,2022-10,42,18,2,Tuesday,0
20221019,2022-10-19,2022,Q4,10,October,2022-10,42,19,3,Wednesday,0
20221020,2022-10-20,2022,Q4,10,October,2022-10,42,20,4,Thursday,0
20221021,2022-10-21,2022,Q4,10,October,2022-10,42,21,5,Friday,0
20221024,2022-10-24,2022,Q4,10,October,2022-10,43,24,1,Monday,0
20221025,2022-10-25,2022,Q4,10,October,2022-10,43,25,2,Tuesday,0
20221027,2022-10-27,2022,Q4,10,October,2022-10,43,27,4,Thursday,0
20221028,2022-10-28,2022,Q4,10,October,2022-10,43,28,5,Friday,0
20221031,2022-10-31,2022,Q4,10,October,2022-10,44,31,1,Monday,0
20221101,2022-11-01,2022,Q4,11,November,2022-11,44,1,2,Tuesday,0
20221102,2022-11-02,2022,Q4,11,November,2022-11,44,2,3,Wednesday,0
20221103,2022-11-03,2022,Q4,11,November,2022-11,44,3,4,Thursday,0
20221104,2022-11-04,2022,Q4,11,November,2022-11,44,4,5,Friday,0
20221107,2022-11-07,2022,Q4,11,November,2022-11,45,7,1,Monday,0
20221109,2022-11-09,2022,Q4,11,November,2022-11,45,9,3,Wednesday,0
20221110,2022-11-10,2022,Q4,11,November,2022-11,45,10,4,Thursday,0
20221111,2022-11-11,2022,Q4,11,November,2022-11,45,11,5,Friday,0
20221114,2022-11-14,2022,Q4,11,November,2022-11,46,14,1,Monday,0
20221115,2022-11-15,2022,Q4,11,November,2022-11,46,15,2,Tuesday,0
20221116,2022-11-16,2022,Q4,11,November,2022-11,46,16,3,Wednesday,0
20221117,2022-11-17,2022,Q4,11,November,2022-11,46,17,4,Thursday,0
20221118,2022-11-18,2022,Q4,11,November,2022-11,46,18,5,Friday,0
20221121,2022-11-21,2022,Q4,11,November,2022-11,47,21,1,Monday,0
20221122,2022-11-22,2022,Q4,11,November,2022-11,47,22,2,Tuesday,0
20221123,2022-11-23,2022,Q4,11,November,2022-11,47,23,3,Wednesday,0
20221124,2022-11-24,2022,Q4,11,November,2022-11,47,24,4,Thursday,0
20221125,2022-11-25,2022,Q4,11,November,2022-11,47,25,5,Friday,0
20221128,2022-11-28,2022,Q4,11,November,2022-11,48,28,1,Monday,0
20221129,2022-11-29,2022,Q4,11,November,2022-11,48,29,2,Tuesday,0
20221130,2022-11-30,2022,Q4,11,November,2022-11,48,30,3,Wednesday,0
20221201,2022-12-01,2022,Q4,12,December,2022-12,48,1,4,Thursday,0
20221202,2022-12-02,2022,Q4,12,December,2022-12,48,2,5,Friday,0
20221205,2022-12-05,2022,Q4,12,December,2022-12,49,5,1,Monday,0
20221206,2022-12-06,2022,Q4,12,December,2022-12,49,6,2,Tuesday,0
20221207,2022-12-07,2022,Q4,12,December,2022-12,49,7,3,Wednesday,0
20221208,2022-12-08,2022,Q4,12,December,2022-12,49,8,4,Thursday,0
20221209,2022-12-09,2022,Q4,12,December,2022-12,49,9,5,Friday,0
20221212,2022-12-12,2022,Q4,12,December,2022-12,50,12,1,Monday,0
20221213,2022-12-13,2022,Q4,12,December,2022-12,50,13,2,Tuesday,0
20221214,2022-12-14,2022,Q4,12,December,2022-12,50,14,3,Wednesday,0
20221215,2022-12-15,2022,Q4,12,December,2022-12,50,15,4,Thursday,0
20221216,2022-12-16,2022,Q4,12,December,2022-12,50,16,5,Friday,0
20221219,2022-12-19,2022,Q4,12,December,2022-12,51,19,1,Monday,0
20221220,2022-12-20,2022,Q4,12,December,2022-12,51,20,2,Tuesday,0
20221221,2022-12-21,2022,Q4,12,December,2022-12,51,21,3,Wednesday,0
20221222,2022-12-22,2022,Q4,12,December,2022-12,51,22,4,Thursday,0
20221223,2022-12-23,2022,Q4,12,December,2022-12,51,23,5,Friday,0
20221226,2022-12-26,2022,Q4,12,December,2022-12,52,26,1,Monday,0
20221227,2022-12-27,2022,Q4,12,December,2022-12,52,27,2,Tuesday,0
20221228,2022-12-28,2022,Q4,12,December,2022-12,52,28,3,Wednesday,0
20221229,2022-12-29,2022,Q4,12,December,2022-12,52,29,4,Thursday,0
20221230,2022-12-30,2022,Q4,12,December,2022-12,52,30,5,Friday,0
20230102,2023-01-02,2023,Q1,1,January,2023-01,1,2,1,Monday,0
20230103,2023-01-03,2023,Q1,1,January,2023-01,1,3,2,Tuesday,0
20230104,2023-01-04,2023,Q1,1,January,2023-01,1,4,3,Wednesday,0
20230105,2023-01-05,2023,Q1,1,January,2023-01,1,5,4,Thursday,0
20230106,2023-01-06,2023,Q1,1,January,2023-01,1,6,5,Friday,0
20230109,2023-01-09,2023,Q1,1,January,2023-01,2,9,1,Monday,0
20230110,2023-01-10,2023,Q1,1,January,2023-01,2,10,2,Tuesday,0
20230111,2023-01-11,2023,Q1,1,January,2023-01,2,11,3,Wednesday,0
20230112,2023-01-12,2023,Q1,1,January,2023-01,2,12,4,Thursday,0
20230113,2023-01-13,2023,Q1,1,January,2023-01,2,13,5,Friday,0
20230116,2023-01-16,2023,Q1,1,January,2023-01,3,16,1,Monday,0
20230117,2023-01-17,2023,Q1,1,January,2023-01,3,17,2,Tuesday,0
20230118,2023-01-18,2023,Q1,1,January,2023-01,3,18,3,Wednesday,0
20230119,2023-01-19,2023,Q1,1,January,2023-01,3,19,4,Thursday,0
20230120,2023-01-20,2023,Q1,1,January,2023-01,3,20,5,Friday,0
20230123,2023-01-23,2023,Q1,1,January,2023-01,4,23,1,Monday,0
20230124,2023-01-24,2023,Q1,1,January,2023-01,4,24,2,Tuesday,0
20230125,2023-01-25,2023,Q1,1,January,2023-01,4,25,3,Wednesday,0
20230127,2023-01-27,2023,Q1,1,January,2023-01,4,27,5,Friday,0
20230130,2023-01-30,2023,Q1,1,January,2023-01,5,30,1,Monday,0
20230131,2023-01-31,2023,Q1,1,January,2023-01,5,31,2,Tuesday,0
20230201,2023-02-01,2023,Q1,2,February,2023-02,5,1,3,Wednesday,0
20230202,2023-02-02,2023,Q1,2,February,2023-02,5,2,4,Thursday,0
20230203,2023-02-03,2023,Q1,2,February,2023-02,5,3,5,Friday,0
20230206,2023-02-06,2023,Q1,2,February,2023-02,6,6,1,Monday,0
20230207,2023-02-07,2023,Q1,2,February,2023-02,6,7,2,Tuesday,0
20230208,2023-02-08,2023,Q1,2,February,2023-02,6,8,3,Wednesday,0
20230209,2023-02-09,2023,Q1,2,February,2023-02,6,9,4,Thursday,0
20230210,2023-02-10,2023,Q1,2,February,2023-02,6,10,5,Friday,0
20230213,2023-02-13,2023,Q1,2,February,2023-02,7,13,1,Monday,0
20230214,2023-02-14,2023,Q1,2,February,2023-02,7,14,2,Tuesday,0
20230215,2023-02-15,2023,Q1,2,February,2023-02,7,15,3,Wednesday,0
20230216,2023-02-16,2023,Q1,2,February,2023-02,7,16,4,Thursday,0
20230217,2023-02-17,2023,Q1,2,February,2023-02,7,17,5,Friday,0
20230220,2023-02-20,2023,Q1,2,February,2023-02,8,20,1,Monday,0
20230221,2023-02-21,2023,Q1,2,February,2023-02,8,21,2,Tuesday,0
20230222,2023-02-22,2023,Q1,2,February,2023-02,8,22,3,Wednesday,0
20230223,2023-02-23,2023,Q1,2,February,2023-02,8,23,4,Thursday,0
20230224,2023-02-24,2023,Q1,2,February,2023-02,8,24,5,Friday,0
20230227,2023-02-27,2023,Q1,2,February,2023-02,9,27,1,Monday,0
20230228,2023-02-28,2023,Q1,2,February,2023-02,9,28,2,Tuesday,0
20230301,2023-03-01,2023,Q1,3,March,2023-03,9,1,3,Wednesday,0
20230302,2023-03-02,2023,Q1,3,March,2023-03,9,2,4,Thursday,0
20230303,2023-03-03,2023,Q1,3,March,2023-03,9,3,5,Friday,0
20230306,2023-03-06,2023,Q1,3,March,2023-03,10,6,1,Monday,0
20230308,2023-03-08,2023,Q1,3,March,2023-03,10,8,3,Wednesday,0
20230309,2023-03-09,2023,Q1,3,March,2023-03,10,9,4,Thursday,0
20230310,2023-03-10,2023,Q1,3,March,2023-03,10,10,5,Friday,0
20230313,2023-03-13,2023,Q1,3,March,2023-03,11,13,1,Monday,0
20230314,2023-03-14,2023,Q1,3,March,2023-03,11,14,2,Tuesday,0
20230315,2023-03-15,2023,Q1,3,March,2023-03,11,15,3,Wednesday,0
20230316,2023-03-16,2023,Q1,3,March,2023-03,11,16,4,Thursday,0
20230317,2023-03-17,2023,Q1,3,March,2023-03,11,17,5,Friday,0
20230320,2023-03-20,2023,Q1,3,March,2023-03,12,20,1,Monday,0
20230321,2023-03-21,2023,Q1,3,March,2023-03,12,21,2,Tuesday,0
20230322,2023-03-22,2023,Q1,3,March,2023-03,12,22,3,Wednesday,0
20230323,2023-03-23,2023,Q1,3,March,2023-03,12,23,4,Thursday,0
20230324,2023-03-24,2023,Q1,3,March,2023-03,12,24,5,Friday,0
20230327,2023-03-27,2023,Q1,3,March,2023-03,13,27,1,Monday,0
20230328,2023-03-28,2023,Q1,3,March,2023-03,13,28,2,Tuesday,0
20230329,2023-03-29,2023,Q1,3,March,2023-03,13,29,3,Wednesday,0
20230331,2023-03-31,2023,Q1,3,March,2023-03,13,31,5,Friday,0
20230403,2023-04-03,2023,Q2,4,April,2023-04,14,3,1,Monday,0
20230405,2023-04-05,2023,Q2,4,April,2023-04,14,5,3,Wednesday,0
20230406,2023-04-06,2023,Q2,4,April,2023-04,14,6,4,Thursday,0
20230410,2023-04-10,2023,Q2,4,April,2023-04,15,10,1,Monday,0
20230411,2023-04-11,2023,Q2,4,April,2023-04,15,11,2,Tuesday,0
20230412,2023-04-12,2023,Q2,4,April,2023-04,15,12,3,Wednesday,0
20230413,2023-04-13,2023,Q2,4,April,2023-04,15,13,4,Thursday,0
20230417,2023-04-17,2023,Q2,4,April,2023-04,16,17,1,Monday,0
20230418,2023-04-18,2023,Q2,4,April,2023-04,16,18,2,Tuesday,0
20230419,2023-04-19,2023,Q2,4,April,2023-04,16,19,3,Wednesday,0
20230420,2023-04-20,2023,Q2,4,April,2023-04,16,20,4,Thursday,0
20230421,2023-04-21,2023,Q2,4,April,2023-04,16,21,5,Friday,0
20230424,2023-04-24,2023,Q2,4,April,2023-04,17,24,1,Monday,0
20230425,2023-04-25,2023,Q2,4,April,2023-04,17,25,2,Tuesday,0
20230426,2023-04-26,2023,Q2,4,April,2023-04,17,26,3,Wednesday,0
20230427,2023-04-27,2023,Q2,4,April,2023-04,17,27,4,Thursday,0
20230428,2023-04-28,2023,Q2,4,April,2023-04,17,28,5,Friday,0
20230502,2023-05-02,2023,Q2,5,May,2023-05,18,2,2,Tuesday,0
20230503,2023-05-03,2023,Q2,5,May,2023-05,18,3,3,Wednesday,0
20230504,2023-05-04,2023,Q2,5,May,2023-05,18,4,4,Thursday,0
20230505,2023-05-05,2023,Q2,5,May,2023-05,18,5,5,Friday,0
20230508,2023-05-08,2023,Q2,5,May,2023-05,19,8,1,Monday,0
20230509,2023-05-09,2023,Q2,5,May,2023-05,19,9,2,Tuesday,0
20230510,2023-05-10,2023,Q2,5,May,2023-05,19,10,3,Wednesday,0
20230511,2023-05-11,2023,Q2,5,May,2023-05,19,11,4,Thursday,0
20230512,2023-05-12,2023,Q2,5,May,2023-05,19,12,5,Friday,0
20230515,2023-05-15,2023,Q2,5,May,2023-05,20,15,1,Monday,0
20230516,2023-05-16,2023,Q2,5,May,2023-05,20,16,2,Tuesday,0
20230517,2023-05-17,2023,Q2,5,May,2023-05,20,17,3,Wednesday,0
20230518,2023-05-18,2023,Q2,5,May,2023-05,20,18,4,Thursday,0
20230519,2023-05-19,2023,Q2,5,May,2023-05,20,19,5,Friday,0
20230522,2023-05-22,2023,Q2,5,May,2023-05,21,22,1,Monday,0
20230523,2023-05-23,2023,Q2,5,May,2023-05,21,23,2,Tuesday,0
20230524,2023-05-24,2023,Q2,5,May,2023-05,21,24,3,Wednesday,0
20230525,2023-05-25,2023,Q2,5,May,2023-05,21,25,4,Thursday,0
20230526,2023-05-26,2023,Q2,5,May,2023-05,21,26,5,Friday,0
20230529,2023-05-29,2023,Q2,5,May,2023-05,22,29,1,Monday,0
20230530,2023-05-30,2023,Q2,5,May,2023-05,22,30,2,Tuesday,0
20230531,2023-05-31,2023,Q2,5,May,2023-05,22,31,3,Wednesday,0
20230601,2023-06-01,2023,Q2,6,June,2023-06,22,1,4,Thursday,0
20230602,2023-06-02,2023,Q2,6,June,2023-06,22,2,5,Friday,0
20230605,2023-06-05,2023,Q2,6,June,2023-06,23,5,1,Monday,0
20230606,2023-06-06,2023,Q2,6,June,2023-06,23,6,2,Tuesday,0
20230607,2023-06-07,2023,Q2,6,June,2023-06,23,7,3,Wednesday,0
20230608,2023-06-08,2023,Q2,6,June,2023-06,23,8,4,Thursday,0
20230609,2023-06-09,2023,Q2,6,June,2023-06,23,9,5,Friday,0
20230612,2023-06-12,2023,Q2,6,June,2023-06,24,12,1,Monday,0
20230613,2023-06-13,2023,Q2,6,June,2023-06,24,13,2,Tuesday,0
20230614,2023-06-14,2023,Q2,6,June,2023-06,24,14,3,Wednesday,0
20230615,2023-06-15,2023,Q2,6,June,2023-06,24,15,4,Thursday,0
20230616,2023-06-16,2023,Q2,6,June,2023-06,24,16,5,Friday,0
20230619,2023-06-19,2023,Q2,6,June,2023-06,25,19,1,Monday,0
20230620,2023-06-20,2023,Q2,6,June,2023-06,25,20,2,Tuesday,0
20230621,2023-06-21,2023,Q2,6,June,2023-06,25,21,3,Wednesday,0
20230622,2023-06-22,2023,Q2,6,June,2023-06,25,22,4,Thursday,0
20230623,2023-06-23,2023,Q2,6,June,2023-06,25,23,5,Friday,0
20230626,2023-06-26,2023,Q2,6,June,2023-06,26,26,1,Monday,0
20230627,2023-06-27,2023,Q2,6,June,2023-06,26,27,2,Tuesday,0
20230628,2023-06-28,2023,Q2,6,June,2023-06,26,28,3,Wednesday,0
20230630,2023-06-30,2023,Q2,6,June,2023-06,26,30,5,Friday,0
20230703,2023-07-03,2023,Q3,7,July,2023-07,27,3,1,Monday,0
20230704,2023-07-04,2023,Q3,7,July,2023-07,27,4,2,Tuesday,0
20230705,2023-07-05,2023,Q3,7,July,2023-07,27,5,3,Wednesday,0
20230706,2023-07-06,2023,Q3,7,July,2023-07,27,6,4,Thursday,0
20230707,2023-07-07,2023,Q3,7,July,2023-07,27,7,5,Friday,0
20230710,2023-07-10,2023,Q3,7,July,2023-07,28,10,1,Monday,0
20230711,2023-07-11,2023,Q3,7,July,2023-07,28,11,2,Tuesday,0
20230712,2023-07-12,2023,Q3,7,July,2023-07,28,12,3,Wednesday,0
20230713,2023-07-13,2023,Q3,7,July,2023-07,28,13,4,Thursday,0
20230714,2023-07-14,2023,Q3,7,July,2023-07,28,14,5,Friday,0
20230717,2023-07-17,2023,Q3,7,July,2023-07,29,17,1,Monday,0
20230718,2023-07-18,2023,Q3,7,July,2023-07,29,18,2,Tuesday,0
20230719,2023-07-19,2023,Q3,7,July,2023-07,29,19,3,Wednesday,0
20230720,2023-07-20,2023,Q3,7,July,2023-07,29,20,4,Thursday,0
20230721,2023-07-21,2023,Q3,7,July,2023-07,29,21,5,Friday,0
20230724,2023-07-24,2023,Q3,7,July,2023-07,30,24,1,Monday,0
20230725,2023-07-25,2023,Q3,7,July,2023-07,30,25,2,Tuesday,0
20230726,2023-07-26,2023,Q3,7,July,2023-07,30,26,3,Wednesday,0
20230727,2023-07-27,2023,Q3,7,July,2023-07,30,27,4,Thursday,0
20230728,2023-07-28,2023,Q3,7,July,2023-07,30,28,5,Friday,0
20230731,2023-07-31,2023,Q3,7,July,2023-07,31,31,1,Monday,0
20230801,2023-08-01,2023,Q3,8,August,2023-08,31,1,2,Tuesday,0
20230802,2023-08-02,2023,Q3,8,August,2023-08,31,2,3,Wednesday,0
20230803,2023-08-03,2023,Q3,8,August,2023-08,31,3,4,Thursday,0
20230804,2023-08-04,2023,Q3,8,August,2023-08,31,4,5,Friday,0
20230807,2023-08-07,2023,Q3,8,August,2023-08,32,7,1,Monday,0
20230808,2023-08-08,2023,Q3,8,August,2023-08,32,8,2,Tuesday,0
20230809,2023-08-09,2023,Q3,8,August,2023-08,32,9,3,Wednesday,0
20230810,2023-08-10,2023,Q3,8,August,2023-08,32,10,4,Thursday,0
20230811,2023-08-11,2023,Q3,8,August,2023-08,32,11,5,Friday,0
20230814,2023-08-14,2023,Q3,8,August,2023-08,33,14,1,Monday,0
20230816,2023-08-16,2023,Q3,8,August,2023-08,33,16,3,Wednesday,0
20230817,2023-08-17,2023,Q3,8,August,2023-08,33,17,4,Thursday,0
20230818,2023-08-18,2023,Q3,8,August,2023-08,33,18,5,Friday,0
20230821,2023-08-21,2023,Q3,8,August,2023-08,34,21,1,Monday,0
20230822,2023-08-22,2023,Q3,8,August,2023-08,34,22,2,Tuesday,0
20230823,2023-08-23,2023,Q3,8,August,2023-08,34,23,3,Wednesday,0
20230824,2023-08-24,2023,Q3,8,August,2023-08,34,24,4,Thursday,0
20230825,2023-08-25,2023,Q3,8,August,2023-08,34,25,5,Friday,0
20230828,2023-08-28,2023,Q3,8,August,2023-08,35,28,1,Monday,0
20230829,2023-08-29,2023,Q3,8,August,2023-08,35,29,2,Tuesday,0
20230830,2023-08-30,2023,Q3,8,August,2023-08,35,30,3,Wednesday,0
20230831,2023-08-31,2023,Q3,8,August,2023-08,35,31,4,Thursday,0
20230901,2023-09-01,2023,Q3,9,September,2023-09,35,1,5,Friday,0
20230904,2023-09-04,2023,Q3,9,September,2023-09,36,4,1,Monday,0
20230905,2023-09-05,2023,Q3,9,September,2023-09,36,5,2,Tuesday,0
20230906,2023-09-06,2023,Q3,9,September,2023-09,36,6,3,Wednesday,0
20230907,2023-09-07,2023,Q3,9,September,2023-09,36,7,4,Thursday,0
20230908,2023-09-08,2023,Q3,9,September,2023-09,36,8,5,Friday,0
20230911,2023-09-11,2023,Q3,9,September,2023-09,37,11,1,Monday,0
20230912,2023-09-12,2023,Q3,9,September,2023-09,37,12,2,Tuesday,0
20230913,2023-09-13,2023,Q3,9,September,2023-09,37,13,3,Wednesday,0
20230914,2023-09-14,2023,Q3,9,September,2023-09,37,14,4,Thursday,0
20230915,2023-09-15,2023,Q3,9,September,2023-09,37,15,5,Friday,0
20230918,2023-09-18,2023,Q3,9,September,2023-09,38,18,1,Monday,0
20230920,2023-09-20,2023,Q3,9,September,2023-09,38,20,3,Wednesday,0
20230921,2023-09-21,2023,Q3,9,September,2023-09,38,21,4,Thursday,0
20230922,2023-09-22,2023,Q3,9,September,2023-09,38,22,5,Friday,0
20230925,2023-09-25,2023,Q3,9,September,2023-09,39,25,1,Monday,0
20230926,2023-09-26,2023,Q3,9,September,2023-09,39,26,2,Tuesday,0
20230927,2023-09-27,2023,Q3,9,September,2023-09,39,27,3,Wednesday,0
20230928,2023-09-28,2023,Q3,9,September,2023-09,39,28,4,Thursday,0
20230929,2023-09-29,2023,Q3,9,September,2023-09,39,29,5,Friday,0
20231003,2023-10-03,2023,Q4,10,October,2023-10,40,3,2,Tuesday,0
20231004,2023-10-04,2023,Q4,10,October,2023-10,40,4,3,Wednesday,0
20231005,2023-10-05,2023,Q4,10,October,2023-10,40,5,4,Thursday,0
20231006,2023-10-06,2023,Q4,10,October,2023-10,40,6,5,Friday,0
20231009,2023-10-09,2023,Q4,10,October,2023-10,41,9,1,Monday,0
20231010,2023-10-10,2023,Q4,10,October,2023-10,41,10,2,Tuesday,0
20231011,2023-10-11,2023,Q4,10,October,2023-10,41,11,3,Wednesday,0
20231012,2023-10-12,2023,Q4,10,October,2023-10,41,12,4,Thursday,0
20231013,2023-10-13,2023,Q4,10,October,2023-10,41,13,5,Friday,0
20231016,2023-10-16,2023,Q4,10,October,2023-10,42,16,1,Monday,0
20231017,2023-10-17,2023,Q4,10,October,2023-10,42,17,2,Tuesday,0
20231018,2023-10-18,2023,Q4,10,October,2023-10,42,18,3,Wednesday,0
20231019,2023-10-19,2023,Q4,10,October,2023-10,42,19,4,Thursday,0
20231020,2023-10-20,2023,Q4,10,October,2023-10,42,20,5,Friday,0
20231023,2023-10-23,2023,Q4,10,October,2023-10,43,23,1,Monday,0
20231025,2023-10-25,2023,Q4,10,October,2023-10,43,25,3,Wednesday,0
20231026,2023-10-26,2023,Q4,10,October,2023-10,43,26,4,Thursday,0
20231027,2023-10-27,2023,Q4,10,October,2023-10,43,27,5,Friday,0
20231030,2023-10-30,2023,Q4,10,October,2023-10,44,30,1,Monday,0
20231031,2023-10-31,2023,Q4,10,October,2023-10,44,31,2,Tuesday,0
20231101,2023-11-01,2023,Q4,11,November,2023-11,44,1,3,Wednesday,0
20231102,2023-11-02,2023,Q4,11,November,2023-11,44,2,4,Thursday,0
20231103,2023-11-03,2023,Q4,11,November,2023-11,44,3,5,Friday,0
20231106,2023-11-06,2023,Q4,11,November,2023-11,45,6,1,Monday,0
20231107,2023-11-07,2023,Q4,11,November,2023-11,45,7,2,Tuesday,0
20231108,2023-11-08,2023,Q4,11,November,2023-11,45,8,3,Wednesday,0
20231109,2023-11-09,2023,Q4,11,November,2023-11,45,9,4,Thursday,0
20231110,2023-11-10,2023,Q4,11,November,2023-11,45,10,5,Friday,0
20231112,2023-11-12,2023,Q4,11,November,2023-11,45,12,7,Sunday,1
20231113,2023-11-13,2023,Q4,11,November,2023-11,46,13,1,Monday,0
20231115,2023-11-15,2023,Q4,11,November,2023-11,46,15,3,Wednesday,0
20231116,2023-11-16,2023,Q4,11,November,2023-11,46,16,4,Thursday,0
20231117,2023-11-17,2023,Q4,11,November,2023-11,46,17,5,Friday,0
20231120,2023-11-20,2023,Q4,11,November,2023-11,47,20,1,Monday,0
20231121,2023-11-21,2023,Q4,11,November,2023-11,47,21,2,Tuesday,0
20231122,2023-11-22,2023,Q4,11,November,2023-11,47,22,3,Wednesday,0
20231123,2023-11-23,2023,Q4,11,November,2023-11,47,23,4,Thursday,0
20231124,2023-11-24,2023,Q4,11,November,2023-11,47,24,5,Friday,0
20231128,2023-11-28,2023,Q4,11,November,2023-11,48,28,2,Tuesday,0
20231129,2023-11-29,2023,Q4,11,November,2023-11,48,29,3,Wednesday,0
20231130,2023-11-30,2023,Q4,11,November,2023-11,48,30,4,Thursday,0
20231201,2023-12-01,2023,Q4,12,December,2023-12,48,1,5,Friday,0
20231204,2023-12-04,2023,Q4,12,December,2023-12,49,4,1,Monday,0
20231205,2023-12-05,2023,Q4,12,December,2023-12,49,5,2,Tuesday,0
20231206,2023-12-06,2023,Q4,12,December,2023-12,49,6,3,Wednesday,0
20231207,2023-12-07,2023,Q4,12,December,2023-12,49,7,4,Thursday,0
20231208,2023-12-08,2023,Q4,12,December,2023-12,49,8,5,Friday,0
20231211,2023-12-11,2023,Q4,12,December,2023-12,50,11,1,Monday,0
20231212,2023-12-12,2023,Q4,12,December,2023-12,50,12,2,Tuesday,0
20231213,2023-12-13,2023,Q4,12,December,2023-12,50,13,3,Wednesday,0
20231214,2023-12-14,2023,Q4,12,December,2023-12,50,14,4,Thursday,0
20231215,2023-12-15,2023,Q4,12,December,2023-12,50,15,5,Friday,0
20231218,2023-12-18,2023,Q4,12,December,2023-12,51,18,1,Monday,0
20231219,2023-12-19,2023,Q4,12,December,2023-12,51,19,2,Tuesday,0
20231220,2023-12-20,2023,Q4,12,December,2023-12,51,20,3,Wednesday,0
20231221,2023-12-21,2023,Q4,12,December,2023-12,51,21,4,Thursday,0
20231222,2023-12-22,2023,Q4,12,December,2023-12,51,22,5,Friday,0
20231226,2023-12-26,2023,Q4,12,December,2023-12,52,26,2,Tuesday,0
20231227,2023-12-27,2023,Q4,12,December,2023-12,52,27,3,Wednesday,0
20231228,2023-12-28,2023,Q4,12,December,2023-12,52,28,4,Thursday,0
20231229,2023-12-29,2023,Q4,12,December,2023-12,52,29,5,Friday,0
20240101,2024-01-01,2024,Q1,1,January,2024-01,1,1,1,Monday,0
20240102,2024-01-02,2024,Q1,1,January,2024-01,1,2,2,Tuesday,0
20240103,2024-01-03,2024,Q1,1,January,2024-01,1,3,3,Wednesday,0
20240104,2024-01-04,2024,Q1,1,January,2024-01,1,4,4,Thursday,0
20240105,2024-01-05,2024,Q1,1,January,2024-01,1,5,5,Friday,0
20240108,2024-01-08,2024,Q1,1,January,2024-01,2,8,1,Monday,0
20240109,2024-01-09,2024,Q1,1,January,2024-01,2,9,2,Tuesday,0
20240110,2024-01-10,2024,Q1,1,January,2024-01,2,10,3,Wednesday,0
20240111,2024-01-11,2024,Q1,1,January,2024-01,2,11,4,Thursday,0
20240112,2024-01-12,2024,Q1,1,January,2024-01,2,12,5,Friday,0
20240115,2024-01-15,2024,Q1,1,January,2024-01,3,15,1,Monday,0
20240116,2024-01-16,2024,Q1,1,January,2024-01,3,16,2,Tuesday,0
20240117,2024-01-17,2024,Q1,1,January,2024-01,3,17,3,Wednesday,0
20240118,2024-01-18,2024,Q1,1,January,2024-01,3,18,4,Thursday,0
20240119,2024-01-19,2024,Q1,1,January,2024-01,3,19,5,Friday,0
20240120,2024-01-20,2024,Q1,1,January,2024-01,3,20,6,Saturday,1
20240123,2024-01-23,2024,Q1,1,January,2024-01,4,23,2,Tuesday,0
20240124,2024-01-24,2024,Q1,1,January,2024-01,4,24,3,Wednesday,0
20240125,2024-01-25,2024,Q1,1,January,2024-01,4,25,4,Thursday,0
20240129,2024-01-29,2024,Q1,1,January,2024-01,5,29,1,Monday,0
20240130,2024-01-30,2024,Q1,1,January,2024-01,5,30,2,Tuesday,0
20240131,2024-01-31,2024,Q1,1,January,2024-01,5,31,3,Wednesday,0
20240201,2024-02-01,2024,Q1,2,February,2024-02,5,1,4,Thursday,0
20240202,2024-02-02,2024,Q1,2,February,2024-02,5,2,5,Friday,0
20240205,2024-02-05,2024,Q1,2,February,2024-02,6,5,1,Monday,0
20240206,2024-02-06,2024,Q1,2,February,2024-02,6,6,2,Tuesday,0
20240207,2024-02-07,2024,Q1,2,February,2024-02,6,7,3,Wednesday,0
20240208,2024-02-08,2024,Q1,2,February,2024-02,6,8,4,Thursday,0
20240209,2024-02-09,2024,Q1,2,February,2024-02,6,9,5,Friday,0
20240212,2024-02-12,2024,Q1,2,February,2024-02,7,12,1,Monday,0
20240213,2024-02-13,2024,Q1,2,February,2024-02,7,13,2,Tuesday,0
20240214,2024-02-14,2024,Q1,2,February,2024-02,7,14,3,Wednesday,0
20240215,2024-02-15,2024,Q1,2,February,2024-02,7,15,4,Thursday,0
20240216,2024-02-16,2024,Q1,2,February,2024-02,7,16,5,Friday,0
20240219,2024-02-19,2024,Q1,2,February,2024-02,8,19,1,Monday,0
20240220,2024-02-20,2024,Q1,2,February,2024-02,8,20,2,Tuesday,0
20240221,2024-02-21,2024,Q1,2,February,2024-02,8,21,3,Wednesday,0
20240222,2024-02-22,2024,Q1,2,February,2024-02,8,22,4,Thursday,0
20240223,2024-02-23,2024,Q1,2,February,2024-02,8,23,5,Friday,0
20240226,2024-02-26,2024,Q1,2,February,2024-02,9,26,1,Monday,0
20240227,2024-02-27,2024,Q1,2,February,2024-02,9,27,2,Tuesday,0
20240228,2024-02-28,2024,Q1,2,February,2024-02,9,28,3,Wednesday,0
20240229,2024-02-29,2024,Q1,2,February,2024-02,9,29,4,Thursday,0
20240301,2024-03-01,2024,Q1,3,March,2024-03,9,1,5,Friday,0
20240302,2024-03-02,2024,Q1,3,March,2024-03,9,2,6,Saturday,1
20240304,2024-03-04,2024,Q1,3,March,2024-03,10,4,1,Monday,0
20240305,2024-03-05,2024,Q1,3,March,2024-03,10,5,2,Tuesday,0
20240306,2024-03-06,2024,Q1,3,March,2024-03,10,6,3,Wednesday,0
20240307,2024-03-07,2024,Q1,3,March,2024-03,10,7,4,Thursday,0
20240311,2024-03-11,2024,Q1,3,March,2024-03,11,11,1,Monday,0
20240312,2024-03-12,2024,Q1,3,March,2024-03,11,12,2,Tuesday,0
20240313,2024-03-13,2024,Q1,3,March,2024-03,11,13,3,Wednesday,0
20240314,2024-03-14,2024,Q1,3,March,2024-03,11,14,4,Thursday,0
20240315,2024-03-15,2024,Q1,3,March,2024-03,11,15,5,Friday,0
20240318,2024-03-18,2024,Q1,3,March,2024-03,12,18,1,Monday,0
20240319,2024-03-19,2024,Q1,3,March,2024-03,12,19,2,Tuesday,0
20240320,2024-03-20,2024,Q1,3,March,2024-03,12,20,3,Wednesday,0
20240321,2024-03-21,2024,Q1,3,March,2024-03,12,21,4,Thursday,0
20240322,2024-03-22,2024,Q1,3,March,2024-03,12,22,5,Friday,0
20240326,2024-03-26,2024,Q1,3,March,2024-03,13,26,2,Tuesday,0
20240327,2024-03-27,2024,Q1,3,March,2024-03,13,27,3,Wednesday,0
20240328,2024-03-28,2024,Q1,3,March,2024-03,13,28,4,Thursday,0
20240401,2024-04-01,2024,Q2,4,April,2024-04,14,1,1,Monday,0
20240402,2024-04-02,2024,Q2,4,April,2024-04,14,2,2,Tuesday,0
20240403,2024-04-03,2024,Q2,4,April,2024-04,14,3,3,Wednesday,0
20240404,2024-04-04,2024,Q2,4,April,2024-04,14,4,4,Thursday,0
20240405,2024-04-05,2024,Q2,4,April,2024-04,14,5,5,Friday,0
20240408,2024-04-08,2024,Q2,4,April,2024-04,15,8,1,Monday,0
20240409,2024-04-09,2024,Q2,4,April,2024-04,15,9,2,Tuesday,0
20240410,2024-04-10,2024,Q2,4,April,2024-04,15,10,3,Wednesday,0
20240412,2024-04-12,2024,Q2,4,April,2024-04,15,12,5,Friday,0
20240415,2024-04-15,2024,Q2,4,April,2024-04,16,15,1,Monday,0
20240416,2024-04-16,2024,Q2,4,April,2024-04,16,16,2,Tuesday,0
20240418,2024-04-18,2024,Q2,4,April,2024-04,16,18,4,Thursday,0
20240419,2024-04-19,2024,Q2,4,April,2024-04,16,19,5,Friday,0
20240422,2024-04-22,2024,Q2,4,April,2024-04,17,22,1,Monday,0
20240423,2024-04-23,2024,Q2,4,April,2024-04,17,23,2,Tuesday,0
20240424,2024-04-24,2024,Q2,4,April,2024-04,17,24,3,Wednesday,0
20240425,2024-04-25,2024,Q2,4,April,2024-04,17,25,4,Thursday,0
20240426,2024-04-26,2024,Q2,4,April,2024-04,17,26,5,Friday,0
20240429,2024-04-29,2024,Q2,4,April,2024-04,18,29,1,Monday,0
20240430,2024-04-30,2024,Q2,4,April,2024-04,18,30,2,Tuesday,0
20240502,2024-05-02,2024,Q2,5,May,2024-05,18,2,4,Thursday,0
20240503,2024-05-03,2024,Q2,5,May,2024-05,18,3,5,Friday,0
20240506,2024-05-06,2024,Q2,5,May,2024-05,19,6,1,Monday,0
20240507,2024-05-07,2024,Q2,5,May,2024-05,19,7,2,Tuesday,0
20240508,2024-05-08,2024,Q2,5,May,2024-05,19,8,3,Wednesday,0
20240509,2024-05-09,2024,Q2,5,May,2024-05,19,9,4,Thursday,0
20240510,2024-05-10,2024,Q2,5,May,2024-05,19,10,5,Friday,0
20240513,2024-05-13,2024,Q2,5,May,2024-05,20,13,1,Monday,0
20240514,2024-05-14,2024,Q2,5,May,2024-05,20,14,2,Tuesday,0
20240515,2024-05-15,2024,Q2,5,May,2024-05,20,15,3,Wednesday,0
20240516,2024-05-16,2024,Q2,5,May,2024-05,20,16,4,Thursday,0
20240517,2024-05-17,2024,Q2,5,May,2024-05,20,17,5,Friday,0
20240518,2024-05-18,2024,Q2,5,May,2024-05,20,18,6,Saturday,1
20240521,2024-05-21,2024,Q2,5,May,2024-05,21,21,2,Tuesday,0
20240522,2024-05-22,2024,Q2,5,May,2024-05,21,22,3,Wednesday,0
20240523,2024-05-23,2024,Q2,5,May,2024-05,21,23,4,Thursday,0
20240524,2024-05-24,2024,Q2,5,May,2024-05,21,24,5,Friday,0
20240527,2024-05-27,2024,Q2,5,May,2024-05,22,27,1,Monday,0
20240528,2024-05-28,2024,Q2,5,May,2024-05,22,28,2,Tuesday,0
20240529,2024-05-29,2024,Q2,5,May,2024-05,22,29,3,Wednesday,0
20240530,2024-05-30,2024,Q2,5,May,2024-05,22,30,4,Thursday,0
20240531,2024-05-31,2024,Q2,5,May,2024-05,22,31,5,Friday,0
20240603,2024-06-03,2024,Q2,6,June,2024-06,23,3,1,Monday,0
20240604,2024-06-04,2024,Q2,6,June,2024-06,23,4,2,Tuesday,0
20240605,2024-06-05,2024,Q2,6,June,2024-06,23,5,3,Wednesday,0
20240606,2024-06-06,2024,Q2,6,June,2024-06,23,6,4,Thursday,0
20240607,2024-06-07,2024,Q2,6,June,2024-06,23,7,5,Friday,0
20240610,2024-06-10,2024,Q2,6,June,2024-06,24,10,1,Monday,0
20240611,2024-06-11,2024,Q2,6,June,2024-06,24,11,2,Tuesday,0
20240612,2024-06-12,2024,Q2,6,June,2024-06,24,12,3,Wednesday,0
20240613,2024-06-13,2024,Q2,6,June,2024-06,24,13,4,Thursday,0
20240614,2024-06-14,2024,Q2,6,June,2024-06,24,14,5,Friday,0
20240618,2024-06-18,2024,Q2,6,June,2024-06,25,18,2,Tuesday,0
20240619,2024-06-19,2024,Q2,6,June,2024-06,25,19,3,Wednesday,0
20240620,2024-06-20,2024,Q2,6,June,2024-06,25,20,4,Thursday,0
20240621,2024-06-21,2024,Q2,6,June,2024-06,25,21,5,Friday,0
20240624,2024-06-24,2024,Q2,6,June,2024-06,26,24,1,Monday,0
20240625,2024-06-25,2024,Q2,6,June,2024-06,26,25,2,Tuesday,0
20240626,2024-06-26,2024,Q2,6,June,2024-06,26,26,3,Wednesday,0
20240627,2024-06-27,2024,Q2,6,June,2024-06,26,27,4,Thursday,0
20240628,2024-06-28,2024,Q2,6,June,2024-06,26,28,5,Friday,0
20240701,2024-07-01,2024,Q3,7,July,2024-07,27,1,1,Monday,0
20240702,2024-07-02,2024,Q3,7,July,2024-07,27,2,2,Tuesday,0
20240703,2024-07-03,2024,Q3,7,July,2024-07,27,3,3,Wednesday,0
20240704,2024-07-04,2024,Q3,7,July,2024-07,27,4,4,Thursday,0
20240705,2024-07-05,2024,Q3,7,July,2024-07,27,5,5,Friday,0
20240708,2024-07-08,2024,Q3,7,July,2024-07,28,8,1,Monday,0
20240709,2024-07-09,2024,Q3,7,July,2024-07,28,9,2,Tuesday,0
20240710,2024-07-10,2024,Q3,7,July,2024-07,28,10,3,Wednesday,0
20240711,2024-07-11,2024,Q3,7,July,2024-07,28,11,4,Thursday,0
20240712,2024-07-12,2024,Q3,7,July,2024-07,28,12,5,Friday,0
20240715,2024-07-15,2024,Q3,7,July,2024-07,29,15,1,Monday,0
20240716,2024-07-16,2024,Q3,7,July,2024-07,29,16,2,Tuesday,0
20240718,2024-07-18,2024,Q3,7,July,2024-07,29,18,4,Thursday,0
20240719,2024-07-19,2024,Q3,7,July,2024-07,29,19,5,Friday,0
20240722,2024-07-22,2024,Q3,7,July,2024-07,30,22,1,Monday,0
20240723,2024-07-23,2024,Q3,7,July,2024-07,30,23,2,Tuesday,0
20240724,2024-07-24,2024,Q3,7,July,2024-07,30,24,3,Wednesday,0
20240725,2024-07-25,2024,Q3,7,July,2024-07,30,25,4,Thursday,0
20240726,2024-07-26,2024,Q3,7,July,2024-07,30,26,5,Friday,0
20240729,2024-07-29,2024,Q3,7,July,2024-07,31,29,1,Monday,0
20240730,2024-07-30,2024,Q3,7,July,2024-07,31,30,2,Tuesday,0
20240731,2024-07-31,2024,Q3,7,July,2024-07,31,31,3,Wednesday,0
20240801,2024-08-01,2024,Q3,8,August,2024-08,31,1,4,Thursday,0
20240802,2024-08-02,2024,Q3,8,August,2024-08,31,2,5,Friday,0
20240805,2024-08-05,2024,Q3,8,August,2024-08,32,5,1,Monday,0
20240806,2024-08-06,2024,Q3,8,August,2024-08,32,6,2,Tuesday,0
20240807,2024-08-07,2024,Q3,8,August,2024-08,32,7,3,Wednesday,0
20240808,2024-08-08,2024,Q3,8,August,2024-08,32,8,4,Thursday,0
20240809,2024-08-09,2024,Q3,8,August,2024-08,32,9,5,Friday,0
20240812,2024-08-12,2024,Q3,8,August,2024-08,33,12,1,Monday,0
20240813,2024-08-13,2024,Q3,8,August,2024-08,33,13,2,Tuesday,0
20240814,2024-08-14,2024,Q3,8,August,2024-08,33,14,3,Wednesday,0
20240816,2024-08-16,2024,Q3,8,August,2024-08,33,16,5,Friday,0
20240819,2024-08-19,2024,Q3,8,August,2024-08,34,19,1,Monday,0
20240820,2024-08-20,2024,Q3,8,August,2024-08,34,20,2,Tuesday,0
20240821,2024-08-21,2024,Q3,8,August,2024-08,34,21,3,Wednesday,0
20240822,2024-08-22,2024,Q3,8,August,2024-08,34,22,4,Thursday,0
20240823,2024-08-23,2024,Q3,8,August,2024-08,34,23,5,Friday,0
20240826,2024-08-26,2024,Q3,8,August,2024-08,35,26,1,Monday,0
20240827,2024-08-27,2024,Q3,8,August,2024-08,35,27,2,Tuesday,0
20240828,2024-08-28,2024,Q3,8,August,2024-08,35,28,3,Wednesday,0
20240829,2024-08-29,2024,Q3,8,August,2024-08,35,29,4,Thursday,0
20240830,2024-08-30,2024,Q3,8,August,2024-08,35,30,5,Friday,0
20240902,2024-09-02,2024,Q3,9,September,2024-09,36,2,1,Monday,0
20240903,2024-09-03,2024,Q3,9,September,2024-09,36,3,2,Tuesday,0
20240904,2024-09-04,2024,Q3,9,September,2024-09,36,4,3,Wednesday,0
20240905,2024-09-05,2024,Q3,9,September,2024-09,36,5,4,Thursday,0
20240906,2024-09-06,2024,Q3,9,September,2024-09,36,6,5,Friday,0
20240909,2024-09-09,2024,Q3,9,September,2024-09,37,9,1,Monday,0
20240910,2024-09-10,2024,Q3,9,September,2024-09,37,10,2,Tuesday,0
20240911,2024-09-11,2024,Q3,9,September,2024-09,37,11,3,Wednesday,0
20240912,2024-09-12,2024,Q3,9,September,2024-09,37,12,4,Thursday,0
20240913,2024-09-13,2024,Q3,9,September,2024-09,37,13,5,Friday,0
20240916,2024-09-16,2024,Q3,9,September,2024-09,38,16,1,Monday,0
20240917,2024-09-17,2024,Q3,9,September,2024-09,38,17,2,Tuesday,0
20240918,2024-09-18,2024,Q3,9,September,2024-09,38,18,3,Wednesday,0
20240919,2024-09-19,2024,Q3,9,September,2024-09,38,19,4,Thursday,0
20240920,2024-09-20,2024,Q3,9,September,2024-09,38,20,5,Friday,0
20240923,2024-09-23,2024,Q3,9,September,2024-09,39,23,1,Monday,0
20240924,2024-09-24,2024,Q3,9,September,2024-09,39,24,2,Tuesday,0
20240925,2024-09-25,2024,Q3,9,September,2024-09,39,25,3,Wednesday,0
20240926,2024-09-26,2024,Q3,9,September,2024-09,39,26,4,Thursday,0
20240927,2024-09-27,2024,Q3,9,September,2024-09,39,27,5,Friday,0
20240930,2024-09-30,2024,Q3,9,September,2024-09,40,30,1,Monday,0
20241001,2024-10-01,2024,Q4,10,October,2024-10,40,1,2,Tuesday,0
20241003,2024-10-03,2024,Q4,10,October,2024-10,40,3,4,Thursday,0
20241004,2024-10-04,2024,Q4,10,October,2024-10,40,4,5,Friday,0
20241007,2024-10-07,2024,Q4,10,October,2024-10,41,7,1,Monday,0
20241008,2024-10-08,2024,Q4,10,October,2024-10,41,8,2,Tuesday,0
20241009,2024-10-09,2024,Q4,10,October,2024-10,41,9,3,Wednesday,0
20241010,2024-10-10,2024,Q4,10,October,2024-10,41,10,4,Thursday,0
20241011,2024-10-11,2024,Q4,10,October,2024-10,41,11,5,Friday,0
20241014,2024-10-14,2024,Q4,10,October,2024-10,42,14,1,Monday,0
20241015,2024-10-15,2024,Q4,10,October,2024-10,42,15,2,Tuesday,0
20241016,2024-10-16,2024,Q4,10,October,2024-10,42,16,3,Wednesday,0
20241017,2024-10-17,2024,Q4,10,October,2024-10,42,17,4,Thursday,0
20241018,2024-10-18,2024,Q4,10,October,2024-10,42,18,5,Friday,0
20241021,2024-10-21,2024,Q4,10,October,2024-10,43,21,1,Monday,0
20241022,2024-10-22,2024,Q4,10,October,2024-10,43,22,2,Tuesday,0
20241023,2024-10-23,2024,Q4,10,October,2024-10,43,23,3,Wednesday,0
20241024,2024-10-24,2024,Q4,10,October,2024-10,43,24,4,Thursday,0
20241025,2024-10-25,2024,Q4,10,October,2024-10,43,25,5,Friday,0
20241028,2024-10-28,2024,Q4,10,October,2024-10,44,28,1,Monday,0
20241029,2024-10-29,2024,Q4,10,October,2024-10,44,29,2,Tuesday,0
20241030,2024-10-30,2024,Q4,10,October,2024-10,44,30,3,Wednesday,0
20241031,2024-10-31,2024,Q4,10,October,2024-10,44,31,4,Thursday,0
20241101,2024-11-01,2024,Q4,11,November,2024-11,44,1,5,Friday,0
20241104,2024-11-04,2024,Q4,11,November,2024-11,45,4,1,Monday,0
20241105,2024-11-05,2024,Q4,11,November,2024-11,45,5,2,Tuesday,0
20241106,2024-11-06,2024,Q4,11,November,2024-11,45,6,3,Wednesday,0
20241107,2024-11-07,2024,Q4,11,November,2024-11,45,7,4,Thursday,0
20241108,2024-11-08,2024,Q4,11,November,2024-11,45,8,5,Friday,0
20241111,2024-11-11,2024,Q4,11,November,2024-11,46,11,1,Monday,0
20241112,2024-11-12,2024,Q4,11,November,2024-11,46,12,2,Tuesday,0
20241113,2024-11-13,2024,Q4,11,November,2024-11,46,13,3,Wednesday,0
20241114,2024-11-14,2024,Q4,11,November,2024-11,46,14,4,Thursday,0
20241118,2024-11-18,2024,Q4,11,November,2024-11,47,18,1,Monday,0
20241119,2024-11-19,2024,Q4,11,November,2024-11,47,19,2,Tuesday,0
20241121,2024-11-21,2024,Q4,11,November,2024-11,47,21,4,Thursday,0
20241122,2024-11-22,2024,Q4,11,November,2024-11,47,22,5,Friday,0
20241125,2024-11-25,2024,Q4,11,November,2024-11,48,25,1,Monday,0
20241126,2024-11-26,2024,Q4,11,November,2024-11,48,26,2,Tuesday,0
20241127,2024-11-27,2024,Q4,11,November,2024-11,48,27,3,Wednesday,0
20241128,2024-11-28,2024,Q4,11,November,2024-11,48,28,4,Thursday,0
20241129,2024-11-29,2024,Q4,11,November,2024-11,48,29,5,Friday,0
20241202,2024-12-02,2024,Q4,12,December,2024-12,49,2,1,Monday,0
20241203,2024-12-03,2024,Q4,12,December,2024-12,49,3,2,Tuesday,0
20241204,2024-12-04,2024,Q4,12,December,2024-12,49,4,3,Wednesday,0
20241205,2024-12-05,2024,Q4,12,December,2024-12,49,5,4,Thursday,0
20241206,2024-12-06,2024,Q4,12,December,2024-12,49,6,5,Friday,0
20241209,2024-12-09,2024,Q4,12,December,2024-12,50,9,1,Monday,0
20241210,2024-12-10,2024,Q4,12,December,2024-12,50,10,2,Tuesday,0
20241211,2024-12-11,2024,Q4,12,December,2024-12,50,11,3,Wednesday,0
20241212,2024-12-12,2024,Q4,12,December,2024-12,50,12,4,Thursday,0
20241213,2024-12-13,2024,Q4,12,December,2024-12,50,13,5,Friday,0
20241216,2024-12-16,2024,Q4,12,December,2024-12,51,16,1,Monday,0
20241217,2024-12-17,2024,Q4,12,December,2024-12,51,17,2,Tuesday,0
20241218,2024-12-18,2024,Q4,12,December,2024-12,51,18,3,Wednesday,0
20241219,2024-12-19,2024,Q4,12,December,2024-12,51,19,4,Thursday,0
20241220,2024-12-20,2024,Q4,12,December,2024-12,51,20,5,Friday,0
20241223,2024-12-23,2024,Q4,12,December,2024-12,52,23,1,Monday,0
20241224,2024-12-24,2024,Q4,12,December,2024-12,52,24,2,Tuesday,0
20241226,2024-12-26,2024,Q4,12,December,2024-12,52,26,4,Thursday,0
20241227,2024-12-27,2024,Q4,12,December,2024-12,52,27,5,Friday,0
20241230,2024-12-30,2024,Q4,12,December,2024-12,1,30,1,Monday,0
20241231,2024-12-31,2024,Q4,12,December,2024-12,1,31,2,Tuesday,0
20250101,2025-01-01,2025,Q1,1,January,2025-01,1,1,3,Wednesday,0
20250102,2025-01-02,2025,Q1,1,January,2025-01,1,2,4,Thursday,0
20250103,2025-01-03,2025,Q1,1,January,2025-01,1,3,5,Friday,0
20250106,2025-01-06,2025,Q1,1,January,2025-01,2,6,1,Monday,0
20250107,2025-01-07,2025,Q1,1,January,2025-01,2,7,2,Tuesday,0
20250108,2025-01-08,2025,Q1,1,January,2025-01,2,8,3,Wednesday,0
20250109,2025-01-09,2025,Q1,1,January,2025-01,2,9,4,Thursday,0
20250110,2025-01-10,2025,Q1,1,January,2025-01,2,10,5,Friday,0
20250113,2025-01-13,2025,Q1,1,January,2025-01,3,13,1,Monday,0
20250114,2025-01-14,2025,Q1,1,January,2025-01,3,14,2,Tuesday,0
20250115,2025-01-15,2025,Q1,1,January,2025-01,3,15,3,Wednesday,0
20250116,2025-01-16,2025,Q1,1,January,2025-01,3,16,4,Thursday,0
20250117,2025-01-17,2025,Q1,1,January,2025-01,3,17,5,Friday,0
20250120,2025-01-20,2025,Q1,1,January,2025-01,4,20,1,Monday,0
20250121,2025-01-21,2025,Q1,1,January,2025-01,4,21,2,Tuesday,0
20250122,2025-01-22,2025,Q1,1,January,2025-01,4,22,3,Wednesday,0
20250123,2025-01-23,2025,Q1,1,January,2025-01,4,23,4,Thursday,0
20250124,2025-01-24,2025,Q1,1,January,2025-01,4,24,5,Friday,0
20250127,2025-01-27,2025,Q1,1,January,2025-01,5,27,1,Monday,0
20250128,2025-01-28,2025,Q1,1,January,2025-01,5,28,2,Tuesday,0
20250129,2025-01-29,2025,Q1,1,January,2025-01,5,29,3,Wednesday,0
20250130,2025-01-30,2025,Q1,1,January,2025-01,5,30,4,Thursday,0
20250131,2025-01-31,2025,Q1,1,January,2025-01,5,31,5,Friday,0
20250201,2025-02-01,2025,Q1,2,February,2025-02,5,1,6,Saturday,1
20250203,2025-02-03,2025,Q1,2,February,2025-02,6,3,1,Monday,0
20250204,2025-02-04,2025,Q1,2,February,2025-02,6,4,2,Tuesday,0
20250205,2025-02-05,2025,Q1,2,February,2025-02,6,5,3,Wednesday,0
20250206,2025-02-06,2025,Q1,2,February,2025-02,6,6,4,Thursday,0
20250207,2025-02-07,2025,Q1,2,February,2025-02,6,7,5,Friday,0
20250210,2025-02-10,2025,Q1,2,February,2025-02,7,10,1,Monday,0
20250211,2025-02-11,2025,Q1,2,February,2025-02,7,11,2,Tuesday,0
20250212,2025-02-12,2025,Q1,2,February,2025-02,7,12,3,Wednesday,0
20250213,2025-02-13,2025,Q1,2,February,2025-02,7,13,4,Thursday,0
20250214,2025-02-14,2025,Q1,2,February,2025-02,7,14,5,Friday,0
20250217,2025-02-17,2025,Q1,2,February,2025-02,8,17,1,Monday,0
20250218,2025-02-18,2025,Q1,2,February,2025-02,8,18,2,Tuesday,0
20250219,2025-02-19,2025,Q1,2,February,2025-02,8,19,3,Wednesday,0
20250220,2025-02-20,2025,Q1,2,February,2025-02,8,20,4,Thursday,0
20250221,2025-02-21,2025,Q1,2,February,2025-02,8,21,5,Friday,0
20250224,2025-02-24,2025,Q1,2,February,2025-02,9,24,1,Monday,0
20250225,2025-02-25,2025,Q1,2,February,2025-02,9,25,2,Tuesday,0
20250227,2025-02-27,2025,Q1,2,February,2025-02,9,27,4,Thursday,0
20250228,2025-02-28,2025,Q1,2,February,2025-02,9,28,5,Friday,0
20250303,2025-03-03,2025,Q1,3,March,2025-03,10,3,1,Monday,0
20250304,2025-03-04,2025,Q1,3,March,2025-03,10,4,2,Tuesday,0
20250305,2025-03-05,2025,Q1,3,March,2025-03,10,5,3,Wednesday,0
20250306,2025-03-06,2025,Q1,3,March,2025-03,10,6,4,Thursday,0
20250307,2025-03-07,2025,Q1,3,March,2025-03,10,7,5,Friday,0
20250310,2025-03-10,2025,Q1,3,March,2025-03,11,10,1,Monday,0
20250311,2025-03-11,2025,Q1,3,March,2025-03,11,11,2,Tuesday,0
20250312,2025-03-12,2025,Q1,3,March,2025-03,11,12,3,Wednesday,0
20250313,2025-03-13,2025,Q1,3,March,2025-03,11,13,4,Thursday,0
20250317,2025-03-17,2025,Q1,3,March,2025-03,12,17,1,Monday,0
20250318,2025-03-18,2025,Q1,3,March,2025-03,12,18,2,Tuesday,0
20250319,2025-03-19,2025,Q1,3,March,2025-03,12,19,3,Wednesday,0
20250320,2025-03-20,2025,Q1,3,March,2025-03,12,20,4,Thursday,0
20250321,2025-03-21,2025,Q1,3,March,2025-03,12,21,5,Friday,0
20250324,2025-03-24,2025,Q1,3,March,2025-03,13,24,1,Monday,0
20250325,2025-03-25,2025,Q1,3,March,2025-03,13,25,2,Tuesday,0
20250326,2025-03-26,2025,Q1,3,March,2025-03,13,26,3,Wednesday,0
20250327,2025-03-27,2025,Q1,3,March,2025-03,13,27,4,Thursday,0
20250328,2025-03-28,2025,Q1,3,March,2025-03,13,28,5,Friday,0
20250401,2025-04-01,2025,Q2,4,April,2025-04,14,1,2,Tuesday,0
20250402,2025-04-02,2025,Q2,4,April,2025-04,14,2,3,Wednesday,0
20250403,2025-04-03,2025,Q2,4,April,2025-04,14,3,4,Thursday,0
20250404,2025-04-04,2025,Q2,4,April,2025-04,14,4,5,Friday,0
20250407,2025-04-07,2025,Q2,4,April,2025-04,15,7,1,Monday,0
20250408,2025-04-08,2025,Q2,4,April,2025-04,15,8,2,Tuesday,0
20250409,2025-04-09,2025,Q2,4,April,2025-04,15,9,3,Wednesday,0
20250411,2025-04-11,2025,Q2,4,April,2025-04,15,11,5,Friday,0
20250415,2025-04-15,2025,Q2,4,April,2025-04,16,15,2,Tuesday,0
20250416,2025-04-16,2025,Q2,4,April,2025-04,16,16,3,Wednesday,0
20250417,2025-04-17,2025,Q2,4,April,2025-04,16,17,4,Thursday,0
20250421,2025-04-21,2025,Q2,4,April,2025-04,17,21,1,Monday,0
20250422,2025-04-22,2025,Q2,4,April,2025-04,17,22,2,Tuesday,0
20250423,2025-04-23,2025,Q2,4,April,2025-04,17,23,3,Wednesday,0
20250424,2025-04-24,2025,Q2,4,April,2025-04,17,24,4,Thursday,0
20250425,2025-04-25,2025,Q2,4,April,2025-04,17,25,5,Friday,0
20250428,2025-04-28,2025,Q2,4,April,2025-04,18,28,1,Monday,0
20250429,2025-04-29,2025,Q2,4,April,2025-04,18,29,2,Tuesday,0
20250430,2025-04-30,2025,Q2,4,April,2025-04,18,30,3,Wednesday,0
20250502,2025-05-02,2025,Q2,5,May,2025-05,18,2,5,Friday,0
20250505,2025-05-05,2025,Q2,5,May,2025-05,19,5,1,Monday,0
20250506,2025-05-06,2025,Q2,5,May,2025-05,19,6,2,Tuesday,0
20250507,2025-05-07,2025,Q2,5,May,2025-05,19,7,3,Wednesday,0
20250508,2025-05-08,2025,Q2,5,May,2025-05,19,8,4,Thursday,0
20250509,2025-05-09,2025,Q2,5,May,2025-05,19,9,5,Friday,0
20250512,2025-05-12,2025,Q2,5,May,2025-05,20,12,1,Monday,0
20250513,2025-05-13,2025,Q2,5,May,2025-05,20,13,2,Tuesday,0
20250514,2025-05-14,2025,Q2,5,May,2025-05,20,14,3,Wednesday,0
20250515,2025-05-15,2025,Q2,5,May,2025-05,20,15,4,Thursday,0
20250516,2025-05-16,2025,Q2,5,May,2025-05,20,16,5,Friday,0
