Date,Year,Quarter,Month,Month_Name,Year_Month,Total_Market_Turnover_INR,Total_Market_Volume,Total_Market_Trades,Avg_Market_Delivery_Pct,Active_Stocks_Traded,NIFTY_50_Close,NIFTY_50_Change_Pct,INDIA_VIX_Close
2010-01-04,2010,Q1,1,January,2010-01,55769515719.6,104777991,0.0,0.4887595238095238,84,5232.2,0.6,
2010-01-05,2010,Q1,1,January,2010-01,64569380312.75,154922613,0.0,0.5261059523809524,84,5277.9,0.87,
2010-01-06,2010,Q1,1,January,2010-01,68757558145.55,145530028,0.0,0.517277380952381,84,5281.8,0.07,
2010-01-07,2010,Q1,1,January,2010-01,58494956166.2,110544837,0.0,0.4938833333333333,84,5263.1,-0.35,
2010-01-08,2010,Q1,1,January,2010-01,64112349008.35,110399383,0.0,0.5154686046511628,86,5244.75,-0.35,
2010-01-11,2010,Q1,1,January,2010-01,98918948601.95,146717817,0.0,0.5589616279069768,86,5249.4,0.09,
2010-01-12,2010,Q1,1,January,2010-01,73896029755.9,119728605,0.0,0.5175709302325582,86,5210.4,-0.74,
2010-01-13,2010,Q1,1,January,2010-01,71634894427.95,120153422,0.0,0.4771558139534884,86,5233.95,0.45,
2010-01-14,2010,Q1,1,January,2010-01,70324082613.1,113038452,0.0,0.5184709302325582,86,5259.9,0.5,
2010-01-15,2010,Q1,1,January,2010-01,63565083038.1,113245693,0.0,0.5164569767441861,86,5252.2,-0.15,
2010-01-18,2010,Q1,1,January,2010-01,59780302342.5,101931073,0.0,0.5053627906976744,86,5274.85,0.43,
2010-01-19,2010,Q1,1,January,2010-01,55335876037.55,95526321,0.0,0.5250511627906977,86,5225.65,-0.93,
2010-01-20,2010,Q1,1,January,2010-01,71439984967.2,126893848,0.0,0.5301686046511628,86,5221.7,-0.08,
2010-01-21,2010,Q1,1,January,2010-01,70849707513.65,123466738,0.0,0.5203651162790698,86,5094.15,-2.44,
2010-01-22,2010,Q1,1,January,2010-01,92168582762.7,169418672,0.0,0.5151174418604652,86,5036.0,-1.14,
2010-01-25,2010,Q1,1,January,2010-01,54005620416.15,105222110,0.0,0.5241441860465116,86,5007.9,-0.56,
2010-01-27,2010,Q1,1,January,2010-01,87095163013.2,168304019,0.0,0.57535,86,4853.1,-3.09,
2010-01-28,2010,Q1,1,January,2010-01,96918213696.5,170264683,0.0,0.5337616279069768,86,4867.25,0.29,
2010-01-29,2010,Q1,1,January,2010-01,89062511701.1,155913830,0.0,0.49939186046511624,86,4882.05,0.3,
2010-02-01,2010,Q1,2,February,2010-02,60132752259.549995,108555908,0.0,0.4706872093023256,86,4899.7,0.36,
2010-02-02,2010,Q1,2,February,2010-02,66073615560.35,123098433,0.0,0.47116279069767447,86,4830.1,-1.42,
2010-02-03,2010,Q1,2,February,2010-02,56710543678.200005,94782906,0.0,0.46768488372093026,86,4931.85,2.11,
2010-02-04,2010,Q1,2,February,2010-02,55917956558.549995,98347960,0.0,0.49635697674418605,86,4845.35,-1.75,
2010-02-05,2010,Q1,2,February,2010-02,66728795864.85,126783262,0.0,0.49701976744186044,86,4718.65,-2.61,
2010-02-06,2010,Q1,2,February,2010-02,5900787309.4,12865146,0.0,0.35699302325581395,86,,,
2010-02-08,2010,Q1,2,February,2010-02,60622390575.1,119682311,0.0,0.4574151162790697,86,4760.4,0.88,
2010-02-09,2010,Q1,2,February,2010-02,52426341668.75,107452115,0.0,0.4901209302325581,86,4792.65,0.68,
2010-02-10,2010,Q1,2,February,2010-02,55677186742.7,104958007,0.0,0.48577209302325586,86,4757.2,-0.74,
2010-02-11,2010,Q1,2,February,2010-02,41742256154.8,73615772,0.0,0.46867790697674416,86,4826.85,1.46,
2010-02-15,2010,Q1,2,February,2010-02,42363806680.45,85745988,0.0,0.4716546511627907,86,4801.95,-0.52,
2010-02-16,2010,Q1,2,February,2010-02,47069973742.9,109527643,0.0,0.4881558139534884,86,4855.75,1.12,
2010-02-17,2010,Q1,2,February,2010-02,56732136654.9,111806865,0.0,0.49331976744186046,86,4914.0,1.2,
2010-02-18,2010,Q1,2,February,2010-02,52167078352.649994,99790067,0.0,0.46245348837209305,86,4887.75,-0.53,
2010-02-19,2010,Q1,2,February,2010-02,51986631267.3,108530201,0.0,0.47811627906976745,86,4844.9,-0.88,
2010-02-22,2010,Q1,2,February,2010-02,39633786116.8,83433152,0.0,0.4765802325581395,86,4856.4,0.24,
2010-02-23,2010,Q1,2,February,2010-02,44700893036.75,85518680,0.0,0.5184906976744187,86,4870.05,0.28,
2010-02-24,2010,Q1,2,February,2010-02,43967231740.6,87160346,0.0,0.5194906976744186,86,4858.6,-0.24,
2010-02-25,2010,Q1,2,February,2010-02,57773978030.35,103947557,0.0,0.5568348837209303,86,4859.75,0.02,
2010-02-26,2010,Q1,2,February,2010-02,82729727461.3,169079646,0.0,0.49397441860465113,86,4922.3,1.29,
2010-03-02,2010,Q1,3,March,2010-03,69968988544.4,127456346,0.0,0.5504779069767441,86,5017.0,1.92,
2010-03-03,2010,Q1,3,March,2010-03,64390869769.5,118285419,0.0,0.5379581395348837,86,5088.1,1.42,
2010-03-04,2010,Q1,3,March,2010-03,57005170742.3,99232067,0.0,0.5201011627906977,86,5080.25,-0.15,
2010-03-05,2010,Q1,3,March,2010-03,54091911441.8,102230496,0.0,0.532903488372093,86,5088.7,0.17,
2010-03-08,2010,Q1,3,March,2010-03,64103801171.6,107995996,0.0,0.5562395348837209,86,5124.0,0.69,
2010-03-09,2010,Q1,3,March,2010-03,57335241945.2,94307298,0.0,0.5202802325581396,86,5101.5,-0.44,
2010-03-10,2010,Q1,3,March,2010-03,56498982347.3,95534615,0.0,0.5205186046511628,86,5116.25,0.29,
2010-03-11,2010,Q1,3,March,2010-03,46082668520.65,82778085,0.0,0.5392046511627907,86,5133.4,0.34,
2010-03-12,2010,Q1,3,March,2010-03,54140721233.55,101670697,0.0,0.5546523255813953,86,5137.0,0.07,
2010-03-15,2010,Q1,3,March,2010-03,46026027473.25,83374082,0.0,0.5243767441860465,86,5128.9,-0.16,
2010-03-16,2010,Q1,3,March,2010-03,47358522442.6,79097925,0.0,0.5071232558139535,86,5198.1,1.35,
2010-03-17,2010,Q1,3,March,2010-03,57186197198.55,104450260,0.0,0.5537755813953488,86,5231.9,0.65,
2010-03-18,2010,Q1,3,March,2010-03,51703621859.1,85359787,0.0,0.5644883720930233,86,5245.9,0.27,
2010-03-19,2010,Q1,3,March,2010-03,50428624305.5,79258499,0.0,0.5549569767441861,86,5262.8,0.32,
2010-03-22,2010,Q1,3,March,2010-03,47967457125.9,82017360,0.0,0.5665790697674419,86,5205.2,-1.09,
2010-03-23,2010,Q1,3,March,2010-03,53118992599.3,91640495,0.0,0.5582279069767442,86,5225.3,0.39,
2010-03-25,2010,Q1,3,March,2010-03,85531683911.65,151738321,0.0,0.6052209302325582,86,5260.4,0.67,
2010-03-26,2010,Q1,3,March,2010-03,59432677433.65,103639657,0.0,0.5695348837209302,86,5282.0,0.41,
2010-03-29,2010,Q1,3,March,2010-03,59174454178.05,110325000,0.0,0.5694627906976744,86,5302.85,0.39,
2010-03-30,2010,Q1,3,March,2010-03,54136482086.4,104498203,0.0,0.5499302325581396,86,5262.45,-0.76,
2010-03-31,2010,Q1,3,March,2010-03,61880022355.25001,129917067,0.0,0.5680674418604651,86,5249.1,-0.25,
2010-04-01,2010,Q2,4,April,2010-04,57220156974.95,107626519,0.0,0.5359197674418605,86,5290.5,0.79,
2010-04-05,2010,Q2,4,April,2010-04,52021452222.700005,101452952,0.0,0.527446511627907,86,5368.4,1.47,
2010-04-06,2010,Q2,4,April,2010-04,52194718099.85,96393685,0.0,0.5667441860465117,86,5366.0,-0.04,
2010-04-07,2010,Q2,4,April,2010-04,58642059216.25,106023892,0.0,0.5383976744186046,86,5374.65,0.16,
2010-04-08,2010,Q2,4,April,2010-04,48748898773.35,90638553,0.0,0.5190848837209302,86,5304.45,-1.31,
2010-04-09,2010,Q2,4,April,2010-04,52829084258.649994,96403617,0.0,0.5530093023255813,86,5361.75,1.08,
2010-04-12,2010,Q2,4,April,2010-04,51611829890.35,98217770,0.0,0.5528104651162791,86,5339.7,-0.41,
2010-04-13,2010,Q2,4,April,2010-04,73910431192.85,92143100,0.0,0.5728674418604651,86,5322.95,-0.31,
2010-04-15,2010,Q2,4,April,2010-04,69012049903.15,108751149,0.0,0.5991430232558139,86,5273.6,-0.93,
2010-04-16,2010,Q2,4,April,2010-04,49792777326.35,85785794,0.0,0.5384720930232558,86,5262.6,-0.21,
2010-04-19,2010,Q2,4,April,2010-04,52991847143.8,92452865,0.0,0.5184093023255814,86,5203.65,-1.12,
2010-04-20,2010,Q2,4,April,2010-04,64430884880.8,102554589,0.0,0.5191558139534883,86,5230.1,0.51,
2010-04-21,2010,Q2,4,April,2010-04,57428983524.85,96666377,0.0,0.5223151162790698,86,5244.9,0.28,
2010-04-22,2010,Q2,4,April,2010-04,80865091144.15001,114870944,0.0,0.5095255813953489,86,5269.35,0.47,
2010-04-23,2010,Q2,4,April,2010-04,64584851836.450005,101142209,0.0,0.5115732558139535,86,5304.1,0.66,
2010-04-26,2010,Q2,4,April,2010-04,52614900383.35,78529708,0.0,0.5122174418604651,86,5322.45,0.35,
2010-04-27,2010,Q2,4,April,2010-04,47670452943.95,84634144,0.0,0.5204790697674418,86,5308.35,-0.26,
2010-04-28,2010,Q2,4,April,2010-04,63779641230.1,114475023,0.0,0.5402465116279069,86,5215.45,-1.75,
2010-04-29,2010,Q2,4,April,2010-04,70895772343.5,120765726,0.0,0.559467441860465,86,5254.15,0.74,
2010-04-30,2010,Q2,4,April,2010-04,63328669849.35,119330647,0.0,0.5570337209302325,86,5278.0,0.45,
2010-05-03,2010,Q2,5,May,2010-05,46586262902.75,83243458,0.0,0.5039825581395349,86,5222.75,-1.05,
2010-05-04,2010,Q2,5,May,2010-05,54644353169.7,98532083,0.0,0.535156976744186,86,5148.5,-1.42,
2010-05-05,2010,Q2,5,May,2010-05,65250762086.7,118984292,0.0,0.4883046511627907,86,5124.9,-0.46,
2010-05-06,2010,Q2,5,May,2010-05,57875106027.6,98643689,0.0,0.4641523255813953,86,5090.85,-0.66,
2010-05-07,2010,Q2,5,May,2010-05,73145567954.0,128305880,0.0,0.551103488372093,86,5018.05,-1.43,
2010-05-10,2010,Q2,5,May,2010-05,63457640534.85,103799289,0.0,0.5411395348837209,86,5193.6,3.5,
2010-05-11,2010,Q2,5,May,2010-05,60082900972.25,99773003,0.0,0.5255476744186046,86,5136.15,-1.11,
2010-05-12,2010,Q2,5,May,2010-05,60885217325.3,111566597,0.0,0.4977779069767442,86,5156.65,0.4,
2010-05-13,2010,Q2,5,May,2010-05,63365666761.95,120009155,0.0,0.4987953488372093,86,5178.9,0.43,
2010-05-14,2010,Q2,5,May,2010-05,63662629462.75,107764630,0.0,0.5204837209302325,86,5093.5,-1.65,
2010-05-17,2010,Q2,5,May,2010-05,65090455904.25,105264493,0.0,0.5022313953488372,86,5059.9,-0.66,
2010-05-18,2010,Q2,5,May,2010-05,60416550733.799995,98049181,0.0,0.49067906976744186,86,5066.2,0.12,
2010-05-19,2010,Q2,5,May,2010-05,81299180553.15,127672137,0.0,0.5399418604651163,86,4919.65,-2.89,
2010-05-20,2010,Q2,5,May,2010-05,69577125511.6,119182766,0.0,0.5150976744186047,86,4947.6,0.57,
2010-05-21,2010,Q2,5,May,2010-05,80481521522.5,157962049,0.0,0.5183430232558139,86,4931.15,-0.33,
2010-05-24,2010,Q2,5,May,2010-05,55519460358.15,100460706,0.0,0.510746511627907,86,4943.95,0.26,
2010-05-25,2010,Q2,5,May,2010-05,64722370908.45,127259464,0.0,0.5306093023255813,86,4806.75,-2.78,
2010-05-26,2010,Q2,5,May,2010-05,65898426457.85,126060758,0.0,0.5328011627906977,86,4917.4,2.3,
2010-05-27,2010,Q2,5,May,2010-05,84816935498.55,150353051,0.0,0.5199093023255814,86,5003.1,1.74,
2010-05-28,2010,Q2,5,May,2010-05,59263030374.6,114181174,0.0,0.5077197674418604,86,5066.55,1.27,
2010-05-31,2010,Q2,5,May,2010-05,50388656341.6,94832163,0.0,0.49974302325581393,86,5086.3,0.39,
2010-06-01,2010,Q2,6,June,2010-06,56218609637.65,99649358,0.0,0.5079046511627907,86,4970.2,-2.28,
2010-06-02,2010,Q2,6,June,2010-06,58530281923.1,105022713,0.0,0.5311546511627907,86,5019.85,1.0,
2010-06-03,2010,Q2,6,June,2010-06,53545828506.25,94297986,0.0,0.5060011627906977,86,5110.5,1.81,
2010-06-04,2010,Q2,6,June,2010-06,53189785664.25,103306993,0.0,0.47785697674418603,86,5135.5,0.49,
2010-06-07,2010,Q2,6,June,2010-06,51887123162.9,93502891,0.0,0.49595465116279064,86,5034.0,-1.98,
2010-06-08,2010,Q2,6,June,2010-06,54798749465.05,105237836,0.0,0.4958255813953488,86,4987.1,-0.93,
2010-06-09,2010,Q2,6,June,2010-06,62229461538.549995,143342214,0.0,0.4686081395348837,86,5000.3,0.26,
2010-06-10,2010,Q2,6,June,2010-06,56725106082.8,112334400,0.0,0.4662581395348837,86,5078.6,1.57,
2010-06-11,2010,Q2,6,June,2010-06,63413259580.8,115607607,0.0,0.5036906976744185,86,5119.35,0.8,
2010-06-14,2010,Q2,6,June,2010-06,48852114652.5,89893951,0.0,0.5065383720930232,86,5197.7,1.53,
2010-06-15,2010,Q2,6,June,2010-06,49746345666.55,90281224,0.0,0.49165116279069765,86,5222.35,0.47,
2010-06-16,2010,Q2,6,June,2010-06,53860881456.7,97702959,0.0,0.5113023255813953,86,5233.35,0.21,
2010-06-17,2010,Q2,6,June,2010-06,64221156040.299995,110625137,0.0,0.5007941860465116,86,5274.85,0.79,
2010-06-18,2010,Q2,6,June,2010-06,60373083761.85,100833076,0.0,0.5243034883720931,86,5262.6,-0.23,
2010-06-21,2010,Q2,6,June,2010-06,53175740577.4,97276693,0.0,0.5533860465116279,86,5353.3,1.72,
2010-06-22,2010,Q2,6,June,2010-06,45942261743.4,91406734,0.0,0.5015616279069768,86,5316.55,-0.69,
2010-06-23,2010,Q2,6,June,2010-06,49017147422.799995,90125457,0.0,0.5013511627906977,86,5323.15,0.12,
2010-06-24,2010,Q2,6,June,2010-06,82598574570.5,140891464,0.0,0.540796511627907,86,5320.6,-0.05,
2010-06-25,2010,Q2,6,June,2010-06,66001636472.1,121681349,0.0,0.4774441860465117,86,5269.05,-0.97,
2010-06-28,2010,Q2,6,June,2010-06,65313581078.25,134070048,0.0,0.5195058139534884,86,5333.5,1.22,
2010-06-29,2010,Q2,6,June,2010-06,56655001752.45,113409929,0.0,0.5070558139534884,86,5256.15,-1.45,
2010-06-30,2010,Q2,6,June,2010-06,75776598840.95,154928710,0.0,0.5169255813953488,86,5312.5,1.07,
2010-07-01,2010,Q3,7,July,2010-07,54733820459.9,118414740,0.0,0.49190581395348837,86,5251.4,-1.15,
2010-07-02,2010,Q3,7,July,2010-07,45232759658.65,99995067,0.0,0.46940116279069766,86,5237.1,-0.27,
2010-07-05,2010,Q3,7,July,2010-07,27255819755.3,55926184,0.0,0.47329418604651163,86,5235.9,-0.02,
2010-07-06,2010,Q3,7,July,2010-07,40178064345.05,79616598,0.0,0.5328116279069767,86,5289.05,1.02,
2010-07-07,2010,Q3,7,July,2010-07,40667999520.35,76667660,0.0,0.5024790697674418,86,5241.1,-0.91,
2010-07-08,2010,Q3,7,July,2010-07,45942090614.95,84264584,0.0,0.5486453488372093,86,5296.85,1.06,
2010-07-09,2010,Q3,7,July,2010-07,66102621992.25,142919976,0.0,0.5779476744186046,86,5352.45,1.05,
2010-07-12,2010,Q3,7,July,2010-07,54951808690.45,94035060,0.0,0.5857441860465117,86,5383.0,0.57,
2010-07-13,2010,Q3,7,July,2010-07,62382063783.35,105921151,0.0,0.5822511627906977,86,5400.65,0.33,
2010-07-14,2010,Q3,7,July,2010-07,68131218334.6,112057904,0.0,0.5589046511627906,86,5386.15,-0.27,
2010-07-15,2010,Q3,7,July,2010-07,59603647458.95,94217096,0.0,0.5444906976744186,86,5378.75,-0.14,
2010-07-16,2010,Q3,7,July,2010-07,61426391881.15,97328850,0.0,0.5497546511627907,86,5393.9,0.28,
2010-07-19,2010,Q3,7,July,2010-07,43315563981.5,77557451,0.0,0.5134023255813953,86,5386.45,-0.14,
2010-07-20,2010,Q3,7,July,2010-07,39219741759.6,72060532,0.0,0.5291523255813954,86,5368.0,-0.34,
2010-07-21,2010,Q3,7,July,2010-07,52156287167.450005,85581272,0.0,0.5481523255813954,86,5399.35,0.58,
2010-07-22,2010,Q3,7,July,2010-07,62024644429.15,105485253,0.0,0.507003488372093,86,5441.95,0.79,
2010-07-23,2010,Q3,7,July,2010-07,64160166893.0,125977753,0.0,0.51475,86,5449.1,0.13,19.24
2010-07-26,2010,Q3,7,July,2010-07,53196454216.45,88220305,0.0,0.542003488372093,86,5418.6,-0.56,19.97
2010-07-27,2010,Q3,7,July,2010-07,71056312531.7,113886684,0.0,0.5143825581395348,86,5430.6,0.22,19.22
2010-07-28,2010,Q3,7,July,2010-07,64133974165.9,93059238,0.0,0.5353383720930233,86,5397.55,-0.61,19.52
2010-07-29,2010,Q3,7,July,2010-07,78874017862.75,137602309,0.0,0.565510465116279,86,5408.9,0.21,18.33
2010-07-30,2010,Q3,7,July,2010-07,57715388983.25,102270102,0.0,0.5396104651162791,86,5367.6,-0.76,18.94
2010-08-02,2010,Q3,8,August,2010-08,48763923215.3,83606272,0.0,0.5253162790697674,86,5431.65,1.19,17.99
2010-08-03,2010,Q3,8,August,2010-08,52582487638.799995,98967583,0.0,0.5195790697674418,86,5439.55,0.15,17.55
2010-08-04,2010,Q3,8,August,2010-08,48711439144.65,85299094,0.0,0.5085500000000001,86,5467.85,0.52,17.04
2010-08-05,2010,Q3,8,August,2010-08,52682421320.049995,82463782,0.0,0.5324755813953489,86,5447.1,-0.38,17.71
2010-08-06,2010,Q3,8,August,2010-08,48060038817.1,84472089,0.0,0.5287813953488372,86,5439.25,-0.14,17.37
2010-08-09,2010,Q3,8,August,2010-08,46247471500.85,80656287,0.0,0.5450558139534883,86,5486.15,0.86,17.0
2010-08-10,2010,Q3,8,August,2010-08,63983076506.6,100381291,0.0,0.5737953488372093,86,5460.7,-0.46,17.33
2010-08-11,2010,Q3,8,August,2010-08,71936670192.3,123011444,0.0,0.5328581395348837,86,5420.6,-0.73,18.11
2010-08-12,2010,Q3,8,August,2010-08,78929188027.5,115287538,0.0,0.5141627906976745,86,5416.45,-0.08,18.0
2010-08-13,2010,Q3,8,August,2010-08,59696023948.25,85860218,0.0,0.5199639534883721,86,5452.1,0.66,16.74
2010-08-16,2010,Q3,8,August,2010-08,45841040065.3,81759548,0.0,0.5417453488372093,86,5418.3,-0.62,18.11
2010-08-17,2010,Q3,8,August,2010-08,54165492938.3,89945007,0.0,0.542903488372093,86,5414.15,-0.08,17.63
2010-08-18,2010,Q3,8,August,2010-08,59723893508.1,96437731,0.0,0.5267023255813953,86,5479.15,1.2,16.4
2010-08-19,2010,Q3,8,August,2010-08,56679936049.95,118617995,0.0,0.5164744186046512,86,5540.2,1.11,16.53
2010-08-20,2010,Q3,8,August,2010-08,51599620712.85,96204231,0.0,0.5102767441860465,86,5530.65,-0.17,16.7
2010-08-23,2010,Q3,8,August,2010-08,56854116871.1,102394825,0.0,0.5326372093023256,86,5543.5,0.23,17.14
2010-08-24,2010,Q3,8,August,2010-08,55872258127.55,91297357,0.0,0.5798313953488372,86,5505.1,-0.69,16.99
2010-08-25,2010,Q3,8,August,2010-08,53587999904.0,94977413,0.0,0.5620755813953487,86,5462.35,-0.78,18.92
2010-08-26,2010,Q3,8,August,2010-08,77130607818.85,135618750,0.0,0.5774790697674419,86,5477.9,0.28,17.09
2010-08-27,2010,Q3,8,August,2010-08,57219407195.35,94142343,0.0,0.5155046511627907,86,5408.7,-1.26,19.63
2010-08-30,2010,Q3,8,August,2010-08,42640021416.65,74831646,0.0,0.5103011627906977,86,5415.45,0.12,18.36
2010-08-31,2010,Q3,8,August,2010-08,67678102521.299995,111944410,0.0,0.5503476744186047,86,5402.4,-0.24,18.47
2010-09-01,2010,Q3,9,September,2010-09,59544667368.3,99551303,0.0,0.5266337209302325,86,5471.85,1.29,16.7
2010-09-02,2010,Q3,9,September,2010-09,49528918422.5,77538052,0.0,0.5179453488372093,86,5486.15,0.26,16.15
2010-09-03,2010,Q3,9,September,2010-09,42579398292.3,76798872,0.0,0.5069558139534883,86,5479.4,-0.12,15.86
2010-09-06,2010,Q3,9,September,2010-09,64090525096.75,100299892,0.0,0.5307220930232558,86,5576.95,1.78,15.22
2010-09-07,2010,Q3,9,September,2010-09,60849591529.55,104239718,0.0,0.5275779069767441,86,5604.0,0.49,15.83
2010-09-08,2010,Q3,9,September,2010-09,58320289229.85,96013355,0.0,0.49110930232558136,86,5607.85,0.07,15.97
2010-09-09,2010,Q3,9,September,2010-09,64020944764.2,98965318,0.0,0.5437511627906977,86,5640.05,0.57,15.92
2010-09-13,2010,Q3,9,September,2010-09,73234942696.95,111137308,0.0,0.5618011627906977,86,5760.0,2.13,18.14
2010-09-14,2010,Q3,9,September,2010-09,83749073073.45,176982851,0.0,0.5400441860465116,86,5795.55,0.62,18.6
2010-09-15,2010,Q3,9,September,2010-09,84262059223.25,140244509,0.0,0.5502511627906977,86,5860.95,1.13,19.43
2010-09-16,2010,Q3,9,September,2010-09,75307427024.15,131270530,0.0,0.5006046511627907,86,5828.7,-0.55,18.85
2010-09-17,2010,Q3,9,September,2010-09,76744421942.85,142030456,0.0,0.5515372093023256,86,5884.95,0.97,19.49
2010-09-20,2010,Q3,9,September,2010-09,72904259048.8,138443270,0.0,0.5534220930232557,86,5980.45,1.62,21.95
2010-09-21,2010,Q3,9,September,2010-09,82633826954.4,140092067,0.0,0.5364848837209303,86,6009.05,0.48,22.63
2010-09-22,2010,Q3,9,September,2010-09,79140879845.05,123684819,0.0,0.5519348837209302,86,5991.0,-0.3,24.29
2010-09-23,2010,Q3,9,September,2010-09,60202091295.35,93774643,0.0,0.5191104651162791,86,5959.55,-0.52,23.9
2010-09-24,2010,Q3,9,September,2010-09,68957462375.55,119059152,0.0,0.5457255813953489,86,6018.3,0.99,21.71
2010-09-27,2010,Q3,9,September,2010-09,64483854021.9,113062355,0.0,0.5432453488372093,86,6035.65,0.29,22.36
2010-09-28,2010,Q3,9,September,2010-09,62795609572.85,105074960,0.0,0.5276930232558139,86,6029.5,-0.1,21.21
2010-09-29,2010,Q3,9,September,2010-09,64243984315.75,107682984,0.0,0.5549302325581394,86,5991.3,-0.63,22.16
2010-09-30,2010,Q3,9,September,2010-09,97336651309.6,152745761,0.0,0.6033174418604651,86,6029.95,0.65,22.25
2010-10-01,2010,Q4,10,October,2010-10,77245348173.4,121092314,0.0,0.5560627906976744,86,6143.4,1.88,21.43
2010-10-04,2010,Q4,10,October,2010-10,66882604906.1,114925576,0.0,0.5482337209302326,86,6159.45,0.26,22.8
2010-10-05,2010,Q4,10,October,2010-10,55655602811.45,106330154,0.0,0.5434290697674418,86,6145.8,-0.22,22.17
2010-10-06,2010,Q4,10,October,2010-10,61583982922.3,122912246,0.0,0.5771720930232558,86,6186.45,0.66,21.73
2010-10-07,2010,Q4,10,October,2010-10,67361811267.6,127312527,0.0,0.5621406976744185,86,6120.3,-1.07,22.45
2010-10-08,2010,Q4,10,October,2010-10,64201233467.15,107135697,0.0,0.5419918604651163,86,6103.45,-0.28,21.4
2010-10-11,2010,Q4,10,October,2010-10,52236382738.65,86711512,0.0,0.580039534883721,86,6135.85,0.53,21.2
2010-10-12,2010,Q4,10,October,2010-10,50843983402.15,85649509,0.0,0.5596453488372093,86,6090.9,-0.73,20.51
2010-10-13,2010,Q4,10,October,2010-10,82492735536.8,143355464,0.0,0.5968162790697674,86,6233.9,2.35,20.02
2010-10-14,2010,Q4,10,October,2010-10,63937982779.25,114262009,0.0,0.5431197674418605,86,6177.35,-0.91,20.6
2010-10-15,2010,Q4,10,October,2010-10,64141160631.2,100002625,0.0,0.5557197674418605,86,6062.65,-1.86,22.65
2010-10-18,2010,Q4,10,October,2010-10,76660353099.1,122425198,0.0,0.5340453488372093,86,6075.95,0.22,22.35
2010-10-19,2010,Q4,10,October,2010-10,67966761244.549995,115200409,0.0,0.5180313953488372,86,6027.3,-0.8,23.23
2010-10-20,2010,Q4,10,October,2010-10,52588474522.65,93022743,0.0,0.5078581395348838,86,5982.1,-0.75,23.8
2010-10-21,2010,Q4,10,October,2010-10,69146033976.45,120007819,0.0,0.545046511627907,86,6101.5,2.0,22.19
2010-10-22,2010,Q4,10,October,2010-10,56525165882.8,95974558,0.0,0.5201395348837209,86,6066.05,-0.58,21.61
2010-10-25,2010,Q4,10,October,2010-10,59117885146.85,115982992,0.0,0.5478848837209302,86,6105.8,0.66,21.36
2010-10-26,2010,Q4,10,October,2010-10,62943171164.95,105334326,0.0,0.5753232558139535,86,6082.0,-0.39,20.55
2010-10-27,2010,Q4,10,October,2010-10,59999440569.950005,101064994,0.0,0.5555093023255814,86,6012.65,-1.14,21.02
2010-10-28,2010,Q4,10,October,2010-10,117629183648.45,207212524,0.0,0.5712267441860466,86,5987.7,-0.41,20.52
2010-10-29,2010,Q4,10,October,2010-10,70837238658.75,120680444,0.0,0.5637348837209303,86,6017.7,0.5,20.76
2010-11-01,2010,Q4,11,November,2010-11,69087330637.5,106393396,0.0,0.5612767441860465,86,6117.55,1.66,20.92
2010-11-02,2010,Q4,11,November,2010-11,61838246214.65,93358566,0.0,0.5600813953488373,86,6119.0,0.02,21.25
2010-11-03,2010,Q4,11,November,2010-11,51567369823.65,86983785,0.0,0.5555372093023256,86,6160.5,0.68,21.53
2010-11-04,2010,Q4,11,November,2010-11,216650943010.0,569395397,0.0,0.5835252873563218,87,6281.8,1.97,19.36
2010-11-05,2010,Q4,11,November,2010-11,21245900255.25,49985278,0.0,0.5656275862068966,87,6312.45,0.49,19.22
2010-11-08,2010,Q4,11,November,2010-11,78381650288.9,154724466,0.0,0.6024149425287356,87,6273.2,-0.62,19.61
2010-11-09,2010,Q4,11,November,2010-11,77455052799.9,140687136,0.0,0.5744310344827586,87,6301.55,0.45,18.75
2010-11-10,2010,Q4,11,November,2010-11,68640455404.799995,124166580,0.0,0.5187666666666667,87,6275.7,-0.41,19.08
2010-11-11,2010,Q4,11,November,2010-11,69609780493.7,129125051,0.0,0.5530977011494254,87,6194.25,-1.3,19.36
2010-11-12,2010,Q4,11,November,2010-11,71643373088.25,122630806,0.0,0.5565655172413793,87,6071.65,-1.98,21.63
2010-11-15,2010,Q4,11,November,2010-11,64097542238.4,104104914,0.0,0.5302436781609196,87,6121.6,0.82,20.25
2010-11-16,2010,Q4,11,November,2010-11,74895319034.8,123947316,0.0,0.5711298850574712,87,5988.7,-2.17,21.13
2010-11-18,2010,Q4,11,November,2010-11,99949554675.7,169336302,0.0,0.5458298850574713,87,5998.8,0.17,20.62
2010-11-19,2010,Q4,11,November,2010-11,85737619409.0,174725336,0.0,0.5630000000000001,87,5890.3,-1.81,21.6
2010-11-22,2010,Q4,11,November,2010-11,61540928995.8,108544915,0.0,0.5606804597701149,87,6010.0,2.03,19.93
2010-11-23,2010,Q4,11,November,2010-11,79189787240.3,146886068,0.0,0.5692931034482759,87,5934.75,-1.25,23.26
2010-11-24,2010,Q4,11,November,2010-11,69550736691.8,125906996,0.0,0.5432919540229885,87,5865.75,-1.16,24.68
2010-11-25,2010,Q4,11,November,2010-11,119788550456.85,327508046,0.0,0.6057471264367816,87,5799.75,-1.13,21.63
2010-11-26,2010,Q4,11,November,2010-11,95662640868.59999,226961016,0.0,0.5749080459770115,87,5751.95,-0.82,22.58
2010-11-29,2010,Q4,11,November,2010-11,58655675608.95,134712560,0.0,0.5695149425287357,87,5830.0,1.36,21.31
2010-11-30,2010,Q4,11,November,2010-11,98540985797.75,207566530,0.0,0.5908758620689655,87,5862.7,0.56,20.71
2010-12-01,2010,Q4,12,December,2010-12,75985419307.0,145072895,0.0,0.5303022988505747,87,5960.9,1.67,19.2
2010-12-02,2010,Q4,12,December,2010-12,80024871131.75,156735078,0.0,0.5483126436781609,87,6011.7,0.85,18.8
2010-12-03,2010,Q4,12,December,2010-12,66264563028.95,134929580,0.0,0.5183965517241379,87,5992.8,-0.31,18.6
2010-12-06,2010,Q4,12,December,2010-12,69276232875.85,112578569,0.0,0.5342287356321839,87,5992.25,-0.01,19.37
2010-12-07,2010,Q4,12,December,2010-12,74894629646.9,120053229,0.0,0.5539114942528736,87,5976.55,-0.26,19.24
2010-12-08,2010,Q4,12,December,2010-12,74573012523.65,110139782,0.0,0.5549137931034483,87,5903.7,-1.22,20.43
2010-12-09,2010,Q4,12,December,2010-12,88000657797.8,136441774,0.0,0.576948275862069,87,5766.5,-2.32,22.6
2010-12-10,2010,Q4,12,December,2010-12,87902359739.7,130044693,0.0,0.5682448275862069,87,5857.35,1.58,21.63
2010-12-13,2010,Q4,12,December,2010-12,67370059897.65,112501751,0.0,0.5291885057471264,87,5907.65,0.86,22.57
2010-12-14,2010,Q4,12,December,2010-12,60989836264.9,106274337,0.0,0.5355655172413794,87,5944.1,0.62,21.46
2010-12-15,2010,Q4,12,December,2010-12,73465349308.59999,113927574,0.0,0.5772689655172414,87,5892.3,-0.87,21.42
2010-12-16,2010,Q4,12,December,2010-12,81774272250.15,115049513,0.0,0.5686919540229884,87,5948.75,0.96,20.24
2010-12-20,2010,Q4,12,December,2010-12,72241091294.6,100593260,0.0,0.5524459770114943,87,5947.05,-0.03,20.78
2010-12-21,2010,Q4,12,December,2010-12,64433948317.95,105677646,0.0,0.544319540229885,87,6000.65,0.9,19.77
2010-12-22,2010,Q4,12,December,2010-12,56770501867.1,101576704,0.0,0.5378045977011494,87,5984.4,-0.27,19.56
2010-12-23,2010,Q4,12,December,2010-12,42925058460.85,73763504,0.0,0.5023528735632184,87,5980.0,-0.07,19.03
2010-12-24,2010,Q4,12,December,2010-12,41393007736.0,69663430,0.0,0.4894931034482759,87,6011.6,0.53,17.65
2010-12-27,2010,Q4,12,December,2010-12,31777996237.1,57405916,0.0,0.5006367816091953,87,5998.1,-0.22,18.45
2010-12-28,2010,Q4,12,December,2010-12,35929008230.200005,66816286,0.0,0.5204885057471265,87,5996.0,-0.04,18.13
2010-12-29,2010,Q4,12,December,2010-12,41139279095.05,78728268,0.0,0.5273954022988506,87,6060.35,1.07,17.13
2010-12-30,2010,Q4,12,December,2010-12,67677318091.35,135221097,0.0,0.5926298850574713,87,6101.85,0.68,17.02
2010-12-31,2010,Q4,12,December,2010-12,47236344945.5,79080679,0.0,0.5589988505747127,87,6134.5,0.54,16.56
2011-01-03,2011,Q1,1,January,2011-01,41963652545.85,70857540,0.0,0.525467816091954,87,6157.6,0.38,16.99
2011-01-04,2011,Q1,1,January,2011-01,68352124886.1,112439515,0.0,0.5711206896551724,87,6146.35,-0.18,17.03
2011-01-05,2011,Q1,1,January,2011-01,63921118741.2,104739124,0.0,0.5486781609195402,87,6079.8,-1.08,17.88
2011-01-06,2011,Q1,1,January,2011-01,67390427849.6,107385045,0.0,0.5347390804597701,87,6048.25,-0.52,18.2
2011-01-07,2011,Q1,1,January,2011-01,79780815411.6,126916208,0.0,0.5710942528735632,87,5904.6,-2.38,20.82
2011-01-10,2011,Q1,1,January,2011-01,77739068472.9,123191234,0.0,0.5581402298850575,87,5762.85,-2.4,23.16
2011-01-11,2011,Q1,1,January,2011-01,80169021900.15,124119864,0.0,0.534083908045977,87,5754.1,-0.15,22.33
2011-01-12,2011,Q1,1,January,2011-01,82439617302.95,116158118,0.0,0.5265000000000001,87,5863.25,1.9,21.41
2011-01-13,2011,Q1,1,January,2011-01,78849135945.90001,112476367,0.0,0.5405919540229885,87,5751.9,-1.9,23.15
2011-01-14,2011,Q1,1,January,2011-01,70334699446.40001,119593265,0.0,0.5057724137931034,87,5654.55,-1.69,23.81
2011-01-17,2011,Q1,1,January,2011-01,60284549012.299995,108842886,0.0,0.5459609195402298,87,5654.75,0.0,23.57
2011-01-18,2011,Q1,1,January,2011-01,57931581566.65,102081774,0.0,0.5286448275862069,87,5724.05,1.23,21.46
2011-01-19,2011,Q1,1,January,2011-01,65751580058.3,117148017,0.0,0.5471563218390805,87,5691.05,-0.58,21.09
2011-01-20,2011,Q1,1,January,2011-01,71890680001.65,116766163,0.0,0.5512804597701149,87,5711.6,0.36,21.01
2011-01-21,2011,Q1,1,January,2011-01,56946948639.75,92527440,0.0,0.5428068965517242,87,5696.5,-0.26,21.03
2011-01-24,2011,Q1,1,January,2011-01,67110900344.5,98146044,0.0,0.5918436781609195,87,5743.25,0.82,20.17
2011-01-25,2011,Q1,1,January,2011-01,75326355893.65,116433803,0.0,0.5662977011494252,87,5687.4,-0.97,20.78
2011-01-27,2011,Q1,1,January,2011-01,88595555124.75,167601642,0.0,0.6291781609195403,87,5604.3,-1.46,22.09
2011-01-28,2011,Q1,1,January,2011-01,85696110183.6,156386082,0.0,0.5850908045977011,87,5512.15,-1.64,22.58
2011-01-31,2011,Q1,1,January,2011-01,80265419289.2,140888433,0.0,0.5490977011494254,87,5505.9,-0.11,23.41
2011-02-01,2011,Q1,2,February,2011-02,78942290647.4,141233245,0.0,0.5484931034482758,87,5417.2,-1.61,23.73
2011-02-02,2011,Q1,2,February,2011-02,79124168712.25,148909591,0.0,0.5575091954022989,87,5432.0,0.27,23.52
2011-02-03,2011,Q1,2,February,2011-02,61868346446.049995,118829826,0.0,0.5025896551724137,87,5526.75,1.74,22.69
2011-02-04,2011,Q1,2,February,2011-02,73135298130.3,131025579,0.0,0.5208045977011494,87,5395.75,-2.37,24.41
2011-02-07,2011,Q1,2,February,2011-02,57733363169.1,108126864,0.0,0.5505379310344828,87,5396.0,0.0,24.69
2011-02-08,2011,Q1,2,February,2011-02,66057200300.0,120045348,0.0,0.5554666666666667,87,5312.55,-1.55,24.74
2011-02-09,2011,Q1,2,February,2011-02,82216108758.8,156732484,0.0,0.5705551724137932,87,5253.55,-1.11,25.24
2011-02-10,2011,Q1,2,February,2011-02,71836884128.25,134132935,0.0,0.5632413793103449,87,5225.8,-0.53,24.82
2011-02-11,2011,Q1,2,February,2011-02,68457996757.9,129804497,0.0,0.5701896551724137,87,5310.0,1.61,23.47
2011-02-14,2011,Q1,2,February,2011-02,67331707881.0,115293140,0.0,0.5312942528735632,87,5456.0,2.75,22.58
2011-02-15,2011,Q1,2,February,2011-02,64516972547.100006,109868553,0.0,0.5012919540229885,87,5481.0,0.46,22.85
2011-02-16,2011,Q1,2,February,2011-02,50533082550.35,95289550,0.0,0.508864367816092,87,5481.7,0.01,23.05
2011-02-17,2011,Q1,2,February,2011-02,50889777934.55,87935585,0.0,0.5203563218390804,87,5546.45,1.18,22.57
2011-02-18,2011,Q1,2,February,2011-02,68147469939.05,111174260,0.0,0.5316218390804598,87,5458.95,-1.58,24.18
2011-02-21,2011,Q1,2,February,2011-02,56971457566.1,92396082,0.0,0.5204977011494253,87,5518.6,1.09,24.91
2011-02-22,2011,Q1,2,February,2011-02,67435591337.05,103281144,0.0,0.5309011494252873,87,5469.2,-0.9,26.85
2011-02-23,2011,Q1,2,February,2011-02,58382060812.0,108047181,0.0,0.5256908045977012,87,5437.35,-0.58,26.55
2011-02-24,2011,Q1,2,February,2011-02,105562371893.59999,223225800,0.0,0.5943459770114943,87,5262.7,-3.21,28.2
2011-02-25,2011,Q1,2,February,2011-02,70691708595.0,141689417,0.0,0.5403643678160919,87,5303.55,0.78,27.27
2011-02-28,2011,Q1,2,February,2011-02,96951381143.5,253280830,0.0,0.4952022988505747,87,5333.25,0.56,24.4
2011-03-01,2011,Q1,3,March,2011-03,70091562496.05,151360051,0.0,0.5465540229885057,87,5522.3,3.54,22.22
2011-03-03,2011,Q1,3,March,2011-03,82963609396.2,142413389,0.0,0.4944494252873563,87,5536.2,0.25,22.96
2011-03-04,2011,Q1,3,March,2011-03,62717121843.8,107423103,0.0,0.5156873563218392,87,5538.75,0.05,22.91
2011-03-07,2011,Q1,3,March,2011-03,51579167829.45,98272020,0.0,0.4971195402298851,87,5463.15,-1.36,25.22
2011-03-08,2011,Q1,3,March,2011-03,52556727350.65,92400510,0.0,0.5318781609195402,87,5520.8,1.06,23.67
2011-03-09,2011,Q1,3,March,2011-03,53122064299.5,91038342,0.0,0.5023183908045977,87,5531.0,0.18,23.28
2011-03-10,2011,Q1,3,March,2011-03,40558240318.0,76184868,0.0,0.5315908045977011,87,5494.4,-0.66,23.53
2011-03-11,2011,Q1,3,March,2011-03,49746721117.5,91317266,0.0,0.5048103448275862,87,5445.45,-0.89,24.13
2011-03-14,2011,Q1,3,March,2011-03,43570420832.7,77493055,0.0,0.5200896551724138,87,5531.5,1.58,23.3
2011-03-15,2011,Q1,3,March,2011-03,65830801145.5,112713725,0.0,0.5064931034482759,87,5449.65,-1.48,26.63
2011-03-16,2011,Q1,3,March,2011-03,53294398839.7,89569915,0.0,0.5537528735632183,87,5511.15,1.13,24.89
2011-03-17,2011,Q1,3,March,2011-03,53226790957.049995,88550657,0.0,0.5307850574712644,87,5446.65,-1.17,25.26
2011-03-18,2011,Q1,3,March,2011-03,56658400939.45,104485829,0.0,0.5415540229885057,87,5373.7,-1.34,25.89
2011-03-21,2011,Q1,3,March,2011-03,39717416037.15,77032511,0.0,0.5079666666666667,87,5364.75,-0.17,25.21
2011-03-22,2011,Q1,3,March,2011-03,40462407845.7,76039073,0.0,0.49982873563218394,87,5413.85,0.92,22.26
2011-03-23,2011,Q1,3,March,2011-03,45624670705.35,81745055,0.0,0.5545954022988506,87,5480.25,1.23,20.97
2011-03-24,2011,Q1,3,March,2011-03,41115666757.95,79153258,0.0,0.5633459770114942,87,5522.4,0.77,19.84
2011-03-25,2011,Q1,3,March,2011-03,60360394845.45,113041705,0.0,0.5841977011494253,87,5654.25,2.39,20.47
2011-03-28,2011,Q1,3,March,2011-03,63287180797.15,110117863,0.0,0.5760609195402299,87,5687.25,0.58,21.02
2011-03-29,2011,Q1,3,March,2011-03,66642072433.75,125075470,0.0,0.58536091954023,87,5736.35,0.86,21.22
2011-03-30,2011,Q1,3,March,2011-03,64063401869.15,127711269,0.0,0.5659689655172414,87,5787.65,0.89,22.04
2011-03-31,2011,Q1,3,March,2011-03,118443646583.95,202945414,0.0,0.6013091954022988,87,5833.75,0.8,22.18
2011-04-01,2011,Q2,4,April,2011-04,54592856479.6,104811406,0.0,0.5445850574712644,87,5826.05,-0.13,20.11
2011-04-04,2011,Q2,4,April,2011-04,49117974428.15,86020722,0.0,0.5193689655172413,87,5908.45,1.41,20.06
2011-04-05,2011,Q2,4,April,2011-04,49855236235.0,83623614,0.0,0.5077206896551725,87,5910.05,0.03,19.9
2011-04-06,2011,Q2,4,April,2011-04,57768047484.5,97175223,0.0,0.5252712643678161,87,5891.75,-0.31,20.36
2011-04-07,2011,Q2,4,April,2011-04,50390979939.25,99408143,0.0,0.5352091954022988,87,5885.7,-0.1,20.32
2011-04-08,2011,Q2,4,April,2011-04,52174151259.1,97668291,0.0,0.5591919540229885,87,5842.0,-0.74,20.54
2011-04-11,2011,Q2,4,April,2011-04,45892518177.5,87789031,0.0,0.5468862068965517,87,5785.7,-0.96,21.24
2011-04-13,2011,Q2,4,April,2011-04,65221180513.600006,118110911,0.0,0.5515379310344828,87,5911.5,2.17,20.41
2011-04-15,2011,Q2,4,April,2011-04,89656072427.15,108735143,0.0,0.5248195402298851,87,5824.55,-1.47,21.59
2011-04-18,2011,Q2,4,April,2011-04,74611677076.1,103528893,0.0,0.5131183908045978,87,5729.1,-1.64,22.45
2011-04-19,2011,Q2,4,April,2011-04,52142338507.55,92177073,0.0,0.4699218390804598,87,5740.75,0.2,22.07
2011-04-20,2011,Q2,4,April,2011-04,61551256701.2,102729375,0.0,0.5228011494252873,87,5851.65,1.93,20.99
2011-04-21,2011,Q2,4,April,2011-04,69727860933.59999,112669645,0.0,0.5242816091954022,87,5884.7,0.56,20.51
2011-04-25,2011,Q2,4,April,2011-04,50227333774.3,72182676,0.0,0.49269540229885056,87,5874.5,-0.17,20.91
2011-04-26,2011,Q2,4,April,2011-04,57813357302.4,95735351,0.0,0.5041229885057471,87,5868.4,-0.1,21.71
2011-04-27,2011,Q2,4,April,2011-04,56354622189.5,103570445,0.0,0.5507022988505746,87,5833.9,-0.59,21.35
2011-04-28,2011,Q2,4,April,2011-04,86513145671.8,152258696,0.0,0.5837908045977012,87,5785.45,-0.83,20.92
2011-04-29,2011,Q2,4,April,2011-04,71872635959.4,170744948,0.0,0.5786724137931034,87,5749.5,-0.62,19.58
2011-05-02,2011,Q2,5,May,2011-05,49174124919.950005,78207515,0.0,0.502864367816092,87,5701.3,-0.84,20.88
2011-05-03,2011,Q2,5,May,2011-05,74092815134.15,102717995,0.0,0.550635632183908,87,5565.25,-2.39,21.58
2011-05-04,2011,Q2,5,May,2011-05,63884936749.25,100254194,0.0,0.5290413793103449,87,5537.15,-0.5,21.18
2011-05-05,2011,Q2,5,May,2011-05,59585108947.049995,108737415,0.0,0.5407137931034482,87,5459.85,-1.4,21.6
2011-05-06,2011,Q2,5,May,2011-05,69928487477.45,161769993,0.0,0.5357625,88,5551.45,1.68,20.97
2011-05-09,2011,Q2,5,May,2011-05,40978002637.2,85364613,0.0,0.4796034090909091,88,5551.1,-0.01,21.5
2011-05-10,2011,Q2,5,May,2011-05,43408927618.4,91240717,0.0,0.42137386363636364,88,5541.25,-0.18,21.74
2011-05-11,2011,Q2,5,May,2011-05,48072688431.85,80203821,0.0,0.5044738636363637,88,5565.05,0.43,21.24
2011-05-12,2011,Q2,5,May,2011-05,44147990387.55,79965916,0.0,0.5105443181818182,88,5486.15,-1.42,21.23
2011-05-13,2011,Q2,5,May,2011-05,57283748906.049995,102236514,0.0,0.49674999999999997,88,5544.75,1.07,20.63
2011-05-16,2011,Q2,5,May,2011-05,45572553184.15,83664901,0.0,0.5257988636363636,88,5499.0,-0.83,21.46
2011-05-17,2011,Q2,5,May,2011-05,69782636393.4,109177400,0.0,0.5137977272727272,88,5438.95,-1.09,21.03
2011-05-18,2011,Q2,5,May,2011-05,67641558976.0,102552516,0.0,0.5278568181818182,88,5420.6,-0.34,20.71
2011-05-19,2011,Q2,5,May,2011-05,58088116133.65,87428092,0.0,0.5061363636363636,88,5428.1,0.14,20.41
2011-05-20,2011,Q2,5,May,2011-05,60197827727.85,110515022,0.0,0.5191579545454545,88,5486.35,1.07,19.45
2011-05-23,2011,Q2,5,May,2011-05,49605234786.15,88835680,0.0,0.5279352272727272,88,5386.55,-1.82,21.04
2011-05-24,2011,Q2,5,May,2011-05,51756445054.55,115106230,0.0,0.5410886363636364,88,5394.85,0.15,19.93
2011-05-25,2011,Q2,5,May,2011-05,60454860591.95,126335695,0.0,0.5224238636363636,88,5348.95,-0.85,20.66
2011-05-26,2011,Q2,5,May,2011-05,84080649004.4,180708008,0.0,0.5599840909090908,88,5412.35,1.19,19.18
2011-05-27,2011,Q2,5,May,2011-05,64721390334.5,142672598,0.0,0.5369602272727273,88,5476.1,1.18,17.25
2011-05-30,2011,Q2,5,May,2011-05,47529719627.25,95682167,0.0,0.5353511363636364,88,5473.1,-0.05,17.87
2011-05-31,2011,Q2,5,May,2011-05,95244227846.1,198548112,0.0,0.6039045454545454,88,5560.15,1.59,16.82
2011-06-01,2011,Q2,6,June,2011-06,49411274305.3,90300104,1711797.0,0.4825852272727273,88,5592.0,0.57,16.73
2011-06-02,2011,Q2,6,June,2011-06,45464898595.450005,87610759,1532336.0,0.4989340909090909,88,5550.35,-0.74,17.98
2011-06-03,2011,Q2,6,June,2011-06,44985115618.55,74542494,1499755.0,0.4961306818181818,88,5516.75,-0.61,17.61
2011-06-06,2011,Q2,6,June,2011-06,34797301987.05,64979063,1188103.0,0.48834431818181817,88,5532.05,0.28,18.21
2011-06-07,2011,Q2,6,June,2011-06,40254072220.7,76741261,1372251.0,0.5186318181818182,88,5556.15,0.44,18.03
2011-06-08,2011,Q2,6,June,2011-06,41144277818.95,84841918,1431483.0,0.5068829545454545,88,5526.85,-0.53,18.58
2011-06-09,2011,Q2,6,June,2011-06,40003858050.5,68962355,1363156.0,0.4816965909090909,88,5521.05,-0.1,18.58
2011-06-10,2011,Q2,6,June,2011-06,42848290464.35,76317583,1520244.0,0.5247659090909091,88,5485.8,-0.64,18.54
2011-06-13,2011,Q2,6,June,2011-06,42662793913.15,75852092,1420386.0,0.5438829545454545,88,5482.8,-0.05,18.91
2011-06-14,2011,Q2,6,June,2011-06,50288379680.200005,89114024,1606939.0,0.5872102272727273,88,5500.5,0.32,18.51
2011-06-15,2011,Q2,6,June,2011-06,47656341482.5,83844461,1716123.0,0.5751215909090909,88,5447.5,-0.96,19.14
2011-06-16,2011,Q2,6,June,2011-06,52645956247.75,91432633,1598110.0,0.5506693181818182,88,5396.75,-0.93,19.66
2011-06-17,2011,Q2,6,June,2011-06,47973829565.65,90401253,1587692.0,0.5321397727272728,88,5366.4,-0.56,20.27
2011-06-20,2011,Q2,6,June,2011-06,62810322347.7,116711772,2097688.0,0.5606306818181819,88,5257.9,-2.02,22.18
2011-06-21,2011,Q2,6,June,2011-06,48441875920.3,90378031,1595439.0,0.532775,88,5275.85,0.34,21.31
2011-06-22,2011,Q2,6,June,2011-06,45282050324.85,83506023,1588553.0,0.5494886363636363,88,5278.3,0.05,20.89
2011-06-23,2011,Q2,6,June,2011-06,41439598764.55,97675441,1588556.0,0.5480261363636364,88,5320.0,0.79,19.5
2011-06-24,2011,Q2,6,June,2011-06,70225902199.2,135335590,2134506.0,0.5830193181818182,88,5471.25,2.84,19.32
2011-06-27,2011,Q2,6,June,2011-06,70584935849.95,145952567,2216779.0,0.5739386363636364,88,5526.6,1.01,19.99
2011-06-28,2011,Q2,6,June,2011-06,52299330233.25,112736654,1682223.0,0.5631215909090909,88,5545.3,0.34,19.49
2011-06-29,2011,Q2,6,June,2011-06,54042513134.15,108427057,1724843.0,0.5650340909090908,88,5600.45,0.99,19.46
2011-06-30,2011,Q2,6,June,2011-06,83429523575.45,181134393,2156629.0,0.6078602272727273,88,5647.4,0.84,18.41
2011-07-01,2011,Q3,7,July,2011-07,56068638410.75,129057724,1846825.0,0.5394659090909091,88,5627.2,-0.36,18.21
2011-07-04,2011,Q3,7,July,2011-07,42810793260.7,93653147,1530078.0,0.5612284090909091,88,5650.5,0.41,18.17
2011-07-05,2011,Q3,7,July,2011-07,48935953383.1,98921981,1486040.0,0.5726022727272727,88,5632.1,-0.33,18.25
2011-07-06,2011,Q3,7,July,2011-07,44709010545.9,97009570,1713235.0,0.5563090909090909,88,5625.45,-0.12,18.34
2011-07-07,2011,Q3,7,July,2011-07,55250476508.049995,106645498,1822421.0,0.5771306818181818,88,5728.95,1.84,18.62
2011-07-08,2011,Q3,7,July,2011-07,59809609048.75,126191406,1895821.0,0.5589500000000001,88,5660.65,-1.19,18.67
2011-07-11,2011,Q3,7,July,2011-07,40901685659.5,81604527,1345418.0,0.5428693181818182,88,5616.1,-0.79,19.69
2011-07-12,2011,Q3,7,July,2011-07,54966047132.75,104741727,1762074.0,0.5131704545454545,88,5526.15,-1.6,20.83
2011-07-13,2011,Q3,7,July,2011-07,48264638186.0,100124296,1600622.0,0.5538136363636363,88,5585.45,1.07,19.52
2011-07-14,2011,Q3,7,July,2011-07,59728035155.1,140650864,1871767.0,0.5054295454545454,88,5599.8,0.26,19.97
2011-07-15,2011,Q3,7,July,2011-07,38971277128.7,81603903,1509488.0,0.5121022727272727,88,5581.1,-0.33,19.95
2011-07-18,2011,Q3,7,July,2011-07,34630638376.65,76708964,1334212.0,0.5262125,88,5567.05,-0.25,20.2
2011-07-19,2011,Q3,7,July,2011-07,41672400629.6,88942188,1577055.0,0.5163215909090909,88,5613.55,0.84,19.25
2011-07-20,2011,Q3,7,July,2011-07,42151019187.5,94913211,1756035.0,0.5471022727272727,88,5567.05,-0.83,19.11
2011-07-21,2011,Q3,7,July,2011-07,44294372212.9,108925682,1605728.0,0.5409704545454546,88,5541.6,-0.46,18.75
2011-07-22,2011,Q3,7,July,2011-07,55098788578.15,127446772,1795528.0,0.5573363636363636,88,5633.95,1.67,17.91
2011-07-25,2011,Q3,7,July,2011-07,54693165917.2,113557338,1946496.0,0.5834102272727273,88,5680.3,0.82,19.2
2011-07-26,2011,Q3,7,July,2011-07,60980586935.65,113680205,2324910.0,0.5491011363636363,88,5574.85,-1.86,19.3
2011-07-27,2011,Q3,7,July,2011-07,53652231601.4,109842159,1946872.0,0.5368090909090909,88,5546.8,-0.5,18.25
2011-07-28,2011,Q3,7,July,2011-07,73899725211.75,162735761,2246060.0,0.5701295454545454,88,5487.75,-1.06,18.51
2011-07-29,2011,Q3,7,July,2011-07,58589875946.9,131264699,2051218.0,0.5539738636363636,88,5482.0,-0.1,19.77
2011-08-01,2011,Q3,8,August,2011-08,44286304778.0,87892972,1542782.0,0.5247215909090909,88,5516.8,0.63,18.78
2011-08-02,2011,Q3,8,August,2011-08,45279021131.3,96815653,1600672.0,0.5616352272727273,88,5456.55,-1.09,19.15
2011-08-03,2011,Q3,8,August,2011-08,54814502455.95,116157234,1738263.0,0.5434056818181818,88,5404.8,-0.95,19.48
2011-08-04,2011,Q3,8,August,2011-08,52038374687.25,109816807,1688075.0,0.5405454545454546,88,5331.8,-1.35,20.22
2011-08-05,2011,Q3,8,August,2011-08,75946192943.95,170868701,2536936.0,0.5734204545454545,88,5211.25,-2.26,24.9
2011-08-08,2011,Q3,8,August,2011-08,74951884180.1,171543162,2611084.0,0.5406659090909091,88,5118.5,-1.78,28.78
2011-08-09,2011,Q3,8,August,2011-08,91770686924.4,198129737,2941627.0,0.5524193181818182,88,5072.85,-0.89,34.88
2011-08-10,2011,Q3,8,August,2011-08,64537504388.65,144380261,2351050.0,0.5751988636363636,88,5161.0,1.74,28.95
2011-08-11,2011,Q3,8,August,2011-08,48400469733.7,100368175,1801231.0,0.5375693181818182,88,5138.3,-0.44,29.09
2011-08-12,2011,Q3,8,August,2011-08,59065070966.15,116128795,2094772.0,0.5687477272727273,88,5072.95,-1.27,27.02
2011-08-16,2011,Q3,8,August,2011-08,51130870775.7,106442653,1813213.0,0.5753261363636364,88,5035.8,-0.73,26.46
2011-08-17,2011,Q3,8,August,2011-08,56413097983.8,124365390,1956473.0,0.5422670454545455,88,5056.6,0.41,25.48
2011-08-18,2011,Q3,8,August,2011-08,58549398719.45,128263101,2112451.0,0.5542750000000001,88,4944.15,-2.22,27.45
2011-08-19,2011,Q3,8,August,2011-08,74834809646.05,154632915,2308469.0,0.5347011363636364,88,4845.65,-1.99,29.19
2011-08-22,2011,Q3,8,August,2011-08,54320312456.1,114065114,1798371.0,0.5328363636363637,88,4898.8,1.1,27.08
2011-08-23,2011,Q3,8,August,2011-08,57620565417.75,123412353,2137603.0,0.5140772727272727,88,4948.9,1.02,25.92
2011-08-24,2011,Q3,8,August,2011-08,53050687756.95,114124608,1996176.0,0.5240931818181818,88,4888.9,-1.21,28.6
2011-08-25,2011,Q3,8,August,2011-08,79472636953.8,166942955,2357637.0,0.5703625,88,4839.6,-1.01,27.94
2011-08-26,2011,Q3,8,August,2011-08,56406878483.2,115604193,2091544.0,0.5572261363636364,88,4747.8,-1.9,33.26
2011-08-29,2011,Q3,8,August,2011-08,52191088138.1,107299021,1815182.0,0.5411602272727273,88,4919.6,3.62,26.07
2011-08-30,2011,Q3,8,August,2011-08,65932424245.0,134985158,2284641.0,0.5503704545454545,88,5001.0,1.65,24.88
2011-09-02,2011,Q3,9,September,2011-09,76030592921.0,158831210,2706892.0,0.5703420454545455,88,5040.0,0.78,26.09
2011-09-05,2011,Q3,9,September,2011-09,60004447779.9,123359838,1798654.0,0.5448534090909091,88,5017.2,-0.45,27.83
2011-09-06,2011,Q3,9,September,2011-09,70358682802.05,146567063,2294625.0,0.55075,88,5064.3,0.94,28.66
2011-09-07,2011,Q3,9,September,2011-09,64372084598.700005,137122128,2084883.0,0.5412556818181818,88,5124.65,1.19,27.86
2011-09-08,2011,Q3,9,September,2011-09,57766293982.7,108671631,1745136.0,0.5099875,88,5153.25,0.56,27.64
2011-09-09,2011,Q3,9,September,2011-09,61899711637.05,119774972,1806193.0,0.5237238636363636,88,5059.45,-1.82,28.15
2011-09-12,2011,Q3,9,September,2011-09,51670515180.450005,116611112,1852676.0,0.5092988636363637,88,4946.8,-2.23,32.75
2011-09-13,2011,Q3,9,September,2011-09,50746420841.0,115650584,1773507.0,0.4641454545454545,88,4940.95,-0.12,32.77
2011-09-14,2011,Q3,9,September,2011-09,62006884905.9,121930911,2166551.0,0.5012772727272727,88,5012.55,1.45,32.45
2011-09-15,2011,Q3,9,September,2011-09,56281513971.8,120117298,2063936.0,0.4735079545454546,88,5075.7,1.26,30.79
2011-09-16,2011,Q3,9,September,2011-09,83273341703.9,193029942,2601561.0,0.5557556818181818,88,5084.25,0.17,28.45
2011-09-19,2011,Q3,9,September,2011-09,39417556547.5,95614968,1592705.0,0.5062375,88,5031.95,-1.03,29.6
2011-09-20,2011,Q3,9,September,2011-09,51780883217.35,115961821,1849681.0,0.5349988636363636,88,5140.2,2.15,27.25
2011-09-21,2011,Q3,9,September,2011-09,51114922036.9,110163473,1957605.0,0.5188818181818182,88,5133.25,-0.14,27.67
2011-09-22,2011,Q3,9,September,2011-09,54328451849.25,116404464,2011270.0,0.5512193181818182,88,4923.65,-4.08,33.88
2011-09-23,2011,Q3,9,September,2011-09,69992320994.2,156096153,2359405.0,0.5059238636363635,88,4867.75,-1.14,35.16
2011-09-26,2011,Q3,9,September,2011-09,54502228547.85,126493168,2059390.0,0.5088011363636364,88,4835.4,-0.66,35.43
2011-09-27,2011,Q3,9,September,2011-09,50472126157.45,117839290,1825002.0,0.5572090909090909,88,4971.25,2.81,32.01
2011-09-28,2011,Q3,9,September,2011-09,59475501841.9,134314432,2174368.0,0.5557329545454546,88,4945.9,-0.51,32.0
2011-09-29,2011,Q3,9,September,2011-09,81655972483.3,177177811,2586180.0,0.5782113636363637,88,5015.45,1.41,31.07
2011-09-30,2011,Q3,9,September,2011-09,64632402099.8,140337431,2544020.0,0.5480068181818182,88,4943.25,-1.44,31.94
2011-10-03,2011,Q4,10,October,2011-10,51286787017.9,114438865,2074290.0,0.5575806818181819,88,4849.5,-1.9,35.07
2011-10-04,2011,Q4,10,October,2011-10,67281441202.549995,147244303,2463388.0,0.5685238636363636,88,4772.15,-1.6,37.19
2011-10-05,2011,Q4,10,October,2011-10,62455584335.700005,139486017,2152403.0,0.5444863636363636,88,4751.3,-0.44,35.37
2011-10-07,2011,Q4,10,October,2011-10,70355476893.7,175775049,2574306.0,0.6084818181818181,88,4888.05,2.88,33.02
2011-10-10,2011,Q4,10,October,2011-10,59925977900.85,148320537,2054625.0,0.5819102272727273,88,4979.6,1.87,30.03
2011-10-11,2011,Q4,10,October,2011-10,61079403347.799995,144094864,2164171.0,0.5845011363636364,88,4974.35,-0.11,30.3
2011-10-12,2011,Q4,10,October,2011-10,74024472473.15,153529175,2315229.0,0.5602545454545454,88,5099.4,2.51,28.41
2011-10-13,2011,Q4,10,October,2011-10,62364377962.4,126592748,2157622.0,0.5414556818181818,88,5077.85,-0.42,28.24
2011-10-14,2011,Q4,10,October,2011-10,59723998084.25,131790799,2003463.0,0.5482693181818182,88,5132.3,1.07,25.98
2011-10-17,2011,Q4,10,October,2011-10,51767560402.4,122056966,1916836.0,0.5415636363636364,88,5118.25,-0.27,25.43
2011-10-18,2011,Q4,10,October,2011-10,53242969319.35,120764204,1973564.0,0.5339522727272727,88,5037.5,-1.58,25.9
2011-10-19,2011,Q4,10,October,2011-10,48568576221.8,108460309,1784136.0,0.5558022727272728,88,5139.15,2.02,24.05
2011-10-20,2011,Q4,10,October,2011-10,46089695151.2,99584917,1655717.0,0.5158125,88,5091.9,-0.92,25.6
2011-10-21,2011,Q4,10,October,2011-10,49047617630.85,98478130,1737210.0,0.5353420454545454,88,5049.95,-0.82,26.3
2011-10-24,2011,Q4,10,October,2011-10,48866281499.15,103491374,1711121.0,0.5774306818181818,88,5098.35,0.96,25.22
2011-10-25,2011,Q4,10,October,2011-10,98868830826.8,197253504,2587878.0,0.602415909090909,88,5191.6,1.83,22.31
2011-10-26,2011,Q4,10,October,2011-10,10508714939.55,24080273,407522.0,0.48010227272727274,88,5201.8,0.2,22.69
2011-10-28,2011,Q4,10,October,2011-10,84668747721.45,191862096,3024660.0,0.6579443181818182,88,5360.7,3.05,20.89
2011-10-31,2011,Q4,10,October,2011-10,60447602800.4,133425114,2152683.0,0.5888897727272727,88,5326.6,-0.64,22.66
2011-11-01,2011,Q4,11,November,2011-11,56506239969.1,129775291,2033013.0,0.5461647727272727,88,5257.95,-1.29,24.02
2011-11-02,2011,Q4,11,November,2011-11,48795343420.1,114676396,1761366.0,0.49582045454545454,88,5258.45,0.01,24.89
2011-11-03,2011,Q4,11,November,2011-11,55155576578.75,122386499,1861618.0,0.5217261363636364,88,5265.75,0.14,24.66
2011-11-04,2011,Q4,11,November,2011-11,54983975303.4,126930246,1928231.0,0.5491738636363637,88,5284.2,0.35,23.43
2011-11-08,2011,Q4,11,November,2011-11,41095673092.9,91841812,1614815.0,0.5134590909090909,88,5289.35,0.1,23.71
2011-11-09,2011,Q4,11,November,2011-11,68220125370.049995,132105441,2253672.0,0.5466306818181818,88,5221.05,-1.29,24.3
2011-11-11,2011,Q4,11,November,2011-11,72109289864.25,163561032,2603939.0,0.5865568181818182,88,5168.85,-1.0,24.74
2011-11-14,2011,Q4,11,November,2011-11,53787261842.7,117593661,1836174.0,0.5650920454545454,88,5148.35,-0.4,25.29
2011-11-15,2011,Q4,11,November,2011-11,53881884893.25,135120442,2136109.0,0.5754988636363637,88,5068.5,-1.55,25.97
2011-11-16,2011,Q4,11,November,2011-11,59710787264.8,142438525,2276045.0,0.5613318181818182,88,5030.45,-0.75,25.04
2011-11-17,2011,Q4,11,November,2011-11,52552511662.4,120153507,2087786.0,0.5706193181818182,88,4934.75,-1.9,26.92
2011-11-18,2011,Q4,11,November,2011-11,62596082672.75,146806409,2531243.0,0.5536306818181819,88,4905.8,-0.59,26.58
2011-11-21,2011,Q4,11,November,2011-11,53193473916.2,124789298,2092026.0,0.574421590909091,88,4778.35,-2.6,28.61
2011-11-22,2011,Q4,11,November,2011-11,64027209859.35,155679193,2437471.0,0.5579727272727273,88,4812.35,0.71,27.35
2011-11-23,2011,Q4,11,November,2011-11,61654495243.4,145288709,2501494.0,0.5783136363636363,88,4706.45,-2.2,30.68
2011-11-24,2011,Q4,11,November,2011-11,73432351486.85,183414627,2291352.0,0.5670613636363636,88,4756.45,1.06,27.95
2011-11-25,2011,Q4,11,November,2011-11,57871836431.9,142471383,2065647.0,0.5362704545454545,88,4710.05,-0.98,29.12
2011-11-28,2011,Q4,11,November,2011-11,49341834138.1,137990103,1992981.0,0.5520272727272727,88,4851.3,3.0,26.64
2011-11-29,2011,Q4,11,November,2011-11,58024862714.65,131030353,2225453.0,0.5181181818181818,88,4805.1,-0.95,26.87
2011-11-30,2011,Q4,11,November,2011-11,117294934964.05,259414693,2935629.0,0.5825329545454546,88,4832.05,0.56,26.55
2011-12-01,2011,Q4,12,December,2011-12,63824334734.2,149681248,2360257.0,0.5414795454545455,88,4936.85,2.17,25.02
2011-12-02,2011,Q4,12,December,2011-12,63262859772.3,144428892,2263378.0,0.5232545454545454,88,5050.15,2.29,23.99
2011-12-05,2011,Q4,12,December,2011-12,45513695445.75,106541676,1833997.0,0.49517954545454546,88,5039.15,-0.22,25.02
2011-12-07,2011,Q4,12,December,2011-12,61047586109.1,144799519,2489501.0,0.5705965909090909,88,5062.6,0.47,26.46
2011-12-08,2011,Q4,12,December,2011-12,58631915455.0,129112400,2222275.0,0.5436886363636364,88,4943.65,-2.35,28.58
2011-12-09,2011,Q4,12,December,2011-12,58675378151.450005,127893186,2122296.0,0.49607727272727276,88,4866.7,-1.56,29.53
2011-12-12,2011,Q4,12,December,2011-12,56990699494.7,134491812,2093769.0,0.5420568181818182,88,4764.6,-2.1,29.27
2011-12-13,2011,Q4,12,December,2011-12,57958988128.700005,151023483,2443918.0,0.5283488636363637,88,4800.6,0.76,28.11
2011-12-14,2011,Q4,12,December,2011-12,63732229079.15,148866911,2368952.0,0.5416272727272727,88,4763.25,-0.78,28.79
2011-12-15,2011,Q4,12,December,2011-12,70363570872.9,180137314,2664055.0,0.5666159090909091,88,4746.35,-0.35,28.81
2011-12-16,2011,Q4,12,December,2011-12,71839201408.3,165040635,2771551.0,0.5302272727272727,88,4651.6,-2.0,29.69
2011-12-19,2011,Q4,12,December,2011-12,64180699082.7,159676884,2497995.0,0.5524818181818182,88,4613.1,-0.83,30.58
2011-12-20,2011,Q4,12,December,2011-12,60901832026.6,147788842,2477983.0,0.531290909090909,88,4544.2,-1.49,30.53
2011-12-21,2011,Q4,12,December,2011-12,64302393806.649994,156238721,2421928.0,0.5658738636363636,88,4693.15,3.28,27.53
2011-12-22,2011,Q4,12,December,2011-12,60041478201.3,140860370,2206271.0,0.5048022727272727,88,4733.85,0.87,26.84
2011-12-23,2011,Q4,12,December,2011-12,46364706048.950005,110300313,1976060.0,0.4937193181818182,88,4714.0,-0.42,27.39
2011-12-26,2011,Q4,12,December,2011-12,30201124430.8,72855167,1257392.0,0.44798295454545456,88,4779.0,1.38,26.6
2011-12-27,2011,Q4,12,December,2011-12,33359280909.25,80686877,1304623.0,0.48119090909090906,88,4750.5,-0.6,
2011-12-28,2011,Q4,12,December,2011-12,35834296830.85,87808634,1472346.0,0.5070954545454546,88,4705.8,-0.94,26.74
2011-12-29,2011,Q4,12,December,2011-12,51830681219.25,133145505,1732116.0,0.5470420454545454,88,4646.25,-1.27,26.62
2011-12-30,2011,Q4,12,December,2011-12,39402740994.35,100235542,1803872.0,0.5112715909090909,88,4624.3,-0.47,27.11
2012-01-02,2012,Q1,1,January,2012-01,36053449290.55,87464038,1573808.0,0.43191022727272727,88,4636.75,0.27,27.53
2012-01-03,2012,Q1,1,January,2012-01,50505515069.6,123913556,2240875.0,0.5086738636363637,88,4765.3,2.77,26.16
2012-01-04,2012,Q1,1,January,2012-01,58545728650.15,147258861,2376007.0,0.5148272727272727,88,4749.65,-0.33,26.41
2012-01-05,2012,Q1,1,January,2012-01,59568769231.95,148150412,2407876.0,0.5161238636363636,88,4749.95,0.01,25.91
2012-01-06,2012,Q1,1,January,2012-01,51005326671.35,125895871,2154903.0,0.5162715909090909,88,4754.1,0.09,25.46
2012-01-07,2012,Q1,1,January,2012-01,3510275229.2,8666742,152030.0,0.37141704545454546,88,,,
2012-01-09,2012,Q1,1,January,2012-01,42936784070.7,104313976,1839858.0,0.5114852272727273,88,4742.8,-0.24,25.68
2012-01-10,2012,Q1,1,January,2012-01,60912255801.05,160358827,2209882.0,0.5740909090909091,88,4849.55,2.25,24.0
2012-01-11,2012,Q1,1,January,2012-01,63725081931.850006,162489135,2432685.0,0.5664477272727273,88,4860.95,0.24,24.54
2012-01-12,2012,Q1,1,January,2012-01,74441937325.65,143079061,2626193.0,0.5258522727272728,88,4831.25,-0.61,24.03
2012-01-13,2012,Q1,1,January,2012-01,70597384145.7,177501446,2637647.0,0.54015,88,4866.0,0.72,23.48
2012-01-16,2012,Q1,1,January,2012-01,53114636354.1,123297087,2113555.0,0.5271238636363637,88,4873.9,0.16,24.07
2012-01-17,2012,Q1,1,January,2012-01,69743674188.59999,172648413,2674497.0,0.5857670454545455,88,4967.3,1.92,22.61
2012-01-18,2012,Q1,1,January,2012-01,71215407597.85,160346347,2712526.0,0.5366124999999999,88,4955.8,-0.23,22.68
2012-01-19,2012,Q1,1,January,2012-01,59947067170.9,144349400,2602834.0,0.5609954545454546,88,5018.4,1.26,21.68
2012-01-20,2012,Q1,1,January,2012-01,78050017022.0,171527507,2792524.0,0.5590920454545455,88,5048.6,0.6,21.96
2012-01-23,2012,Q1,1,January,2012-01,58444797822.75,131596287,2050702.0,0.5147840909090909,88,5046.25,-0.05,22.14
2012-01-24,2012,Q1,1,January,2012-01,80240162324.75,157402843,2486990.0,0.5506511363636364,88,5127.35,1.61,21.42
2012-01-25,2012,Q1,1,January,2012-01,81379534835.0,186020949,2569538.0,0.5856681818181818,88,5158.3,0.6,21.02
2012-01-27,2012,Q1,1,January,2012-01,75554309035.15,180229466,2926096.0,0.5706113636363637,88,5204.7,0.9,21.7
2012-01-30,2012,Q1,1,January,2012-01,57673804670.6,132810862,2470763.0,0.5882659090909091,88,5087.3,-2.26,23.46
2012-01-31,2012,Q1,1,January,2012-01,78744397709.40001,165942848,2680660.0,0.5713204545454545,88,5199.25,2.2,22.66
2012-02-01,2012,Q1,2,February,2012-02,76431781860.15,182689589,2757749.0,0.5433272727272728,88,5235.7,0.7,22.89
2012-02-02,2012,Q1,2,February,2012-02,98518949492.84999,219869483,3139671.0,0.5625625,88,5269.9,0.65,23.69
2012-02-03,2012,Q1,2,February,2012-02,71042829500.3,161515016,2513786.0,0.5428465909090909,88,5325.85,1.06,24.09
2012-02-06,2012,Q1,2,February,2012-02,75723493818.35,170926161,2728812.0,0.5521056818181819,88,5361.65,0.67,24.62
2012-02-07,2012,Q1,2,February,2012-02,66786267377.0,145117426,2391717.0,0.5469352272727273,88,5335.15,-0.49,24.91
2012-02-08,2012,Q1,2,February,2012-02,90807536006.59999,184232166,2568643.0,0.5696625,88,5368.15,0.62,24.27
2012-02-09,2012,Q1,2,February,2012-02,79152621540.45,198603977,2658752.0,0.5835306818181819,88,5412.35,0.82,23.3
2012-02-10,2012,Q1,2,February,2012-02,72880990245.1,185276216,2499707.0,0.5403193181818181,88,5381.6,-0.57,23.83
2012-02-13,2012,Q1,2,February,2012-02,65343743702.35,137156151,2140436.0,0.5367284090909091,88,5390.2,0.16,23.71
2012-02-14,2012,Q1,2,February,2012-02,64234354236.45,146492633,2228401.0,0.5526352272727273,88,5416.05,0.48,22.71
2012-02-15,2012,Q1,2,February,2012-02,90498299049.8,203925775,2824083.0,0.5742931818181818,88,5531.95,2.14,22.1
2012-02-16,2012,Q1,2,February,2012-02,77930435983.7,172393295,2662552.0,0.5406829545454546,88,5521.95,-0.18,23.33
2012-02-17,2012,Q1,2,February,2012-02,96459671833.75,210640437,2983464.0,0.5755295454545455,88,5564.3,0.77,24.18
2012-02-21,2012,Q1,2,February,2012-02,76541729319.45,173182817,2356004.0,0.5835511363636363,88,5607.15,0.77,26.25
2012-02-22,2012,Q1,2,February,2012-02,90684116276.4,182834753,2677006.0,0.5905147727272727,88,5505.35,-1.82,26.8
2012-02-23,2012,Q1,2,February,2012-02,91012484113.25,200285526,2510894.0,0.5652022727272727,88,5483.3,-0.4,24.33
2012-02-24,2012,Q1,2,February,2012-02,171366742551.25,289371365,2260669.0,0.5464465909090909,88,5429.3,-0.98,24.82
2012-02-27,2012,Q1,2,February,2012-02,71731962833.8,154292598,2308090.0,0.5788159090909091,88,5281.2,-2.73,27.38
2012-02-28,2012,Q1,2,February,2012-02,73374932495.8,140959627,2350369.0,0.5448022727272727,88,5375.5,1.79,25.85
2012-02-29,2012,Q1,2,February,2012-02,79404188125.84999,158636456,2688278.0,0.5147159090909091,88,5385.2,0.18,26.93
2012-03-01,2012,Q1,3,March,2012-03,66840600690.6,152413079,2353281.0,0.4807215909090909,88,5339.75,-0.84,27.67
2012-03-02,2012,Q1,3,March,2012-03,67171617408.95,157255079,2533331.0,0.5317738636363637,88,5359.35,0.37,27.84
2012-03-03,2012,Q1,3,March,2012-03,3198292917.7000003,8043678,130268.0,0.41687471264367815,87,,,
2012-03-05,2012,Q1,3,March,2012-03,50456991182.65,117054222,1806503.0,0.55735,88,5280.35,-1.47,28.92
2012-03-06,2012,Q1,3,March,2012-03,80326767733.2,171799813,2625630.0,0.5208579545454546,88,5222.4,-1.1,27.34
2012-03-07,2012,Q1,3,March,2012-03,64454937538.35,146282718,2399921.0,0.5358545454545455,88,5220.45,-0.04,26.33
2012-03-09,2012,Q1,3,March,2012-03,67785176277.25,154448487,2647480.0,0.5968181818181818,88,5333.55,2.17,25.47
2012-03-12,2012,Q1,3,March,2012-03,62242994858.75,131958151,2286036.0,0.5479647727272727,88,5359.55,0.49,26.27
2012-03-13,2012,Q1,3,March,2012-03,56693114422.7,130038605,2196095.0,0.5608761363636364,88,5429.5,1.31,24.75
2012-03-14,2012,Q1,3,March,2012-03,72305628929.65,143692506,2303798.0,0.5881409090909091,88,5463.9,0.63,24.72
2012-03-15,2012,Q1,3,March,2012-03,60356458250.15,132209051,2230770.0,0.5387272727272727,88,5380.5,-1.53,25.42
2012-03-16,2012,Q1,3,March,2012-03,88913725816.9,203835848,2690988.0,0.5277136363636363,88,5317.9,-1.16,23.13
2012-03-19,2012,Q1,3,March,2012-03,58543230441.0,132809721,1938976.0,0.5491409090909091,88,5257.05,-1.14,22.97
2012-03-20,2012,Q1,3,March,2012-03,58456442702.9,127917011,2018903.0,0.511721590909091,88,5274.85,0.34,21.94
2012-03-21,2012,Q1,3,March,2012-03,66789375523.75,156959047,2493367.0,0.5593636363636364,88,5364.95,1.71,21.0
2012-03-22,2012,Q1,3,March,2012-03,70224684057.0,164587804,2546645.0,0.5286602272727273,88,5228.45,-2.54,24.77
2012-03-23,2012,Q1,3,March,2012-03,61491728415.7,133068805,2146588.0,0.5099238636363637,88,5278.2,0.95,23.34
2012-03-26,2012,Q1,3,March,2012-03,53387201122.3,115631981,1956604.0,0.5546272727272727,88,5184.25,-1.78,26.74
2012-03-27,2012,Q1,3,March,2012-03,70544820961.65,151619409,2197844.0,0.5633852272727272,88,5243.15,1.14,25.05
2012-03-28,2012,Q1,3,March,2012-03,55576079268.1,121263047,2068133.0,0.5569965909090909,88,5194.75,-0.92,24.87
2012-03-29,2012,Q1,3,March,2012-03,81030245245.8,182224880,2276644.0,0.596075,88,5178.85,-0.31,24.33
2012-03-30,2012,Q1,3,March,2012-03,61188258158.75,134112631,2193224.0,0.5770829545454546,88,5295.55,2.25,22.38
2012-04-02,2012,Q2,4,April,2012-04,45676921283.45,110932711,1766920.0,0.5051875,88,5317.9,0.42,20.88
2012-04-03,2012,Q2,4,April,2012-04,50512497182.4,109502200,1842641.0,0.5323,88,5358.5,0.76,20.01
2012-04-04,2012,Q2,4,April,2012-04,38361836859.95,83105999,1438156.0,0.4970136363636364,88,5322.9,-0.66,20.63
2012-04-09,2012,Q2,4,April,2012-04,37149547822.0,78314666,1536842.0,0.5068659090909091,88,5234.4,-1.66,22.33
2012-04-10,2012,Q2,4,April,2012-04,58550775681.1,165548811,2428520.0,0.502675,88,5243.6,0.18,21.92
2012-04-11,2012,Q2,4,April,2012-04,57274323811.200005,126550002,2204694.0,0.5143113636363636,88,5226.85,-0.32,22.29
2012-04-12,2012,Q2,4,April,2012-04,52973539453.25,114137155,1912329.0,0.5268954545454545,88,5276.85,0.96,21.78
2012-04-13,2012,Q2,4,April,2012-04,80718413038.2,129427718,2460753.0,0.4971784090909091,88,5207.45,-1.32,22.75
2012-04-16,2012,Q2,4,April,2012-04,52207801709.700005,98645473,1764366.0,0.5127227272727273,88,5226.2,0.36,22.23
2012-04-17,2012,Q2,4,April,2012-04,71050087523.2,133223622,2264471.0,0.49210113636363634,88,5289.7,1.22,20.31
2012-04-18,2012,Q2,4,April,2012-04,56616268437.049995,122091402,2135740.0,0.525190909090909,88,5300.0,0.19,20.03
2012-04-19,2012,Q2,4,April,2012-04,53892736864.65,117302408,2001449.0,0.49693068181818184,88,5332.4,0.61,19.35
2012-04-20,2012,Q2,4,April,2012-04,51847105680.9,109773926,1829382.0,0.5067886363636364,88,5290.85,-0.78,20.09
2012-04-23,2012,Q2,4,April,2012-04,51223288636.95,108545235,1917568.0,0.5204397727272728,88,5200.6,-1.71,21.57
2012-04-24,2012,Q2,4,April,2012-04,74004382395.75,130549430,2396015.0,0.5392715909090909,88,5222.65,0.42,19.25
2012-04-25,2012,Q2,4,April,2012-04,61285657529.2,113866977,2037236.0,0.4999272727272727,88,5202.0,-0.4,18.94
2012-04-26,2012,Q2,4,April,2012-04,68463902207.6,152362843,2217115.0,0.5818579545454545,88,5189.0,-0.25,18.74
2012-04-27,2012,Q2,4,April,2012-04,58534529728.9,108769816,2119453.0,0.5148056818181819,88,5190.6,0.03,17.89
2012-04-28,2012,Q2,4,April,2012-04,3355296038.6,6711337,135385.0,0.4024875,88,,,
2012-04-30,2012,Q2,4,April,2012-04,46538555978.95,92404480,1828513.0,0.5199068181818182,88,5248.15,1.11,17.82
2012-05-02,2012,Q2,5,May,2012-05,50712244248.65,112760811,2070146.0,0.5319556818181819,88,5239.15,-0.17,18.54
2012-05-03,2012,Q2,5,May,2012-05,57985827149.5,118126816,2070713.0,0.5325534090909091,88,5188.4,-0.97,19.25
2012-05-04,2012,Q2,5,May,2012-05,68031236243.4,144256584,2313624.0,0.5741602272727273,88,5086.85,-1.96,21.12
2012-05-07,2012,Q2,5,May,2012-05,68810294959.4,149362440,2527647.0,0.5268863636363637,88,5114.15,0.54,20.22
2012-05-08,2012,Q2,5,May,2012-05,64320453673.45,144369790,2175565.0,0.5024738636363636,88,4999.95,-2.23,22.16
2012-05-09,2012,Q2,5,May,2012-05,63277716354.85,132609951,2432189.0,0.4775375,88,4974.8,-0.5,23.04
2012-05-10,2012,Q2,5,May,2012-05,53787984209.95,112955794,2011380.0,0.5044886363636364,88,4965.7,-0.18,22.72
2012-05-11,2012,Q2,5,May,2012-05,50086986481.55,106220550,2038854.0,0.5088727272727273,88,4928.9,-0.74,22.48
2012-05-14,2012,Q2,5,May,2012-05,55151383854.4,110935885,1939272.0,0.5514715909090909,88,4907.8,-0.43,23.26
2012-05-15,2012,Q2,5,May,2012-05,55348413394.65,112349147,2071073.0,0.5289238636363636,88,4942.8,0.71,22.28
2012-05-16,2012,Q2,5,May,2012-05,65593509503.85,148795521,2367754.0,0.5407068181818182,88,4858.25,-1.71,23.71
2012-05-17,2012,Q2,5,May,2012-05,59435395103.5,133969534,2247496.0,0.5214863636363636,88,4870.2,0.25,23.59
2012-05-18,2012,Q2,5,May,2012-05,64252985078.15,128329399,2202169.0,0.5151147727272728,88,4891.45,0.44,23.55
2012-05-21,2012,Q2,5,May,2012-05,44291220246.3,92896656,1833017.0,0.5115454545454545,88,4906.05,0.3,23.92
2012-05-22,2012,Q2,5,May,2012-05,51550165640.9,108397822,1930117.0,0.52985,88,4860.5,-0.93,24.39
2012-05-23,2012,Q2,5,May,2012-05,46891401273.2,99275878,1949779.0,0.5242249999999999,88,4835.65,-0.51,27.13
2012-05-24,2012,Q2,5,May,2012-05,51272236809.3,108574234,2076755.0,0.5020102272727273,88,4921.4,1.77,25.49
2012-05-25,2012,Q2,5,May,2012-05,42471724210.2,93184015,1823438.0,0.49942499999999995,88,4920.4,-0.02,25.14
2012-05-28,2012,Q2,5,May,2012-05,39432919514.2,83680302,1513790.0,0.48715681818181816,88,4985.65,1.33,23.68
2012-05-29,2012,Q2,5,May,2012-05,48514785021.8,99455384,1769450.0,0.5306409090909091,88,4990.1,0.09,24.03
2012-05-30,2012,Q2,5,May,2012-05,55723452929.2,133299746,2238564.0,0.5514965909090909,88,4950.75,-0.79,25.3
2012-05-31,2012,Q2,5,May,2012-05,107798739363.40001,261785776,3030963.0,0.6287329545454545,88,4924.25,-0.54,25.25
2012-06-01,2012,Q2,6,June,2012-06,55615245662.1,140282200,2138061.0,0.5204727272727273,88,4841.6,-1.68,26.77
2012-06-04,2012,Q2,6,June,2012-06,54562192646.35,143527213,2137563.0,0.4977534090909091,88,4848.15,0.14,25.6
2012-06-05,2012,Q2,6,June,2012-06,49883140209.15,115624941,1925845.0,0.53685,88,4863.3,0.31,26.26
2012-06-06,2012,Q2,6,June,2012-06,70106644751.1,161638175,2512568.0,0.5690704545454546,88,4997.1,2.75,24.9
2012-06-07,2012,Q2,6,June,2012-06,59223170546.049995,125856838,2376702.0,0.5266568181818182,88,5049.65,1.05,23.64
2012-06-08,2012,Q2,6,June,2012-06,50740722996.1,113675719,1944600.0,0.49923750000000006,88,5068.35,0.37,23.47
2012-06-11,2012,Q2,6,June,2012-06,48214477007.05,112359166,1956263.0,0.5435056818181818,88,5054.1,-0.28,25.02
2012-06-12,2012,Q2,6,June,2012-06,50264775232.65,109019154,1870432.0,0.5060136363636364,88,5115.9,1.22,24.2
2012-06-13,2012,Q2,6,June,2012-06,54785524217.299995,112246073,2013691.0,0.5085772727272727,88,5121.45,0.11,24.36
2012-06-14,2012,Q2,6,June,2012-06,47305448618.35,99181514,1909282.0,0.49784545454545454,88,5054.75,-1.3,25.71
2012-06-15,2012,Q2,6,June,2012-06,59373380864.25,127528830,2074786.0,0.5471647727272727,88,5139.05,1.67,25.54
2012-06-18,2012,Q2,6,June,2012-06,57881866594.6,117879949,2173003.0,0.5160431818181818,88,5064.25,-1.46,22.6
2012-06-19,2012,Q2,6,June,2012-06,51901137082.25,114574969,2151332.0,0.5180159090909091,88,5103.85,0.78,21.43
2012-06-20,2012,Q2,6,June,2012-06,50836137431.450005,116414995,1988887.0,0.5506829545454545,88,5120.55,0.33,21.03
2012-06-21,2012,Q2,6,June,2012-06,55844784592.6,119128213,2008997.0,0.5469409090909091,88,5165.0,0.87,19.94
2012-06-22,2012,Q2,6,June,2012-06,51212834381.65,107570467,1927923.0,0.4890568181818182,88,5146.05,-0.37,20.58
2012-06-25,2012,Q2,6,June,2012-06,46854923428.95,93817920,1626226.0,0.5322113636363637,88,5114.65,-0.61,21.57
2012-06-26,2012,Q2,6,June,2012-06,41388230574.7,87357976,1646433.0,0.5403363636363636,88,5120.8,0.12,20.23
2012-06-27,2012,Q2,6,June,2012-06,43258605742.1,96676952,1662817.0,0.5859045454545455,88,5141.9,0.41,20.37
2012-06-28,2012,Q2,6,June,2012-06,57739729038.0,135775689,1834191.0,0.5820227272727273,88,5149.15,0.14,20.62
2012-06-29,2012,Q2,6,June,2012-06,62706437024.4,136285734,2223267.0,0.6027625,88,5278.9,2.52,19.08
2012-07-02,2012,Q3,7,July,2012-07,47066004209.2,99215934,1777062.0,0.5295420454545454,88,5278.6,-0.01,19.01
2012-07-03,2012,Q3,7,July,2012-07,52778901162.85,117784248,2236032.0,0.555728409090909,88,5287.95,0.18,18.56
2012-07-04,2012,Q3,7,July,2012-07,54834640469.85,120197834,2133995.0,0.5689386363636364,88,5302.55,0.28,18.27
2012-07-05,2012,Q3,7,July,2012-07,45301217017.75,94822210,1536686.0,0.5697375,88,5327.3,0.47,18.35
2012-07-06,2012,Q3,7,July,2012-07,47594380928.65,94228526,1706723.0,0.5398954545454546,88,5316.95,-0.19,18.04
2012-07-09,2012,Q3,7,July,2012-07,42085892567.549995,86948344,1579741.0,0.5560488636363636,88,5275.15,-0.79,18.72
2012-07-10,2012,Q3,7,July,2012-07,50545281551.0,105100547,1857109.0,0.5609261363636363,88,5345.35,1.33,17.83
2012-07-11,2012,Q3,7,July,2012-07,50838910612.55,94846505,1984747.0,0.5560727272727273,88,5306.3,-0.73,18.39
2012-07-12,2012,Q3,7,July,2012-07,63010159147.1,104491310,2105740.0,0.5525909090909091,88,5235.25,-1.34,18.71
2012-07-13,2012,Q3,7,July,2012-07,47647339114.549995,85734893,1539802.0,0.5354125000000001,88,5227.25,-0.15,18.26
2012-07-16,2012,Q3,7,July,2012-07,42742195244.15,84330322,1599212.0,0.5497147727272726,88,5197.25,-0.57,18.77
2012-07-17,2012,Q3,7,July,2012-07,49548498604.4,95582876,1854553.0,0.5684602272727273,88,5192.85,-0.08,17.78
2012-07-18,2012,Q3,7,July,2012-07,48704236351.75,93681472,1677223.0,0.5456090909090909,88,5216.3,0.45,17.44
2012-07-19,2012,Q3,7,July,2012-07,56798592142.7,96956879,2044733.0,0.5655625,88,5242.7,0.51,16.38
2012-07-20,2012,Q3,7,July,2012-07,47817907044.55,82873456,1567867.0,0.5500954545454545,88,5205.1,-0.72,16.89
2012-07-23,2012,Q3,7,July,2012-07,44449777079.65,85834683,1675443.0,0.5629715909090909,88,5117.95,-1.67,18.66
2012-07-24,2012,Q3,7,July,2012-07,47172649674.5,99276225,1630839.0,0.5071068181818181,88,5128.2,0.2,16.97
2012-07-25,2012,Q3,7,July,2012-07,48628137198.75,115427517,1872182.0,0.5583647727272727,88,5109.6,-0.36,16.75
2012-07-26,2012,Q3,7,July,2012-07,69296436602.3,157303215,1818594.0,0.6105818181818182,88,5043.0,-1.3,16.37
2012-07-27,2012,Q3,7,July,2012-07,59819381010.05,115664822,2099989.0,0.5594636363636364,88,5099.85,1.13,16.44
2012-07-30,2012,Q3,7,July,2012-07,56214330575.9,109206352,2021574.0,0.5616568181818182,88,5199.8,1.96,16.6
2012-07-31,2012,Q3,7,July,2012-07,67180227850.2,143841161,2241379.0,0.5711818181818182,88,5229.0,0.56,16.01
2012-08-01,2012,Q3,8,August,2012-08,47200726169.8,109258190,1828250.0,0.5484375,88,5240.5,0.22,16.45
2012-08-02,2012,Q3,8,August,2012-08,39756136228.15,83803139,1505270.0,0.5841500000000001,88,5227.75,-0.24,16.77
2012-08-03,2012,Q3,8,August,2012-08,47678556031.6,97266317,1782265.0,0.5268,88,5215.7,-0.23,16.12
2012-08-06,2012,Q3,8,August,2012-08,46524331436.8,91927438,1681149.0,0.5527125,88,5282.55,1.28,16.22
2012-08-07,2012,Q3,8,August,2012-08,55055575860.75,119872580,1793340.0,0.5881625,88,5336.7,1.03,16.21
2012-08-08,2012,Q3,8,August,2012-08,60219237618.75,145352757,2048376.0,0.5629363636363637,88,5338.0,0.02,16.37
2012-08-09,2012,Q3,8,August,2012-08,64855322502.7,151380792,2257258.0,0.5204386363636364,88,5322.95,-0.28,16.33
2012-08-10,2012,Q3,8,August,2012-08,69351956797.35,126382225,2373783.0,0.5600863636363637,88,5320.4,-0.05,16.07
2012-08-13,2012,Q3,8,August,2012-08,54296853920.2,103451137,2012024.0,0.5481886363636364,88,5347.9,0.52,16.01
2012-08-14,2012,Q3,8,August,2012-08,55076722338.95,105195088,1827621.0,0.5884784090909091,88,5380.35,0.61,15.64
2012-08-16,2012,Q3,8,August,2012-08,56739902604.55,118071809,2350181.0,0.5930704545454545,88,5362.95,-0.32,15.69
2012-08-17,2012,Q3,8,August,2012-08,57468938644.75,118073528,1908271.0,0.55735,88,5366.3,0.06,15.73
2012-08-21,2012,Q3,8,August,2012-08,55735746862.5,118692129,1960864.0,0.601096590909091,88,5421.0,1.02,16.3
2012-08-22,2012,Q3,8,August,2012-08,47023703402.7,101304297,1902509.0,0.5432920454545455,88,5412.85,-0.15,16.0
2012-08-23,2012,Q3,8,August,2012-08,57429394062.2,117224730,1960994.0,0.5739670454545455,88,5415.35,0.05,16.12
2012-08-24,2012,Q3,8,August,2012-08,49156872696.1,107256526,1850210.0,0.5359931818181818,88,5386.7,-0.53,16.16
2012-08-27,2012,Q3,8,August,2012-08,40787439713.65,81056314,1532326.0,0.5478715909090909,88,5350.25,-0.68,16.47
2012-08-28,2012,Q3,8,August,2012-08,53164372065.65,110839406,1859064.0,0.5528306818181817,88,5334.6,-0.29,16.35
2012-08-29,2012,Q3,8,August,2012-08,50645440940.8,107087281,2067815.0,0.5508613636363636,88,5287.8,-0.88,16.74
2012-08-30,2012,Q3,8,August,2012-08,93222481256.1,193942871,2350430.0,0.5902556818181819,88,5315.05,0.52,16.67
2012-08-31,2012,Q3,8,August,2012-08,69734982084.25,139996283,2102738.0,0.5707261363636363,88,5258.5,-1.06,17.3
2012-09-03,2012,Q3,9,September,2012-09,45790324764.9,97150130,1827457.0,0.5404363636363636,88,5253.75,-0.09,17.28
2012-09-04,2012,Q3,9,September,2012-09,44332326268.1,98863483,1792353.0,0.5497852272727273,88,5274.0,0.39,16.59
2012-09-05,2012,Q3,9,September,2012-09,51393344215.55,106146726,1945215.0,0.549153409090909,88,5225.7,-0.92,17.01
2012-09-06,2012,Q3,9,September,2012-09,46903111354.75,105688051,1812250.0,0.5223443181818181,88,5238.4,0.24,16.98
2012-09-07,2012,Q3,9,September,2012-09,61206130935.049995,125257973,2307700.0,0.589325,88,5342.1,1.98,15.26
2012-09-08,2012,Q3,9,September,2012-09,4002775298.65,8996168,156779.0,0.4204136363636364,88,,,
2012-09-10,2012,Q3,9,September,2012-09,44962757501.9,95744079,1904025.0,0.5770829545454546,88,5363.45,0.4,15.27
2012-09-11,2012,Q3,9,September,2012-09,43090429452.85,91837202,1843492.0,0.551725,88,5390.0,0.5,15.38
2012-09-12,2012,Q3,9,September,2012-09,51024891077.1,112254314,1973398.0,0.5397636363636363,88,5431.0,0.76,15.04
2012-09-13,2012,Q3,9,September,2012-09,48739887750.0,107588956,2038386.0,0.5558034090909091,88,5435.35,0.08,15.67
2012-09-14,2012,Q3,9,September,2012-09,94176536870.35,194723671,3187877.0,0.6172545454545454,88,5577.65,2.62,15.38
2012-09-17,2012,Q3,9,September,2012-09,109584833764.55,217972889,3633992.0,0.6133204545454546,88,5610.0,0.58,17.78
2012-09-18,2012,Q3,9,September,2012-09,76665066815.3,157511521,2684885.0,0.6080693181818182,88,5600.05,-0.18,17.83
2012-09-20,2012,Q3,9,September,2012-09,69628058938.3,151846771,2650632.0,0.59175,88,5554.25,-0.82,18.62
2012-09-21,2012,Q3,9,September,2012-09,108699828458.55,224529967,3211789.0,0.6386761363636363,88,5691.15,2.46,18.93
2012-09-24,2012,Q3,9,September,2012-09,84112386458.8,175423126,2914472.0,0.6143636363636363,88,5669.6,-0.38,18.83
2012-09-25,2012,Q3,9,September,2012-09,77512943689.15,153540759,2333771.0,0.5916943181818182,88,5673.9,0.08,17.11
2012-09-26,2012,Q3,9,September,2012-09,74162868150.45,146845963,2431895.0,0.5956590909090909,88,5663.45,-0.18,16.97
2012-09-27,2012,Q3,9,September,2012-09,104311017786.0,194976213,2812520.0,0.590996590909091,88,5649.5,-0.25,16.91
2012-09-28,2012,Q3,9,September,2012-09,77933686986.3,168283579,2636811.0,0.5985738636363637,88,5703.3,0.95,16.16
2012-10-01,2012,Q4,10,October,2012-10,53072983555.9,110038909,1772123.0,0.5536204545454546,88,5718.8,0.27,16.34
2012-10-03,2012,Q4,10,October,2012-10,73862103999.75,149618760,2704716.0,0.6059534090909091,88,5731.25,0.22,16.5
2012-10-04,2012,Q4,10,October,2012-10,70369141301.2,140487123,2347531.0,0.5959738636363636,88,5787.6,0.98,16.44
2012-10-05,2012,Q4,10,October,2012-10,129637706610.8,223026910,2419984.0,0.47751363636363636,88,5746.95,-0.7,16.78
2012-10-08,2012,Q4,10,October,2012-10,65208742834.700005,143552775,2259140.0,0.5723147727272727,88,5676.0,-1.23,17.17
2012-10-09,2012,Q4,10,October,2012-10,57739468673.25,125650189,2129290.0,0.5391340909090908,88,5704.6,0.5,16.8
2012-10-10,2012,Q4,10,October,2012-10,52138805631.55,124107782,1883915.0,0.5343806818181819,88,5652.15,-0.92,16.83
2012-10-11,2012,Q4,10,October,2012-10,68005658976.05,134287434,2052023.0,0.5356477272727272,88,5708.05,0.99,16.49
2012-10-12,2012,Q4,10,October,2012-10,68686212328.799995,120045247,2288233.0,0.5349181818181818,88,5676.05,-0.56,16.49
2012-10-15,2012,Q4,10,October,2012-10,45311238208.7,91664165,1750913.0,0.49656931818181815,88,5687.25,0.2,15.9
2012-10-16,2012,Q4,10,October,2012-10,54951483772.65,110334867,1778018.0,0.5355875,88,5648.0,-0.69,15.57
2012-10-17,2012,Q4,10,October,2012-10,56064925604.9,112702436,1969625.0,0.542715909090909,88,5660.25,0.22,15.17
2012-10-18,2012,Q4,10,October,2012-10,62589051397.9,128231097,1939314.0,0.5645159090909091,88,5718.7,1.03,14.76
2012-10-19,2012,Q4,10,October,2012-10,57572238150.8,126827111,2206634.0,0.5428147727272727,88,5684.25,-0.6,14.54
2012-10-22,2012,Q4,10,October,2012-10,54010688258.0,101796225,1751949.0,0.5387215909090909,88,5717.15,0.58,13.04
2012-10-23,2012,Q4,10,October,2012-10,40384018986.05,89114036,1387184.0,0.5460102272727273,88,5691.4,-0.45,13.71
2012-10-25,2012,Q4,10,October,2012-10,75505878005.45,154400547,2269409.0,0.6263829545454546,88,5705.3,0.24,13.52
2012-10-26,2012,Q4,10,October,2012-10,52198987832.55,110264481,1864808.0,0.5054806818181818,88,5664.3,-0.72,14.21
2012-10-29,2012,Q4,10,October,2012-10,51233513630.450005,89350685,1858020.0,0.5462238636363637,88,5665.6,0.02,15.12
2012-10-30,2012,Q4,10,October,2012-10,59931102129.45,99740772,1912109.0,0.537934090909091,88,5597.9,-1.19,15.17
2012-10-31,2012,Q4,10,October,2012-10,53123982668.6,105101079,1975579.0,0.5640193181818182,88,5619.7,0.39,14.4
2012-11-01,2012,Q4,11,November,2012-11,52828709958.95,111290245,1970244.0,0.5327443181818182,88,5645.05,0.45,14.08
2012-11-02,2012,Q4,11,November,2012-11,52913931815.25,114537622,1875117.0,0.5518624999999999,88,5697.7,0.93,13.66
2012-11-05,2012,Q4,11,November,2012-11,38930060128.05,81164157,1530282.0,0.5386590909090909,88,5704.2,0.11,14.63
2012-11-06,2012,Q4,11,November,2012-11,51418031567.65,120350578,1931614.0,0.5538693181818182,88,5724.4,0.35,15.21
2012-11-07,2012,Q4,11,November,2012-11,55551571428.15,115984519,1853725.0,0.5465977272727273,88,5760.1,0.62,14.51
2012-11-08,2012,Q4,11,November,2012-11,60202893539.05,114067036,2119073.0,0.5191522727272727,88,5738.75,-0.37,14.22
2012-11-09,2012,Q4,11,November,2012-11,60552672757.75,99340688,1958543.0,0.514275,88,5686.25,-0.91,14.37
2012-11-12,2012,Q4,11,November,2012-11,84961861506.25,114928025,2596216.0,0.5572045454545455,88,5683.7,-0.04,14.86
2012-11-13,2012,Q4,11,November,2012-11,13186888211.25,20725559,442699.0,0.5083738636363636,88,5666.95,-0.29,14.91
2012-11-15,2012,Q4,11,November,2012-11,77842510552.55,145411898,3090563.0,0.6398079545454546,88,5631.0,-0.63,15.53
2012-11-16,2012,Q4,11,November,2012-11,61759570721.35,123845519,2220671.0,0.5939704545454545,88,5574.05,-1.01,16.22
2012-11-19,2012,Q4,11,November,2012-11,49289424609.5,100272208,2044159.0,0.5774806818181818,88,5571.4,-0.05,16.68
2012-11-20,2012,Q4,11,November,2012-11,50718967038.7,104141659,2063398.0,0.5905477272727273,88,5571.55,0.0,15.81
2012-11-21,2012,Q4,11,November,2012-11,47249804763.5,97518539,1852893.0,0.5676897727272727,88,5614.8,0.78,15.46
2012-11-22,2012,Q4,11,November,2012-11,43926033198.6,92607269,1637169.0,0.5605147727272727,88,5627.75,0.23,14.91
2012-11-23,2012,Q4,11,November,2012-11,38672878663.45,85748458,1476346.0,0.53135,88,5626.6,-0.02,14.68
2012-11-26,2012,Q4,11,November,2012-11,40395117176.05,84340292,1619159.0,0.5525443181818182,88,5635.9,0.17,14.67
2012-11-27,2012,Q4,11,November,2012-11,69085538344.25,139723013,2497970.0,0.615621590909091,88,5727.45,1.62,13.96
2012-11-29,2012,Q4,11,November,2012-11,106046410916.65,215208515,3028699.0,0.6382863636363636,88,5825.0,1.7,15.37
2012-11-30,2012,Q4,11,November,2012-11,118271032376.15,257063702,3181983.0,0.6294772727272727,88,5879.85,0.94,15.15
2012-12-03,2012,Q4,12,December,2012-12,53723671969.65,109599116,2136437.0,0.5798943181818182,88,5870.95,-0.15,15.62
2012-12-04,2012,Q4,12,December,2012-12,54248698070.3,115636159,1924813.0,0.572875,88,5889.25,0.31,15.91
2012-12-05,2012,Q4,12,December,2012-12,62866916770.85,128003635,2290689.0,0.5953113636363636,88,5900.5,0.19,16.62
2012-12-06,2012,Q4,12,December,2012-12,63631700274.5,130072777,2383365.0,0.5468772727272727,88,5930.9,0.52,15.24
2012-12-07,2012,Q4,12,December,2012-12,62995344730.5,130475094,2262150.0,0.5858295454545455,88,5907.4,-0.4,14.96
2012-12-10,2012,Q4,12,December,2012-12,46295270231.8,91654725,1798251.0,0.5478602272727273,88,5908.9,0.03,14.51
2012-12-11,2012,Q4,12,December,2012-12,71186092990.2,137914586,2345322.0,0.5686852272727273,88,5898.8,-0.17,14.67
2012-12-12,2012,Q4,12,December,2012-12,71342664681.5,140919978,2568323.0,0.5734409090909091,88,5888.0,-0.18,14.51
2012-12-13,2012,Q4,12,December,2012-12,72135101204.05,173625325,2464542.0,0.5752159090909091,88,5851.5,-0.62,14.71
2012-12-14,2012,Q4,12,December,2012-12,57451001010.799995,124033732,2193632.0,0.5747454545454546,88,5879.6,0.48,14.23
2012-12-17,2012,Q4,12,December,2012-12,57586161708.6,132535972,2264622.0,0.6019193181818182,88,5857.9,-0.37,14.92
2012-12-18,2012,Q4,12,December,2012-12,75205590804.1,158744133,2598321.0,0.5660988636363636,88,5896.8,0.66,14.44
2012-12-19,2012,Q4,12,December,2012-12,74352759344.3,153456570,2783402.0,0.6223909090909091,88,5929.6,0.56,14.47
2012-12-20,2012,Q4,12,December,2012-12,61147174445.049995,143849411,2321571.0,0.5828079545454545,88,5916.4,-0.22,14.32
2012-12-21,2012,Q4,12,December,2012-12,61930178223.0,147212954,2005565.0,0.6088886363636363,88,5847.7,-1.16,14.63
2012-12-24,2012,Q4,12,December,2012-12,38602420887.95,94037336,1402189.0,0.5338568181818182,88,5855.75,0.14,14.49
2012-12-26,2012,Q4,12,December,2012-12,37904197492.6,95672691,1296599.0,0.5649727272727273,88,5905.6,0.85,14.1
2012-12-27,2012,Q4,12,December,2012-12,71286382658.7,238754797,1702194.0,0.6199931818181819,88,5870.1,-0.6,13.74
2012-12-28,2012,Q4,12,December,2012-12,51465696487.55,149999806,1769128.0,0.5839629213483145,89,5908.35,0.65,13.63
2012-12-31,2012,Q4,12,December,2012-12,36764068531.45,97870160,1180204.0,0.5602876404494382,89,5905.1,-0.06,14.95
2013-01-01,2013,Q1,1,January,2013-01,35799294122.0,79979032,985084.0,0.513208988764045,89,5950.85,0.77,13.69
2013-01-02,2013,Q1,1,January,2013-01,54342674275.0,120504575,2028193.0,0.5837044943820224,89,5993.25,0.71,13.71
2013-01-03,2013,Q1,1,January,2013-01,57671571737.85,145005747,2040878.0,0.5939067415730337,89,6009.5,0.27,13.47
2013-01-04,2013,Q1,1,January,2013-01,57625833669.2,131281922,2075933.0,0.5890730337078652,89,6016.15,0.11,13.37
2013-01-07,2013,Q1,1,January,2013-01,58219552303.4,165014486,2124773.0,0.6189,89,5988.4,-0.46,13.92
2013-01-08,2013,Q1,1,January,2013-01,59042628988.4,112956965,2125104.0,0.5889539325842696,89,6001.7,0.22,13.27
2013-01-09,2013,Q1,1,January,2013-01,74138204139.75,168980089,2640884.0,0.6050269662921348,89,5971.5,-0.5,13.32
2013-01-10,2013,Q1,1,January,2013-01,69593983818.65001,158030981,2615199.0,0.5679157303370787,89,5968.65,-0.05,13.27
2013-01-11,2013,Q1,1,January,2013-01,87334035603.7,134705560,2459028.0,0.5746943820224719,89,5951.3,-0.29,13.23
2013-01-14,2013,Q1,1,January,2013-01,75646913431.3,129132208,2525087.0,0.5981168539325843,89,6024.05,1.22,13.7
2013-01-15,2013,Q1,1,January,2013-01,76973634238.85,142275408,2601045.0,0.5959752808988764,89,6056.6,0.54,13.58
2013-01-16,2013,Q1,1,January,2013-01,69890059763.25,137450490,2332045.0,0.5891011235955056,89,6001.85,-0.9,13.99
2013-01-17,2013,Q1,1,January,2013-01,84425425511.05,171226498,2807674.0,0.5920348314606741,89,6039.2,0.62,14.01
2013-01-18,2013,Q1,1,January,2013-01,97781482766.90001,222887322,3367562.0,0.5935752808988765,89,6064.4,0.42,13.89
2013-01-21,2013,Q1,1,January,2013-01,68802877279.15,149426291,2378566.0,0.6018348314606742,89,6082.3,0.3,13.66
2013-01-22,2013,Q1,1,January,2013-01,63131336159.1,133722426,2050035.0,0.5898797752808989,89,6048.5,-0.56,13.89
2013-01-23,2013,Q1,1,January,2013-01,65333004838.6,145529618,2454533.0,0.5738134831460674,89,6054.3,0.1,13.67
2013-01-24,2013,Q1,1,January,2013-01,82988921771.65,189941305,2822566.0,0.617423595505618,89,6019.35,-0.58,14.46
2013-01-25,2013,Q1,1,January,2013-01,65088626688.35,146231272,2291151.0,0.5752719101123596,89,6074.65,0.92,14.77
2013-01-28,2013,Q1,1,January,2013-01,61871153973.5,120718385,2198714.0,0.6234292134831461,89,6074.8,0.0,15.17
2013-01-29,2013,Q1,1,January,2013-01,90114604859.7,186340007,2860053.0,0.6061168539325843,89,6049.9,-0.41,14.47
2013-01-30,2013,Q1,1,January,2013-01,70602085890.7,170293732,2704752.0,0.6199337078651685,89,6055.75,0.1,14.38
2013-01-31,2013,Q1,1,January,2013-01,99715812794.2,281064644,3175680.0,0.6415898876404494,89,6034.75,-0.35,14.13
2013-02-01,2013,Q1,2,February,2013-02,66235835746.5,154972763,2435496.0,0.5843044943820225,89,5998.9,-0.59,13.76
2013-02-04,2013,Q1,2,February,2013-02,66113796516.200005,144333666,2500796.0,0.6062662921348315,89,5987.25,-0.19,14.34
2013-02-05,2013,Q1,2,February,2013-02,62284466279.450005,138413642,2546723.0,0.6054595505617978,89,5956.9,-0.51,14.61
2013-02-06,2013,Q1,2,February,2013-02,64757348540.35,146656375,2388937.0,0.6176831460674157,89,5959.2,0.04,14.26
2013-02-07,2013,Q1,2,February,2013-02,62030862108.05,155424387,2437839.0,0.5957741573033708,89,5938.8,-0.34,14.89
2013-02-08,2013,Q1,2,February,2013-02,73608578264.7,217575321,2938264.0,0.6030044943820225,89,5903.5,-0.59,15.16
2013-02-11,2013,Q1,2,February,2013-02,58004443199.45,121931006,2078089.0,0.5604921348314607,89,5897.85,-0.1,15.65
2013-02-12,2013,Q1,2,February,2013-02,50603200327.25,120412917,2092962.0,0.5535797752808989,89,5922.5,0.42,15.31
2013-02-13,2013,Q1,2,February,2013-02,64297945840.15,129233325,2346290.0,0.5988730337078652,89,5932.95,0.18,15.14
2013-02-14,2013,Q1,2,February,2013-02,81284996018.0,159414899,2935826.0,0.6098078651685394,89,5896.95,-0.61,15.09
2013-02-15,2013,Q1,2,February,2013-02,56519613646.85,125607796,2420138.0,0.5839269662921349,89,5887.4,-0.16,15.24
2013-02-18,2013,Q1,2,February,2013-02,44490207821.6,106867734,1939489.0,0.5788910112359551,89,5898.2,0.18,16.29
2013-02-19,2013,Q1,2,February,2013-02,41405235289.4,100686818,1829561.0,0.5255977528089888,89,5939.7,0.7,15.81
2013-02-20,2013,Q1,2,February,2013-02,59950754169.799995,150041272,2355930.0,0.5898314606741573,89,5943.05,0.06,15.6
2013-02-21,2013,Q1,2,February,2013-02,91373075263.05,192970973,2661462.0,0.6127696629213483,89,5852.25,-1.53,16.94
2013-02-22,2013,Q1,2,February,2013-02,58636628071.8,141409217,2624049.0,0.6016662921348315,89,5850.3,-0.03,16.79
2013-02-25,2013,Q1,2,February,2013-02,52319212195.15,118281441,2455794.0,0.5661988764044944,89,5854.75,0.08,16.73
2013-02-26,2013,Q1,2,February,2013-02,62803602450.600006,160403441,2575131.0,0.6219831460674157,89,5761.35,-1.6,17.36
2013-02-27,2013,Q1,2,February,2013-02,66091426043.45,165310957,2612831.0,0.6086247191011236,89,5796.9,0.62,16.23
2013-02-28,2013,Q1,2,February,2013-02,136208145309.05,326741809,4062121.0,0.6331168539325843,89,5693.05,-1.79,14.86
2013-03-01,2013,Q1,3,March,2013-03,75015770994.6,186029968,2829612.0,0.5829292134831461,89,5719.7,0.47,14.06
2013-03-04,2013,Q1,3,March,2013-03,66176189151.95,385008656,2545088.0,0.6077865168539326,89,5698.5,-0.37,13.67
2013-03-05,2013,Q1,3,March,2013-03,68942466313.45,279245985,2739258.0,0.5949853932584269,89,5784.25,1.5,13.39
2013-03-06,2013,Q1,3,March,2013-03,66388930403.65,200349399,2254949.0,0.5965865168539326,89,5818.6,0.59,13.4
2013-03-07,2013,Q1,3,March,2013-03,61318796170.6,141812468,2920904.0,0.5840730337078652,89,5863.3,0.77,13.07
2013-03-08,2013,Q1,3,March,2013-03,66205390757.75,154590111,2808121.0,0.5771348314606741,89,5945.7,1.41,13.34
2013-03-11,2013,Q1,3,March,2013-03,62777446884.5,140081474,2732642.0,0.5639224719101124,89,5942.35,-0.06,14.25
2013-03-12,2013,Q1,3,March,2013-03,56333604989.45,132792468,2217016.0,0.572661797752809,89,5914.1,-0.48,15.13
2013-03-13,2013,Q1,3,March,2013-03,54930238617.4,122537064,2181901.0,0.5651426966292135,89,5851.2,-1.06,16.2
2013-03-14,2013,Q1,3,March,2013-03,76087172262.6,148333673,2822551.0,0.542252808988764,89,5908.95,0.99,14.66
2013-03-15,2013,Q1,3,March,2013-03,79045156403.5,165020963,2788736.0,0.5749966292134832,89,5872.6,-0.62,15.16
2013-03-18,2013,Q1,3,March,2013-03,52414250781.95,110540354,1996487.0,0.5650438202247191,89,5835.25,-0.64,15.85
2013-03-19,2013,Q1,3,March,2013-03,86411235427.3,178607620,2685104.0,0.5811786516853933,89,5745.95,-1.53,16.71
2013-03-20,2013,Q1,3,March,2013-03,74268090272.75,180785839,2979072.0,0.5906955056179776,89,5694.4,-0.9,16.66
2013-03-21,2013,Q1,3,March,2013-03,74834754919.8,163308531,2939832.0,0.5692471910112359,89,5658.75,-0.63,16.51
2013-03-22,2013,Q1,3,March,2013-03,63188273430.950005,157147317,2923559.0,0.5891752808988764,89,5651.35,-0.13,15.54
2013-03-25,2013,Q1,3,March,2013-03,61529068883.2,142346473,2585297.0,0.6134415730337078,89,5633.85,-0.31,16.36
2013-03-26,2013,Q1,3,March,2013-03,54259186620.0,138966086,2420271.0,0.5894146067415731,89,5641.6,0.14,15.8
2013-03-28,2013,Q1,3,March,2013-03,92146792518.95,221858675,3380624.0,0.6366011235955056,89,5682.55,0.73,15.22
2013-04-01,2013,Q2,4,April,2013-04,39402899095.75,86589177,1599770.0,0.5132730337078651,89,5704.4,0.38,14.85
2013-04-02,2013,Q2,4,April,2013-04,49492114163.3,102469710,2151670.0,0.5280426966292135,89,5748.1,0.77,14.1
2013-04-03,2013,Q2,4,April,2013-04,57563533618.35,147068218,2387106.0,0.5616955056179775,89,5672.9,-1.31,14.87
2013-04-04,2013,Q2,4,April,2013-04,54721187860.65,126085906,2274785.0,0.5525775280898877,89,5574.75,-1.73,15.85
2013-04-05,2013,Q2,4,April,2013-04,62335950667.45,144522441,2600883.0,0.5343258426966292,89,5553.25,-0.39,16.16
2013-04-08,2013,Q2,4,April,2013-04,43386609548.85,101625037,2019748.0,0.5352191011235955,89,5542.95,-0.19,16.77
2013-04-09,2013,Q2,4,April,2013-04,60942504019.75,146459775,2240352.0,0.5589224719101124,89,5495.1,-0.86,16.82
2013-04-10,2013,Q2,4,April,2013-04,58653724270.5,119523873,2433546.0,0.5627011235955056,89,5558.7,1.16,16.49
2013-04-11,2013,Q2,4,April,2013-04,68725500731.15,135074201,2777855.0,0.5361831460674158,89,5594.0,0.64,16.97
2013-04-12,2013,Q2,4,April,2013-04,79692112051.45,118385528,2764140.0,0.5559393258426967,89,5528.55,-1.17,16.45
2013-04-15,2013,Q2,4,April,2013-04,77256545762.05,129166066,2884338.0,0.5489808988764044,89,5568.4,0.72,16.61
2013-04-16,2013,Q2,4,April,2013-04,64374487366.5,133830415,2723561.0,0.5503629213483147,89,5688.95,2.16,16.25
2013-04-17,2013,Q2,4,April,2013-04,85333246634.05,153469555,3065546.0,0.5607932584269664,89,5688.7,-0.0,16.36
2013-04-18,2013,Q2,4,April,2013-04,73957238483.3,140768444,3004268.0,0.5571595505617978,89,5783.1,1.66,15.36
2013-04-22,2013,Q2,4,April,2013-04,68092857050.700005,138302462,2750719.0,0.5799685393258427,89,5834.4,0.89,16.22
2013-04-23,2013,Q2,4,April,2013-04,54563483519.5,102596415,2216299.0,0.5246988764044944,89,5836.9,0.04,15.07
2013-04-25,2013,Q2,4,April,2013-04,98318131539.75,192246527,3039638.0,0.6315943820224719,89,5916.3,1.36,14.2
2013-04-26,2013,Q2,4,April,2013-04,71183787084.65,128179463,2899743.0,0.5601438202247191,89,5871.45,-0.76,13.88
2013-04-29,2013,Q2,4,April,2013-04,54949506967.15,103328687,2206557.0,0.5746247191011236,89,5904.1,0.56,14.33
2013-04-30,2013,Q2,4,April,2013-04,78001636258.5,148667277,2828332.0,0.545347191011236,89,5930.2,0.44,15.1
2013-05-02,2013,Q2,5,May,2013-05,78984966096.4,151566950,3336466.0,0.5989820224719101,89,5999.35,1.17,16.28
2013-05-03,2013,Q2,5,May,2013-05,69250810125.65,133883729,2717396.0,0.5413550561797753,89,5944.0,-0.92,15.55
2013-05-06,2013,Q2,5,May,2013-05,49550840077.65,98397757,2046983.0,0.5507078651685393,89,5971.05,0.46,15.84
2013-05-07,2013,Q2,5,May,2013-05,60698925126.6,121279798,2361670.0,0.6022191011235954,89,6043.55,1.21,16.5
2013-05-08,2013,Q2,5,May,2013-05,55214947245.25,109583812,2164388.0,0.5845730337078652,89,6069.3,0.43,16.76
2013-05-09,2013,Q2,5,May,2013-05,54773784075.85,100399087,1971721.0,0.5468022471910112,89,6050.15,-0.32,16.6
2013-05-10,2013,Q2,5,May,2013-05,56551671152.2,110656654,2207152.0,0.5545314606741573,89,6094.75,0.74,16.86
2013-05-11,2013,Q2,5,May,2013-05,3905223965.95,7766565,140941.0,0.37827640449438205,89,,,
2013-05-13,2013,Q2,5,May,2013-05,49732000188.5,106251349,2081797.0,0.531291011235955,89,5980.45,-1.88,17.51
2013-05-14,2013,Q2,5,May,2013-05,51432342997.85,106368010,2158720.0,0.5362943820224719,89,5995.4,0.25,17.17
2013-05-15,2013,Q2,5,May,2013-05,77201295400.15,142810079,2766163.0,0.5956674157303371,89,6146.75,2.52,18.13
2013-05-16,2013,Q2,5,May,2013-05,72217007198.35,138612562,2566974.0,0.5754112359550562,89,6169.9,0.38,17.74
2013-05-17,2013,Q2,5,May,2013-05,64814690537.9,132997450,2281852.0,0.5584191011235955,89,6187.3,0.28,17.57
2013-05-20,2013,Q2,5,May,2013-05,62384153729.0,122305912,2504622.0,0.5841629213483146,89,6156.9,-0.49,17.71
2013-05-21,2013,Q2,5,May,2013-05,57981845951.8,116555276,2210109.0,0.5695640449438203,89,6114.1,-0.7,17.88
2013-05-22,2013,Q2,5,May,2013-05,68919124160.45,123128343,2621569.0,0.5494662921348314,89,6094.5,-0.32,17.72
2013-05-23,2013,Q2,5,May,2013-05,87966574391.85,161502539,3339463.0,0.5693808988764045,89,5967.05,-2.09,18.73
2013-05-24,2013,Q2,5,May,2013-05,67063696220.200005,128832639,2485621.0,0.5335101123595506,89,5983.55,0.28,17.7
2013-05-27,2013,Q2,5,May,2013-05,57093795880.25,101518890,2557736.0,0.5548460674157304,89,6083.15,1.66,17.03
2013-05-28,2013,Q2,5,May,2013-05,61229461884.15,118341264,2511953.0,0.5379674157303371,89,6111.25,0.46,17.12
2013-05-29,2013,Q2,5,May,2013-05,56873370799.75,110845470,2369933.0,0.5581786516853933,89,6104.3,-0.11,17.86
2013-05-30,2013,Q2,5,May,2013-05,89089767814.3,184142926,2747510.0,0.6050348314606742,89,6124.05,0.32,16.04
2013-05-31,2013,Q2,5,May,2013-05,79934321953.85,163797822,3471418.0,0.594329213483146,89,5985.95,-2.26,16.99
2013-06-03,2013,Q2,6,June,2013-06,63365120276.3,111653111,2448842.0,0.5384314606741573,89,5939.3,-0.78,17.29
2013-06-04,2013,Q2,6,June,2013-06,56170195769.6,108886722,2459036.0,0.5535842696629213,89,5919.45,-0.33,17.26
2013-06-05,2013,Q2,6,June,2013-06,52838014580.45,107205782,2234360.0,0.5553730337078652,89,5923.85,0.07,16.78
2013-06-06,2013,Q2,6,June,2013-06,54267434305.4,105873688,2402020.0,0.5413988764044944,89,5921.4,-0.04,17.35
2013-06-07,2013,Q2,6,June,2013-06,51574619180.0,97957755,2149061.0,0.5416876404494382,89,5881.0,-0.68,17.35
2013-06-10,2013,Q2,6,June,2013-06,47865225499.6,106840918,2107062.0,0.5559797752808988,89,5878.0,-0.05,18.11
2013-06-11,2013,Q2,6,June,2013-06,69224870574.9,146145976,2663856.0,0.5892393258426967,89,5788.8,-1.52,19.49
2013-06-12,2013,Q2,6,June,2013-06,69291354690.5,152457107,2869270.0,0.5742898876404494,89,5760.2,-0.49,18.85
2013-06-13,2013,Q2,6,June,2013-06,60650566219.55,143736238,2594966.0,0.6077494382022472,89,5699.1,-1.06,19.44
2013-06-14,2013,Q2,6,June,2013-06,56977465350.15,126744945,2517134.0,0.5754348314606742,89,5808.4,1.92,18.35
2013-06-17,2013,Q2,6,June,2013-06,49947154916.25,104079921,1980755.0,0.5493280898876405,89,5850.05,0.72,18.18
2013-06-18,2013,Q2,6,June,2013-06,49217421261.15,109207056,1888614.0,0.5716078651685393,89,5813.6,-0.62,18.29
2013-06-19,2013,Q2,6,June,2013-06,47976269816.25,104041386,2026361.0,0.560156179775281,89,5822.25,0.15,18.46
2013-06-20,2013,Q2,6,June,2013-06,74973055661.05,174666064,2758281.0,0.6273044943820225,89,5655.9,-2.86,19.19
2013-06-21,2013,Q2,6,June,2013-06,70283262211.65,155231901,2827080.0,0.5778370786516854,89,5667.65,0.21,19.03
2013-06-24,2013,Q2,6,June,2013-06,65381784286.95,149013619,2536621.0,0.6077067415730337,89,5590.25,-1.37,21.01
2013-06-25,2013,Q2,6,June,2013-06,72477193697.05,161386273,3155210.0,0.5860584269662921,89,5609.1,0.34,21.14
2013-06-26,2013,Q2,6,June,2013-06,62796255476.6,137400021,3092805.0,0.6027775280898876,89,5588.7,-0.36,21.07
2013-06-27,2013,Q2,6,June,2013-06,98652419099.95,205188983,3434709.0,0.6184044943820224,89,5682.35,1.68,18.85
2013-06-28,2013,Q2,6,June,2013-06,101954334003.2,197212158,3706031.0,0.638147191011236,89,5842.2,2.81,17.95
2013-07-01,2013,Q3,7,July,2013-07,61919435122.9,121369479,2555430.0,0.5609415730337078,89,5898.85,0.97,18.09
2013-07-02,2013,Q3,7,July,2013-07,59727201830.5,119025873,2417383.0,0.5539820224719101,89,5857.55,-0.7,18.21
2013-07-03,2013,Q3,7,July,2013-07,58543088346.15,114602270,2757707.0,0.5386865168539327,89,5770.9,-1.48,18.91
2013-07-04,2013,Q3,7,July,2013-07,58936383522.1,117518640,2266701.0,0.5164786516853933,89,5836.95,1.14,18.58
2013-07-05,2013,Q3,7,July,2013-07,48371006916.7,90311567,1842504.0,0.5140235955056179,89,5867.9,0.53,18.67
2013-07-08,2013,Q3,7,July,2013-07,51182315131.0,103239136,2357643.0,0.5483224719101123,89,5811.55,-0.96,19.34
2013-07-09,2013,Q3,7,July,2013-07,53407305567.75,104120176,2243911.0,0.5512842696629214,89,5859.0,0.82,19.32
2013-07-10,2013,Q3,7,July,2013-07,53619963972.6,109514373,2237093.0,0.5610808988764044,89,5816.7,-0.72,19.98
2013-07-11,2013,Q3,7,July,2013-07,53772014020.85,108867607,2355439.0,0.5650123595505617,89,5935.1,2.04,18.89
2013-07-12,2013,Q3,7,July,2013-07,73381053829.15,115169224,2680350.0,0.5889955056179775,89,6009.0,1.25,18.69
2013-07-15,2013,Q3,7,July,2013-07,51127607758.65,98005151,2083983.0,0.549708988764045,89,6030.8,0.36,18.79
2013-07-16,2013,Q3,7,July,2013-07,62470541712.950005,123019411,2479379.0,0.5614741573033708,89,5955.25,-1.25,18.99
2013-07-17,2013,Q3,7,July,2013-07,91408376031.2,173708975,3150623.0,0.6003483146067415,89,5973.3,0.3,19.36
2013-07-18,2013,Q3,7,July,2013-07,84848927712.6,152259750,3348380.0,0.5633303370786517,89,6038.05,1.08,18.27
2013-07-19,2013,Q3,7,July,2013-07,82200180232.1,132298539,2994802.0,0.5621022471910112,89,6029.2,-0.15,18.13
2013-07-22,2013,Q3,7,July,2013-07,54756428431.4,97686565,2113153.0,0.528729213483146,89,6031.8,0.04,17.63
2013-07-23,2013,Q3,7,July,2013-07,61147469843.55,120987397,2272849.0,0.5620640449438202,89,6077.8,0.76,16.72
2013-07-24,2013,Q3,7,July,2013-07,70702665257.8,134623099,2767012.0,0.5601011235955057,89,5990.5,-1.44,16.91
2013-07-25,2013,Q3,7,July,2013-07,95523507059.8,199049109,2863903.0,0.6064404494382022,89,5907.5,-1.39,16.72
2013-07-26,2013,Q3,7,July,2013-07,71549131556.8,143187565,2753361.0,0.5432595505617978,89,5886.2,-0.36,16.78
2013-07-29,2013,Q3,7,July,2013-07,55613198314.65,115212355,2370298.0,0.5618820224719101,89,5831.65,-0.93,18.25
2013-07-30,2013,Q3,7,July,2013-07,64611408496.25,130460066,2576762.0,0.5593898876404494,89,5755.05,-1.31,18.12
2013-07-31,2013,Q3,7,July,2013-07,96292907428.05,204149550,3917242.0,0.5926370786516855,89,5742.0,-0.23,18.77
2013-08-01,2013,Q3,8,August,2013-08,77718360045.55,175121135,3318374.0,0.5443516853932584,89,5727.85,-0.25,19.81
2013-08-02,2013,Q3,8,August,2013-08,69761245211.75,177362500,3284946.0,0.573770786516854,89,5677.9,-0.87,20.89
2013-08-05,2013,Q3,8,August,2013-08,58490390890.7,141799761,2750923.0,0.5525808988764045,89,5685.4,0.13,20.8
2013-08-06,2013,Q3,8,August,2013-08,69802616159.6,169350577,2842778.0,0.5879269662921348,89,5542.25,-2.52,22.73
2013-08-07,2013,Q3,8,August,2013-08,81906345716.35,188429013,3215706.0,0.5511460674157304,89,5519.1,-0.42,22.04
2013-08-08,2013,Q3,8,August,2013-08,70619264751.25,158551898,2752195.0,0.5393764044943821,89,5565.65,0.84,21.19
2013-08-12,2013,Q3,8,August,2013-08,76042132271.5,170965135,3066194.0,0.5427112359550561,89,5612.4,0.84,21.28
2013-08-13,2013,Q3,8,August,2013-08,75895247677.4,180131186,2923466.0,0.5409887640449439,89,5699.3,1.55,19.26
2013-08-14,2013,Q3,8,August,2013-08,73020224167.75,182134841,2951436.0,0.5266573033707865,89,5742.3,0.75,18.7
2013-08-16,2013,Q3,8,August,2013-08,94614839169.7,211328988,4003804.0,0.5913539325842696,89,5507.85,-4.08,23.64
2013-08-19,2013,Q3,8,August,2013-08,74124227230.05,171970644,3498791.0,0.5576662921348314,89,5414.75,-1.69,25.59
2013-08-20,2013,Q3,8,August,2013-08,83993452929.5,198652229,3604364.0,0.5663303370786517,89,5401.45,-0.25,27.23
2013-08-21,2013,Q3,8,August,2013-08,88377711329.15,199539778,3320826.0,0.5782494382022472,89,5302.55,-1.83,28.09
2013-08-22,2013,Q3,8,August,2013-08,90785502884.55,215133213,4166631.0,0.568285393258427,89,5408.45,2.0,29.06
2013-08-23,2013,Q3,8,August,2013-08,80693771514.1,197439506,3430452.0,0.5601303370786517,89,5471.75,1.17,25.75
2013-08-26,2013,Q3,8,August,2013-08,63089651242.2,161792848,3026802.0,0.5412842696629214,89,5476.5,0.09,26.38
2013-08-27,2013,Q3,8,August,2013-08,77425523865.0,181316517,3312110.0,0.5694202247191011,89,5287.45,-3.45,29.42
2013-08-28,2013,Q3,8,August,2013-08,106704541845.85,246401158,4327030.0,0.5881842696629214,89,5285.0,-0.05,32.38
2013-08-29,2013,Q3,8,August,2013-08,107075190100.75,252430798,4023020.0,0.5748808988764045,89,5409.05,2.35,29.41
2013-08-30,2013,Q3,8,August,2013-08,115527295348.05,228522191,4035688.0,0.5783921348314607,89,5471.8,1.16,27.81
2013-09-02,2013,Q3,9,September,2013-09,60962583538.7,137861535,2665106.0,0.509361797752809,89,5550.75,1.44,27.55
2013-09-03,2013,Q3,9,September,2013-09,73515956492.7,165213224,3143788.0,0.519647191011236,89,5341.45,-3.77,32.49
2013-09-04,2013,Q3,9,September,2013-09,73243519354.05,167948968,3125368.0,0.4790853932584269,89,5448.1,2.0,31.11
2013-09-05,2013,Q3,9,September,2013-09,94254093153.15,200016945,3750467.0,0.5687067415730337,89,5592.95,2.66,28.53
2013-09-06,2013,Q3,9,September,2013-09,85868361840.85,178866068,3522775.0,0.5367786516853933,89,5680.4,1.56,28.65
2013-09-10,2013,Q3,9,September,2013-09,104697633217.0,206955532,4109891.0,0.5881865168539325,89,5896.75,3.81,29.44
2013-09-11,2013,Q3,9,September,2013-09,83334001178.55,184605515,3438732.0,0.5451932584269663,89,5913.15,0.28,29.75
2013-09-12,2013,Q3,9,September,2013-09,75517363165.9,157655464,2944912.0,0.5539932584269662,89,5850.7,-1.06,29.71
2013-09-13,2013,Q3,9,September,2013-09,67709075731.0,143750117,2760845.0,0.5307932584269663,89,5850.6,-0.0,28.29
2013-09-16,2013,Q3,9,September,2013-09,73465521803.05,160989031,2812860.0,0.5262662921348314,89,5840.55,-0.17,28.82
2013-09-17,2013,Q3,9,September,2013-09,54474531896.5,111527106,2320288.0,0.5204067415730337,89,5850.2,0.17,27.93
2013-09-18,2013,Q3,9,September,2013-09,53360237400.15,110225949,2304202.0,0.5152292134831461,89,5899.45,0.84,27.69
2013-09-19,2013,Q3,9,September,2013-09,111680022798.65,213290749,3733329.0,0.6030719101123596,89,6115.55,3.66,24.5
2013-09-20,2013,Q3,9,September,2013-09,111101710944.59999,221585488,3415115.0,0.554623595505618,89,6012.1,-1.69,24.73
2013-09-23,2013,Q3,9,September,2013-09,66261106259.25,136616551,2893527.0,0.5437224719101124,89,5889.75,-2.04,27.02
2013-09-24,2013,Q3,9,September,2013-09,72703637753.9,148101360,2875370.0,0.5556943820224719,89,5892.45,0.05,26.72
2013-09-25,2013,Q3,9,September,2013-09,69070516642.8,148721345,2807079.0,0.5257168539325843,89,5873.85,-0.32,25.68
2013-09-26,2013,Q3,9,September,2013-09,76081721389.25,159174205,2530766.0,0.5739168539325843,89,5882.25,0.14,24.0
2013-09-27,2013,Q3,9,September,2013-09,59137442726.65,128416387,2399041.0,0.5324977528089887,89,5833.2,-0.83,24.06
2013-09-30,2013,Q3,9,September,2013-09,61703314397.8,132808920,2943469.0,0.5426157303370787,89,5735.3,-1.68,26.65
2013-10-01,2013,Q4,10,October,2013-10,53771202608.7,122524313,2707511.0,0.5068528089887641,89,5780.05,0.78,25.77
2013-10-03,2013,Q4,10,October,2013-10,79505653845.1,157579164,3309569.0,0.5503314606741573,89,5909.7,2.24,25.17
2013-10-04,2013,Q4,10,October,2013-10,64460153904.85,149472575,2706384.0,0.5109797752808989,89,5907.3,-0.04,26.13
2013-10-07,2013,Q4,10,October,2013-10,56341245488.75,123111302,2253030.0,0.48899550561797755,89,5906.15,-0.02,26.83
2013-10-08,2013,Q4,10,October,2013-10,62167957767.25,120474576,2218242.0,0.5281842696629213,89,5928.4,0.38,26.55
2013-10-09,2013,Q4,10,October,2013-10,72965265977.45,141289829,2513368.0,0.5336134831460674,89,6007.45,1.33,25.87
2013-10-10,2013,Q4,10,October,2013-10,63984140610.75,120281937,2241292.0,0.5261898876404494,89,6020.95,0.22,25.88
2013-10-11,2013,Q4,10,October,2013-10,84146501075.5,144775331,2676000.0,0.5436224719101124,89,6096.2,1.25,23.59
2013-10-14,2013,Q4,10,October,2013-10,59079674700.7,110663674,2118866.0,0.5176460674157304,89,6112.7,0.27,22.85
2013-10-15,2013,Q4,10,October,2013-10,68957639809.75,145763344,2552061.0,0.5298359550561798,89,6089.05,-0.39,23.24
2013-10-17,2013,Q4,10,October,2013-10,82923394457.7,147564694,2872329.0,0.5428078651685393,89,6045.85,-0.71,21.06
2013-10-18,2013,Q4,10,October,2013-10,81057545474.35,156444513,2893614.0,0.5609056179775281,89,6189.35,2.37,20.12
2013-10-21,2013,Q4,10,October,2013-10,74806599224.4,146196778,2776594.0,0.528067415730337,89,6204.95,0.25,20.18
2013-10-22,2013,Q4,10,October,2013-10,60502095092.55,131684114,2387960.0,0.5179876404494382,89,6202.8,-0.03,19.96
2013-10-23,2013,Q4,10,October,2013-10,69871783155.45,147340427,2748959.0,0.48369662921348316,89,6178.35,-0.39,20.35
2013-10-24,2013,Q4,10,October,2013-10,73116385396.05,161330142,2772316.0,0.5092528089887641,89,6164.35,-0.23,20.64
2013-10-25,2013,Q4,10,October,2013-10,61098966053.3,126708290,2689140.0,0.49797303370786516,89,6144.9,-0.32,20.42
2013-10-28,2013,Q4,10,October,2013-10,56985308814.8,123668047,2272687.0,0.5320741573033707,89,6101.1,-0.71,21.29
2013-10-29,2013,Q4,10,October,2013-10,78181460216.5,149213874,2720605.0,0.5130303370786516,89,6220.9,1.96,19.76
2013-10-30,2013,Q4,10,October,2013-10,70393486736.09999,141378079,2533205.0,0.5115112359550562,89,6251.7,0.5,19.53
2013-10-31,2013,Q4,10,October,2013-10,96774190129.85,197318112,2830773.0,0.5932685393258427,89,6299.15,0.76,18.39
2013-11-01,2013,Q4,11,November,2013-11,75775045404.85,149756297,3193571.0,0.5578079545454545,88,6307.2,0.13,18.64
2013-11-03,2013,Q4,11,November,2013-11,8992993681.05,19223638,353471.0,0.46073636363636367,88,,,
2013-11-05,2013,Q4,11,November,2013-11,70465101859.59999,163356568,2926496.0,0.5655022727272727,88,6253.15,-0.86,19.94
2013-11-06,2013,Q4,11,November,2013-11,57672737965.95,126450096,2261808.0,0.5278556818181819,88,6215.15,-0.61,20.25
2013-11-07,2013,Q4,11,November,2013-11,68407005455.15,139238931,2576354.0,0.4884977272727273,88,6187.25,-0.45,19.87
2013-11-08,2013,Q4,11,November,2013-11,73125902451.25,139755399,2668978.0,0.5271545454545454,88,6140.75,-0.75,19.64
2013-11-11,2013,Q4,11,November,2013-11,66812723872.65,131872875,2788002.0,0.5155261363636364,88,6078.8,-1.01,19.98
2013-11-12,2013,Q4,11,November,2013-11,61560876668.9,128982152,2647285.0,0.5265022727272727,88,6018.05,-1.0,20.86
2013-11-13,2013,Q4,11,November,2013-11,70572558398.5,131306874,2830275.0,0.5258568181818182,88,5989.6,-0.47,20.45
2013-11-14,2013,Q4,11,November,2013-11,63111818934.95,131679570,2471752.0,0.5353454545454546,88,6056.15,1.11,19.26
2013-11-18,2013,Q4,11,November,2013-11,65585442298.05,130557777,2594837.0,0.5868887640449438,89,6189.0,2.19,18.82
2013-11-19,2013,Q4,11,November,2013-11,61073234359.5,119278385,2210455.0,0.545932584269663,89,6203.35,0.23,19.3
2013-11-20,2013,Q4,11,November,2013-11,60416870057.05,127559801,2397638.0,0.5548921348314606,89,6122.9,-1.3,20.83
2013-11-21,2013,Q4,11,November,2013-11,59271674255.3,114635471,2554734.0,0.5444426966292134,89,5999.05,-2.02,21.14
2013-11-22,2013,Q4,11,November,2013-11,52136045805.25,108613101,2111996.0,0.5306179775280899,89,5995.45,-0.06,20.04
2013-11-25,2013,Q4,11,November,2013-11,57216636617.9,113260400,2428296.0,0.5283977528089888,89,6115.35,2.0,21.05
2013-11-26,2013,Q4,11,November,2013-11,97510894084.05,158285169,2708455.0,0.5756606741573034,89,6059.1,-0.92,21.59
2013-11-27,2013,Q4,11,November,2013-11,58538564745.4,106217623,2299538.0,0.5378404494382023,89,6057.1,-0.03,21.14
2013-11-28,2013,Q4,11,November,2013-11,72688374060.2,153783585,2280913.0,0.5697494382022472,89,6091.85,0.57,20.71
2013-11-29,2013,Q4,11,November,2013-11,56018764934.65,116688932,2037233.0,0.5461573033707865,89,6176.1,1.38,21.38
2013-12-02,2013,Q4,12,December,2013-12,53154648820.55,108236045,2216635.0,0.5266292134831461,89,6217.85,0.68,23.36
2013-12-03,2013,Q4,12,December,2013-12,55035950036.1,116183920,2247030.0,0.5398898876404494,89,6201.85,-0.26,24.72
2013-12-04,2013,Q4,12,December,2013-12,53756121804.6,122347555,2343513.0,0.5248797752808989,89,6160.95,-0.66,23.71
2013-12-05,2013,Q4,12,December,2013-12,76118564729.35,148094710,2754885.0,0.5792056179775281,89,6241.1,1.3,21.68
2013-12-06,2013,Q4,12,December,2013-12,59363963705.8,126804423,2270635.0,0.5674269662921348,89,6259.9,0.3,22.21
2013-12-09,2013,Q4,12,December,2013-12,83096667819.05,165128151,2696476.0,0.6309348314606741,89,6363.9,1.66,19.16
2013-12-10,2013,Q4,12,December,2013-12,88869304718.85,218129848,3175748.0,0.5831134831460675,89,6332.85,-0.49,17.98
2013-12-11,2013,Q4,12,December,2013-12,60062231128.35,125524611,2304585.0,0.5450168539325843,89,6307.9,-0.39,17.54
2013-12-12,2013,Q4,12,December,2013-12,53545221561.15,112817737,2231830.0,0.5742629213483146,89,6237.05,-1.12,17.74
2013-12-13,2013,Q4,12,December,2013-12,66798684482.5,131113170,2668609.0,0.5695977528089888,89,6168.4,-1.1,17.84
2013-12-16,2013,Q4,12,December,2013-12,61031318120.95,127862469,2367176.0,0.5379584269662921,89,6154.7,-0.22,18.36
2013-12-17,2013,Q4,12,December,2013-12,62714701745.85,127077776,2198500.0,0.5524820224719101,89,6139.05,-0.25,18.33
2013-12-18,2013,Q4,12,December,2013-12,86127951023.75,234261614,2723667.0,0.5634235955056179,89,6217.15,1.27,17.54
2013-12-19,2013,Q4,12,December,2013-12,97827532267.6,421187434,2961933.0,0.5190370786516854,89,6166.65,-0.81,16.58
2013-12-20,2013,Q4,12,December,2013-12,75404915333.35,165263656,2543533.0,0.5276662921348314,89,6274.25,1.74,16.02
2013-12-23,2013,Q4,12,December,2013-12,57058587418.55,129662503,2297840.0,0.5289505617977528,89,6284.5,0.16,16.26
2013-12-24,2013,Q4,12,December,2013-12,43935010086.8,95043277,1849286.0,0.4895157303370787,89,6268.4,-0.26,15.58
2013-12-26,2013,Q4,12,December,2013-12,71499504540.95,178056502,2185703.0,0.5184460674157303,89,6278.9,0.17,14.88
2013-12-27,2013,Q4,12,December,2013-12,43794276318.15,95569594,1693316.0,0.5238280898876404,89,6313.8,0.56,14.66
2013-12-30,2013,Q4,12,December,2013-12,43745011113.15,87607680,1655960.0,0.5047325842696629,89,6291.1,-0.36,15.08
2013-12-31,2013,Q4,12,December,2013-12,32781580489.3,71480960,1260312.0,0.5026460674157304,89,6304.0,0.21,15.12
2014-01-01,2014,Q1,1,January,2014-01,21434202965.3,49336742,785549.0,0.39923146067415727,89,6301.65,-0.04,15.58
2014-01-02,2014,Q1,1,January,2014-01,55676588696.6,123260838,1869833.0,0.5328,89,6221.15,-1.28,16.55
2014-01-03,2014,Q1,1,January,2014-01,59402880568.9,116181745,2371175.0,0.5202685393258427,89,6211.15,-0.16,15.87
2014-01-06,2014,Q1,1,January,2014-01,54262118853.2,100360284,1971577.0,0.5451134831460674,89,6191.45,-0.32,16.5
2014-01-07,2014,Q1,1,January,2014-01,61216611165.9,115715294,2514199.0,0.5548044943820225,89,6162.25,-0.47,16.32
2014-01-08,2014,Q1,1,January,2014-01,63119058505.85,125416714,2534521.0,0.5506,89,6174.6,0.2,16.32
2014-01-09,2014,Q1,1,January,2014-01,62315784888.3,119553956,2668018.0,0.5799876404494382,89,6168.35,-0.1,16.18
2014-01-10,2014,Q1,1,January,2014-01,81436491806.95,141719880,2913822.0,0.5571168539325843,89,6171.45,0.05,15.58
2014-01-13,2014,Q1,1,January,2014-01,60730161169.45,105144036,2223582.0,0.5578382022471909,89,6272.75,1.64,15.95
2014-01-14,2014,Q1,1,January,2014-01,49067427148.1,88240044,1911406.0,0.5271595505617978,89,6241.85,-0.49,15.74
2014-01-15,2014,Q1,1,January,2014-01,69284957021.55,129606518,2841023.0,0.5571438202247191,89,6320.9,1.27,15.42
2014-01-16,2014,Q1,1,January,2014-01,71411410780.1,135771918,2345064.0,0.5729528089887641,89,6318.9,-0.03,15.54
2014-01-17,2014,Q1,1,January,2014-01,83020674293.85,147434089,2545965.0,0.5585876404494382,89,6261.65,-0.91,15.41
2014-01-20,2014,Q1,1,January,2014-01,62449432370.4,113980649,2046452.0,0.5386752808988764,89,6303.95,0.68,15.35
2014-01-21,2014,Q1,1,January,2014-01,64737781011.15,131214146,2171915.0,0.5355977528089888,89,6313.8,0.16,15.55
2014-01-22,2014,Q1,1,January,2014-01,62854636811.75,127356375,2392165.0,0.5467280898876404,89,6338.95,0.4,15.85
2014-01-23,2014,Q1,1,January,2014-01,60526131394.15,115948417,2334717.0,0.5712573033707865,89,6345.65,0.11,15.58
2014-01-24,2014,Q1,1,January,2014-01,61234316617.15,125186420,2406333.0,0.5970112359550562,89,6266.75,-1.24,15.83
2014-01-27,2014,Q1,1,January,2014-01,72014010582.05,146399781,2793803.0,0.6071011235955056,89,6135.85,-2.09,18.67
2014-01-28,2014,Q1,1,January,2014-01,80900996839.0,147647187,2635123.0,0.5861932584269662,89,6126.25,-0.16,17.72
2014-01-29,2014,Q1,1,January,2014-01,71102446952.65,133355084,2738993.0,0.5760820224719101,89,6120.25,-0.1,18.04
2014-01-30,2014,Q1,1,January,2014-01,91945805226.34999,208681666,2813089.0,0.6077685393258427,89,6073.7,-0.76,17.25
2014-01-31,2014,Q1,1,January,2014-01,66608297075.05,147029512,2576240.0,0.5874696629213483,89,6089.5,0.26,16.82
2014-02-03,2014,Q1,2,February,2014-02,57013075299.55,124456364,2336134.0,0.5538078651685393,89,6001.8,-1.44,18.27
2014-02-04,2014,Q1,2,February,2014-02,68156397768.950005,168849474,2727820.0,0.5526067415730337,89,6000.9,-0.01,18.69
2014-02-05,2014,Q1,2,February,2014-02,61781527858.0,137621183,2496084.0,0.5692269662921349,89,6022.4,0.36,18.93
2014-02-06,2014,Q1,2,February,2014-02,69678869848.35,155244079,2566192.0,0.5727842696629214,89,6036.3,0.23,18.94
2014-02-07,2014,Q1,2,February,2014-02,66642817200.1,153963712,2417808.0,0.5650258426966293,89,6063.2,0.45,18.55
2014-02-10,2014,Q1,2,February,2014-02,52802772957.8,113674579,2002469.0,0.5495662921348314,89,6053.45,-0.16,19.05
2014-02-11,2014,Q1,2,February,2014-02,60544278239.3,130298079,2218420.0,0.5644415730337079,89,6062.7,0.15,18.63
2014-02-12,2014,Q1,2,February,2014-02,62939708391.55,133098033,2362460.0,0.5850292134831461,89,6084.0,0.35,17.43
2014-02-13,2014,Q1,2,February,2014-02,55182078639.75,122731075,2463356.0,0.5239775280898876,89,6001.1,-1.36,17.8
2014-02-14,2014,Q1,2,February,2014-02,62981615563.200005,128261447,2498423.0,0.5326741573033708,89,6048.35,0.79,16.66
2014-02-17,2014,Q1,2,February,2014-02,53166549206.0,96360239,1893871.0,0.4930640449438202,89,6073.3,0.41,15.83
2014-02-18,2014,Q1,2,February,2014-02,51115828334.95,106443824,2143455.0,0.5419943820224719,89,6127.1,0.89,15.41
2014-02-19,2014,Q1,2,February,2014-02,40860969739.75,77430055,1750279.0,0.5215887640449438,89,6152.75,0.42,15.07
2014-02-20,2014,Q1,2,February,2014-02,48369056925.4,94593141,1811385.0,0.580052808988764,89,6091.45,-1.0,15.16
2014-02-21,2014,Q1,2,February,2014-02,44860505658.5,92849709,2299369.0,0.556191011235955,89,6155.45,1.05,14.04
2014-02-24,2014,Q1,2,February,2014-02,49329726269.65,121700017,2257609.0,0.5476292134831461,89,6186.1,0.5,14.36
2014-02-25,2014,Q1,2,February,2014-02,54479320894.3,125284135,2401468.0,0.571723595505618,89,6200.05,0.23,13.95
2014-02-26,2014,Q1,2,February,2014-02,75743918354.4,172110895,2427411.0,0.6153483146067416,89,6238.8,0.62,13.95
2014-02-28,2014,Q1,2,February,2014-02,106712177224.9,218547844,3746837.0,0.6116752808988765,89,6276.95,0.61,14.18
2014-03-03,2014,Q1,3,March,2014-03,58620360179.4,124226479,2646553.0,0.5481539325842697,89,6221.45,-0.88,15.28
2014-03-04,2014,Q1,3,March,2014-03,60284647617.8,132913338,2407499.0,0.5859044943820224,89,6297.95,1.23,14.39
2014-03-05,2014,Q1,3,March,2014-03,64538377959.85,131392075,2724854.0,0.5508168539325843,89,6328.65,0.49,13.84
2014-03-06,2014,Q1,3,March,2014-03,64120280905.8,139186097,2456780.0,0.5716516853932585,89,6401.15,1.15,14.48
2014-03-07,2014,Q1,3,March,2014-03,119751726906.65,210747280,3817229.0,0.5659359550561798,89,6526.65,1.96,16.72
2014-03-10,2014,Q1,3,March,2014-03,104524020301.55,183938521,3813665.0,0.5936707865168539,89,6537.25,0.16,17.78
2014-03-11,2014,Q1,3,March,2014-03,86108767810.0,164686307,3091338.0,0.5668786516853932,89,6511.9,-0.39,17.33
2014-03-12,2014,Q1,3,March,2014-03,66356215931.85,135477882,2494578.0,0.5349078651685393,89,6516.9,0.08,17.04
2014-03-13,2014,Q1,3,March,2014-03,90947528352.85,156594399,3027942.0,0.5216370786516854,89,6493.1,-0.37,16.82
2014-03-14,2014,Q1,3,March,2014-03,74593886523.0,136425082,2479794.0,0.5502898876404494,89,6504.2,0.17,16.45
2014-03-18,2014,Q1,3,March,2014-03,78194166605.05,149244214,3046178.0,0.6030775280898877,89,6516.65,0.19,17.13
2014-03-19,2014,Q1,3,March,2014-03,85992107544.1,166743018,3156425.0,0.5849539325842696,89,6524.05,0.11,16.88
2014-03-20,2014,Q1,3,March,2014-03,70353560977.4,129367798,2392343.0,0.5483842696629214,89,6483.1,-0.63,16.91
2014-03-21,2014,Q1,3,March,2014-03,96474431754.15001,172680446,2836555.0,0.6089651685393258,89,6493.2,0.16,16.18
2014-03-22,2014,Q1,3,March,2014-03,4476513899.7,8050073,155066.0,0.3811460674157303,89,,,
2014-03-24,2014,Q1,3,March,2014-03,72932840786.65,137308322,2652133.0,0.574823595505618,89,6583.5,1.39,16.54
2014-03-25,2014,Q1,3,March,2014-03,74138186820.0,161870168,2607517.0,0.5833348314606742,89,6589.75,0.09,16.92
2014-03-26,2014,Q1,3,March,2014-03,75893437318.3,149495485,2780296.0,0.5963651685393259,89,6601.4,0.18,17.77
2014-03-27,2014,Q1,3,March,2014-03,137465873460.45,246708088,3129336.0,0.6314910112359551,89,6641.75,0.61,18.37
2014-03-28,2014,Q1,3,March,2014-03,73099812145.1,138463120,2831932.0,0.5612179775280899,89,6695.9,0.82,18.63
2014-03-31,2014,Q1,3,March,2014-03,81392798409.9,171335677,3176660.0,0.582214606741573,89,6704.2,0.12,21.62
2014-04-01,2014,Q2,4,April,2014-04,74342355472.1,143384904,2779661.0,0.5543426966292135,89,6721.05,0.25,20.69
2014-04-02,2014,Q2,4,April,2014-04,86632349088.55,171317055,3132267.0,0.5791595505617978,89,6752.55,0.47,21.21
2014-04-03,2014,Q2,4,April,2014-04,77516848115.3,152448487,2816112.0,0.5887573033707865,89,6736.1,-0.24,22.11
2014-04-04,2014,Q2,4,April,2014-04,72337976795.45,157143694,2233689.0,0.5686921348314606,89,6694.35,-0.62,22.69
2014-04-07,2014,Q2,4,April,2014-04,69988220156.4,130144178,2390060.0,0.5742359550561797,89,6695.05,0.01,24.95
2014-04-09,2014,Q2,4,April,2014-04,93969121533.7,170320054,3343890.0,0.6314887640449438,89,6796.2,1.51,26.91
2014-04-10,2014,Q2,4,April,2014-04,96830964659.7,199278651,3166577.0,0.5832494382022472,89,6796.4,0.0,28.72
2014-04-11,2014,Q2,4,April,2014-04,81489932544.7,155909720,2671065.0,0.5732539325842696,89,6776.3,-0.3,29.19
2014-04-15,2014,Q2,4,April,2014-04,76623114525.25,134977880,2558229.0,0.561932584269663,89,6733.1,-0.64,31.88
2014-04-16,2014,Q2,4,April,2014-04,66742403794.9,129445033,2655988.0,0.5607842696629213,89,6675.3,-0.86,31.16
2014-04-17,2014,Q2,4,April,2014-04,75050349843.9,138295550,2442395.0,0.5654292134831461,89,6779.4,1.56,30.85
2014-04-21,2014,Q2,4,April,2014-04,63750688038.5,118813398,2107453.0,0.5605426966292135,89,6817.65,0.56,34.38
2014-04-22,2014,Q2,4,April,2014-04,61176457662.55,116707257,2245509.0,0.5370955056179775,89,6815.35,-0.03,33.35
2014-04-23,2014,Q2,4,April,2014-04,99696386382.7,194484137,2843157.0,0.6085629213483146,89,6840.8,0.37,31.13
2014-04-25,2014,Q2,4,April,2014-04,84294280502.35,157833529,2893043.0,0.5572539325842696,89,6782.75,-0.85,30.68
2014-04-28,2014,Q2,4,April,2014-04,76185870217.8,149521492,2538620.0,0.5733303370786517,89,6761.25,-0.32,31.38
2014-04-29,2014,Q2,4,April,2014-04,60741130881.85,123083928,2264448.0,0.5496943820224719,89,6715.25,-0.68,31.05
2014-04-30,2014,Q2,4,April,2014-04,76544166518.55,170247129,2724954.0,0.5591876404494381,89,6696.4,-0.28,30.59
2014-05-02,2014,Q2,5,May,2014-05,56944118190.25,128508227,2286352.0,0.5345561797752809,89,6694.8,-0.02,33.06
2014-05-05,2014,Q2,5,May,2014-05,53030717881.65,111168610,2017208.0,0.5428101123595506,89,6699.35,0.07,34.19
2014-05-06,2014,Q2,5,May,2014-05,47941501317.05,96438600,1743868.0,0.544661797752809,89,6715.3,0.24,33.27
2014-05-07,2014,Q2,5,May,2014-05,74959603118.8,138893055,2421054.0,0.5956033707865168,89,6652.55,-0.93,33.61
2014-05-08,2014,Q2,5,May,2014-05,62954349902.55,122881382,2240428.0,0.5733584269662921,89,6659.85,0.11,34.3
2014-05-09,2014,Q2,5,May,2014-05,84418910296.6,161530235,2837345.0,0.5885325842696629,89,6858.8,2.99,37.71
2014-05-12,2014,Q2,5,May,2014-05,92871356110.1,168542396,2825291.0,0.5866157303370786,89,7014.25,2.27,37.1
2014-05-13,2014,Q2,5,May,2014-05,112259464134.4,239014225,3615697.0,0.5553078651685394,89,7108.75,1.35,32.05
2014-05-14,2014,Q2,5,May,2014-05,101082035700.3,190114343,3131940.0,0.5597235955056179,89,7108.75,0.0,32.42
2014-05-15,2014,Q2,5,May,2014-05,98280227477.15,204527344,3151359.0,0.585538202247191,89,7123.15,0.2,36.76
2014-05-16,2014,Q2,5,May,2014-05,216921046802.9,387882896,5371879.0,0.5906089887640449,89,7203.0,1.12,24.29
2014-05-19,2014,Q2,5,May,2014-05,158929156214.0,322840676,4543808.0,0.6163528089887641,89,7263.55,0.84,20.63
2014-05-20,2014,Q2,5,May,2014-05,112550504899.9,250311948,3975831.0,0.5684168539325843,89,7275.5,0.16,19.23
2014-05-21,2014,Q2,5,May,2014-05,99098202211.05,212881711,3545817.0,0.5680977528089888,89,7252.9,-0.31,17.91
2014-05-22,2014,Q2,5,May,2014-05,109708462344.6,288282140,3978307.0,0.5716921348314606,89,7276.4,0.32,17.83
2014-05-23,2014,Q2,5,May,2014-05,121449723199.2,253737734,3753613.0,0.5845640449438203,89,7367.1,1.25,17.7
2014-05-26,2014,Q2,5,May,2014-05,131869015310.25,272224470,3616874.0,0.5682112359550562,89,7359.05,-0.11,19.84
2014-05-27,2014,Q2,5,May,2014-05,82786457846.95,172918459,2906455.0,0.5344280898876405,89,7318.0,-0.56,19.1
2014-05-28,2014,Q2,5,May,2014-05,95843892821.8,188187463,3511101.0,0.5739348314606741,89,7329.65,0.16,17.56
2014-05-29,2014,Q2,5,May,2014-05,132603259181.3,226909423,3676630.0,0.5852662921348315,89,7235.65,-1.28,16.69
2014-05-30,2014,Q2,5,May,2014-05,151489002034.55,329093536,3753070.0,0.6072202247191011,89,7229.95,-0.08,16.33
2014-06-02,2014,Q2,6,June,2014-06,82647149132.8,182957245,2772439.0,0.5396573033707865,89,7362.5,1.83,16.5
2014-06-03,2014,Q2,6,June,2014-06,101643640373.4,214392120,3460688.0,0.5636651685393259,89,7415.85,0.72,15.8
2014-06-04,2014,Q2,6,June,2014-06,87391642277.95,192939905,2694044.0,0.5727348314606742,89,7402.25,-0.18,15.56
2014-06-05,2014,Q2,6,June,2014-06,115640429348.45,234582607,3695582.0,0.5844,89,7474.1,0.97,15.45
2014-06-06,2014,Q2,6,June,2014-06,130203877265.35,255537533,4112188.0,0.593591011235955,89,7583.4,1.46,15.98
2014-06-09,2014,Q2,6,June,2014-06,113781171341.55,248577292,3478850.0,0.5441719101123595,89,7654.6,0.94,17.09
2014-06-10,2014,Q2,6,June,2014-06,102071537729.55,210299227,3245552.0,0.5517910112359551,89,7656.4,0.02,16.66
2014-06-11,2014,Q2,6,June,2014-06,113784210329.34999,229780706,3703928.0,0.5237134831460675,89,7626.85,-0.39,17.06
2014-06-12,2014,Q2,6,June,2014-06,89469844325.95,179448904,2980602.0,0.5272022471910113,89,7649.9,0.3,16.9
2014-06-13,2014,Q2,6,June,2014-06,119551567436.25,200797324,3250789.0,0.523014606741573,89,7542.1,-1.41,17.76
2014-06-16,2014,Q2,6,June,2014-06,89199641546.9,172962251,3261924.0,0.5156269662921348,89,7533.55,-0.11,17.98
2014-06-17,2014,Q2,6,June,2014-06,90453077245.9,165690816,3225596.0,0.5444640449438203,89,7631.7,1.3,17.7
2014-06-18,2014,Q2,6,June,2014-06,97530163130.4,190003598,3079933.0,0.5014752808988764,89,7558.2,-0.96,18.58
2014-06-19,2014,Q2,6,June,2014-06,85166947612.85,159512003,3073539.0,0.49698426966292136,89,7540.7,-0.23,18.74
2014-06-20,2014,Q2,6,June,2014-06,73424920726.75,134907515,2650351.0,0.5201168539325842,89,7511.45,-0.39,18.85
2014-06-23,2014,Q2,6,June,2014-06,71489921814.05,139591753,2753009.0,0.5234876404494382,89,7493.35,-0.24,18.96
2014-06-24,2014,Q2,6,June,2014-06,77828819287.9,153993451,2853955.0,0.5562044943820225,89,7580.2,1.16,19.19
2014-06-25,2014,Q2,6,June,2014-06,71593884592.5,135214466,2684657.0,0.5480865168539326,89,7569.25,-0.14,18.31
2014-06-26,2014,Q2,6,June,2014-06,104109639173.25,193672980,2993090.0,0.5782393258426965,89,7493.2,-1.0,17.7
2014-06-27,2014,Q2,6,June,2014-06,75856622246.45,146481534,2637148.0,0.5270573033707865,89,7508.8,0.21,17.63
2014-06-30,2014,Q2,6,June,2014-06,83751101362.55,149773158,2488536.0,0.5528134831460675,89,7611.35,1.37,17.87
2014-07-01,2014,Q3,7,July,2014-07,76819533180.05,148192284,2290673.0,0.5147044943820225,89,7634.7,0.31,17.66
2014-07-02,2014,Q3,7,July,2014-07,85803951139.2,176172718,2700391.0,0.5395505617977528,89,7725.15,1.18,17.57
2014-07-03,2014,Q3,7,July,2014-07,82832557193.35,156641844,2548692.0,0.5220820224719102,89,7714.8,-0.13,17.8
2014-07-04,2014,Q3,7,July,2014-07,67117873789.05,132185025,2172360.0,0.4736539325842697,89,7751.6,0.48,18.16
2014-07-07,2014,Q3,7,July,2014-07,92459792840.2,157552925,2502531.0,0.5661191011235955,89,7787.15,0.46,19.41
2014-07-08,2014,Q3,7,July,2014-07,96543865879.5,176724607,3004249.0,0.5305831460674157,89,7623.2,-2.11,19.18
2014-07-09,2014,Q3,7,July,2014-07,86543610601.55,169005752,3071158.0,0.5132797752808989,89,7585.0,-0.5,18.19
2014-07-10,2014,Q3,7,July,2014-07,117803172503.34999,238643812,3494880.0,0.4730775280898877,89,7567.75,-0.23,15.96
2014-07-11,2014,Q3,7,July,2014-07,92730454140.6,173730428,2986076.0,0.5281044943820224,89,7459.6,-1.43,15.72
2014-07-14,2014,Q3,7,July,2014-07,68083551279.8,129281599,2661235.0,0.5149955056179776,89,7454.15,-0.07,15.56
2014-07-15,2014,Q3,7,July,2014-07,66563996651.35,126692262,2334448.0,0.518014606741573,89,7526.65,0.97,14.77
2014-07-16,2014,Q3,7,July,2014-07,84247773569.35,148338175,2668988.0,0.5289112359550562,89,7624.4,1.3,14.73
2014-07-17,2014,Q3,7,July,2014-07,70458169440.5,136653508,2225720.0,0.5099943820224719,89,7640.45,0.21,14.96
2014-07-18,2014,Q3,7,July,2014-07,73331974933.3,131032735,2294297.0,0.4936752808988764,89,7663.9,0.31,15.1
2014-07-21,2014,Q3,7,July,2014-07,62476528787.0,108722025,2074609.0,0.5269573033707865,89,7684.2,0.26,14.9
2014-07-22,2014,Q3,7,July,2014-07,71905995327.45,130935797,2192483.0,0.5335337078651686,89,7767.85,1.09,14.64
2014-07-23,2014,Q3,7,July,2014-07,75854357512.15,129040665,2445928.0,0.5134359550561798,89,7795.75,0.36,14.69
2014-07-24,2014,Q3,7,July,2014-07,64686802941.5,115474760,2192142.0,0.5229539325842697,89,7830.6,0.45,14.72
2014-07-25,2014,Q3,7,July,2014-07,79975742206.75,147121489,2717128.0,0.5130561797752808,89,7790.45,-0.51,14.22
2014-07-28,2014,Q3,7,July,2014-07,67532240999.3,126149928,2422788.0,0.5241168539325842,89,7748.7,-0.54,14.32
2014-07-30,2014,Q3,7,July,2014-07,108821087953.6,185365362,3444581.0,0.6071157303370787,89,7791.4,0.55,13.89
2014-07-31,2014,Q3,7,July,2014-07,129547452586.4,235053023,3352381.0,0.6411831460674158,89,7721.3,-0.9,13.82
2014-08-01,2014,Q3,8,August,2014-08,104014328874.9,182745237,3064013.0,0.547452808988764,89,7602.6,-1.54,15.22
2014-08-04,2014,Q3,8,August,2014-08,82023614282.95,147286103,2451920.0,0.5581078651685393,89,7683.65,1.07,14.82
2014-08-05,2014,Q3,8,August,2014-08,75566322235.1,144063299,2286485.0,0.5099044943820225,89,7746.55,0.82,13.95
2014-08-06,2014,Q3,8,August,2014-08,78130488939.15,130111478,2179644.0,0.5287382022471909,89,7672.05,-0.96,14.3
2014-08-07,2014,Q3,8,August,2014-08,65229047567.3,120230765,2027054.0,0.4881483146067416,89,7649.25,-0.3,14.14
2014-08-08,2014,Q3,8,August,2014-08,69782596205.2,124562717,2371410.0,0.5534662921348315,89,7568.55,-1.06,14.62
2014-08-11,2014,Q3,8,August,2014-08,61683171792.8,108854838,2047646.0,0.5398247191011236,89,7625.95,0.76,14.0
2014-08-12,2014,Q3,8,August,2014-08,70662731472.25,128608069,2198370.0,0.5276292134831461,89,7727.05,1.33,13.47
2014-08-13,2014,Q3,8,August,2014-08,89249336679.9,153057739,2802572.0,0.5556539325842696,89,7739.55,0.16,13.76
2014-08-14,2014,Q3,8,August,2014-08,76017111653.2,137404437,2601579.0,0.5374505617977529,89,7791.7,0.67,13.22
2014-08-18,2014,Q3,8,August,2014-08,76207045416.65,129264060,2687355.0,0.552085393258427,89,7874.25,1.06,13.5
2014-08-19,2014,Q3,8,August,2014-08,89279976563.15001,153136764,2925005.0,0.550614606741573,89,7897.5,0.3,13.9
2014-08-20,2014,Q3,8,August,2014-08,75598485577.85,139252034,2514647.0,0.5373505617977528,89,7875.3,-0.28,13.66
2014-08-21,2014,Q3,8,August,2014-08,89086719362.0,143707191,2644833.0,0.5251898876404495,89,7891.1,0.2,13.73
2014-08-22,2014,Q3,8,August,2014-08,79586260568.9,117346077,2549751.0,0.5282606741573034,89,7913.2,0.28,13.62
2014-08-25,2014,Q3,8,August,2014-08,65901241319.75,114648233,2070255.0,0.5080157303370787,89,7906.3,-0.09,13.79
2014-08-26,2014,Q3,8,August,2014-08,71089292441.15,137027058,2555434.0,0.49925730337078655,89,7904.75,-0.02,13.9
2014-08-27,2014,Q3,8,August,2014-08,71766614126.25,136897085,2493794.0,0.5497134831460674,89,7936.05,0.4,13.06
2014-08-28,2014,Q3,8,August,2014-08,112232381614.65001,205604728,2844041.0,0.5956247191011237,89,7954.35,0.23,13.07
2014-09-01,2014,Q3,9,September,2014-09,73267522090.4,131772124,2483282.0,0.5419146067415731,89,8027.7,0.92,13.53
2014-09-02,2014,Q3,9,September,2014-09,79872133874.1,141329897,2327360.0,0.5175269662921348,89,8083.05,0.69,13.45
2014-09-03,2014,Q3,9,September,2014-09,95989698384.65001,159187401,2793960.0,0.5337842696629214,89,8114.6,0.39,13.39
2014-09-04,2014,Q3,9,September,2014-09,77022983878.4,145079937,2638636.0,0.5150089887640449,89,8095.95,-0.23,13.08
2014-09-05,2014,Q3,9,September,2014-09,76401286017.7,142273577,2360860.0,0.5072044943820224,89,8086.85,-0.11,12.94
2014-09-08,2014,Q3,9,September,2014-09,77499983944.45,135196492,2194556.0,0.5606224719101124,89,8173.9,1.08,12.79
2014-09-09,2014,Q3,9,September,2014-09,62982705479.5,118301990,1846419.0,0.5028314606741573,89,8152.95,-0.26,12.76
2014-09-10,2014,Q3,9,September,2014-09,65295308501.3,118897046,2058252.0,0.5400629213483147,89,8094.1,-0.72,12.93
2014-09-11,2014,Q3,9,September,2014-09,76830334064.4,142529219,2505084.0,0.5160831460674158,89,8085.7,-0.1,12.52
2014-09-12,2014,Q3,9,September,2014-09,76034891451.5,133588793,2324287.0,0.5227348314606742,89,8105.5,0.24,12.36
2014-09-15,2014,Q3,9,September,2014-09,62590475226.6,102715875,2169228.0,0.5211955056179776,89,8042.0,-0.78,13.26
2014-09-16,2014,Q3,9,September,2014-09,76919535734.05,138379176,2612566.0,0.5171775280898876,89,7932.9,-1.36,13.28
2014-09-17,2014,Q3,9,September,2014-09,76064562735.55,133015976,2732307.0,0.5282629213483147,89,7975.5,0.54,12.95
2014-09-18,2014,Q3,9,September,2014-09,80446965389.6,137158902,2623174.0,0.5134348314606741,89,8114.75,1.75,12.32
2014-09-19,2014,Q3,9,September,2014-09,104622594137.45,173126146,2729185.0,0.5558775280898877,89,8121.45,0.08,11.89
2014-09-22,2014,Q3,9,September,2014-09,65415016825.3,115592907,2200824.0,0.5106101123595506,89,8146.3,0.31,11.56
2014-09-23,2014,Q3,9,September,2014-09,88480203396.8,154628230,2726786.0,0.5495887640449438,89,8017.55,-1.58,12.41
2014-09-24,2014,Q3,9,September,2014-09,85368426922.2,170248727,2671475.0,0.513114606741573,89,8002.4,-0.19,12.54
2014-09-25,2014,Q3,9,September,2014-09,127158795148.15,230285574,3163541.0,0.5856516853932584,89,7911.85,-1.13,13.3
2014-09-26,2014,Q3,9,September,2014-09,89082936213.85,150459835,2984792.0,0.5110157303370787,89,7968.85,0.72,12.93
2014-09-29,2014,Q3,9,September,2014-09,60679735293.3,109616860,2076844.0,0.5434775280898877,89,7958.9,-0.12,13.38
2014-09-30,2014,Q3,9,September,2014-09,88687660263.40001,150156004,2633373.0,0.5350820224719102,89,7964.8,0.07,13.14
2014-10-01,2014,Q4,10,October,2014-10,66958615776.25,110562910,2648065.0,0.5313404494382022,89,7945.55,-0.24,13.0
2014-10-07,2014,Q4,10,October,2014-10,88150937109.95,148631524,3403255.0,0.5998820224719101,89,7852.4,-1.17,14.46
2014-10-08,2014,Q4,10,October,2014-10,80976279283.0,135105271,2616824.0,0.5629314606741573,89,7842.7,-0.12,14.11
2014-10-09,2014,Q4,10,October,2014-10,75077504511.95,123365193,2326512.0,0.5404022471910112,89,7960.55,1.5,13.16
2014-10-10,2014,Q4,10,October,2014-10,87654749961.6,128095561,2544330.0,0.5095516853932583,89,7859.95,-1.26,14.33
2014-10-13,2014,Q4,10,October,2014-10,71389257942.25,114194663,2378652.0,0.4997831460674157,89,7884.25,0.31,14.5
2014-10-14,2014,Q4,10,October,2014-10,80002394054.7,203274613,2985125.0,0.5149505617977528,89,7864.0,-0.26,14.59
2014-10-16,2014,Q4,10,October,2014-10,99153804197.75,218151923,3438403.0,0.564176404494382,89,7748.2,-1.47,16.43
2014-10-17,2014,Q4,10,October,2014-10,103255610341.8,177073974,3197612.0,0.5539831460674157,89,7779.7,0.41,16.4
2014-10-20,2014,Q4,10,October,2014-10,95270432403.5,171542250,3025856.0,0.5565898876404494,89,7879.4,1.28,14.19
2014-10-21,2014,Q4,10,October,2014-10,91427599472.45,157668559,2630744.0,0.5423022471910112,89,7927.75,0.61,13.33
2014-10-22,2014,Q4,10,October,2014-10,78271934978.6,148671938,2636708.0,0.5473752808988764,89,7995.9,0.86,13.03
2014-10-23,2014,Q4,10,October,2014-10,9679863965.1,17817296,315905.0,0.48888426966292137,89,8014.55,0.23,12.86
2014-10-27,2014,Q4,10,October,2014-10,72781281541.95,137128975,2524914.0,0.5791696629213483,89,7991.7,-0.29,13.52
2014-10-28,2014,Q4,10,October,2014-10,77083427089.1,122309668,2519066.0,0.5576213483146067,89,8027.6,0.45,13.32
2014-10-29,2014,Q4,10,October,2014-10,82293829629.35,148713403,2627124.0,0.5648449438202248,89,8090.45,0.78,13.0
2014-10-30,2014,Q4,10,October,2014-10,121341311027.25,220540235,3198543.0,0.5976112359550562,89,8169.2,0.97,13.26
2014-10-31,2014,Q4,10,October,2014-10,104592063635.3,177258083,3117066.0,0.5518292134831461,89,8322.2,1.87,13.3
2014-11-03,2014,Q4,11,November,2014-11,82137024816.95,145863870,2653799.0,0.5583370786516854,89,8324.15,0.02,13.74
2014-11-05,2014,Q4,11,November,2014-11,100906473050.05,166701844,3400226.0,0.6075078651685393,89,8338.3,0.17,13.76
2014-11-07,2014,Q4,11,November,2014-11,130578478747.85,177834582,3225655.0,0.5796595505617977,89,8337.0,-0.02,14.11
2014-11-10,2014,Q4,11,November,2014-11,84068969914.95,152719292,2728565.0,0.5389067415730336,89,8344.25,0.09,13.93
2014-11-11,2014,Q4,11,November,2014-11,78710977023.4,135753020,2531956.0,0.5617393258426966,89,8362.65,0.22,14.8
2014-11-12,2014,Q4,11,November,2014-11,80937011031.55,137976314,2505421.0,0.5583966292134831,89,8383.3,0.25,14.44
2014-11-13,2014,Q4,11,November,2014-11,79343088821.45,141980709,2459123.0,0.5112966292134832,89,8357.85,-0.3,13.8
2014-11-14,2014,Q4,11,November,2014-11,95030458530.6,149391467,2878037.0,0.5485539325842697,89,8389.9,0.38,13.97
2014-11-17,2014,Q4,11,November,2014-11,82816129695.90001,121636340,2346027.0,0.5325932584269663,89,8430.75,0.49,14.41
2014-11-18,2014,Q4,11,November,2014-11,84104882196.3,138413861,2525386.0,0.5576213483146067,89,8425.9,-0.06,14.06
2014-11-19,2014,Q4,11,November,2014-11,85318738486.95,137727222,2637197.0,0.5275415730337079,89,8382.3,-0.52,14.34
2014-11-20,2014,Q4,11,November,2014-11,71887369566.8,127587705,2384129.0,0.5059876404494382,89,8401.9,0.23,14.16
2014-11-21,2014,Q4,11,November,2014-11,88814858655.6,144835806,2566277.0,0.5460438202247191,89,8477.35,0.9,13.85
2014-11-24,2014,Q4,11,November,2014-11,79939572737.05,142213141,2581971.0,0.561323595505618,89,8530.15,0.62,13.02
2014-11-25,2014,Q4,11,November,2014-11,141734899419.1,298574702,3675232.0,0.5616078651685393,89,8463.1,-0.79,13.52
2014-11-26,2014,Q4,11,November,2014-11,78666467470.95,154579264,2692890.0,0.5372595505617977,89,8475.75,0.15,12.98
2014-11-27,2014,Q4,11,November,2014-11,101567624278.5,187214808,2364144.0,0.5821651685393259,89,8494.2,0.22,12.74
2014-11-28,2014,Q4,11,November,2014-11,114910049771.15,205479881,3078494.0,0.5705460674157303,89,8588.25,1.11,12.9
2014-12-01,2014,Q4,12,December,2014-12,99819857094.35,164078867,3141884.0,0.5466662921348315,89,8555.9,-0.38,13.2
2014-12-02,2014,Q4,12,December,2014-12,79761391343.3,143438996,2612370.0,0.5219966292134832,89,8524.7,-0.36,12.4
2014-12-03,2014,Q4,12,December,2014-12,85683764486.6,142675784,2600152.0,0.5543662921348315,89,8537.65,0.15,12.37
2014-12-04,2014,Q4,12,December,2014-12,78992921353.85,145501730,2503083.0,0.5347134831460675,89,8564.4,0.31,12.44
2014-12-05,2014,Q4,12,December,2014-12,72866695877.6,144833305,2344285.0,0.5631280898876405,89,8538.3,-0.3,11.95
2014-12-08,2014,Q4,12,December,2014-12,148674450528.34998,173045584,2928376.0,0.5214651685393259,89,8438.25,-1.17,12.21
2014-12-09,2014,Q4,12,December,2014-12,83242482765.05,155745878,2957757.0,0.5492269662921349,89,8340.7,-1.16,12.5
2014-12-10,2014,Q4,12,December,2014-12,77962955450.0,146594952,2821472.0,0.5581438202247191,89,8355.65,0.18,12.24
2014-12-11,2014,Q4,12,December,2014-12,81198490479.95,152053609,2922596.0,0.5361876404494382,89,8292.9,-0.75,12.77
2014-12-12,2014,Q4,12,December,2014-12,83291190008.45,164060633,2954517.0,0.5404550561797753,89,8224.1,-0.83,13.75
2014-12-15,2014,Q4,12,December,2014-12,75082856131.7,140711606,2612656.0,0.5447955056179775,89,8219.6,-0.05,14.02
2014-12-16,2014,Q4,12,December,2014-12,98540998613.55,193532649,3493206.0,0.5638449438202248,89,8067.6,-1.85,16.31
2014-12-17,2014,Q4,12,December,2014-12,111529809402.4,221457326,3811217.0,0.5558966292134832,89,8029.8,-0.47,16.92
2014-12-18,2014,Q4,12,December,2014-12,85464730739.95,172333874,2772450.0,0.5396101123595506,89,8159.3,1.61,14.6
2014-12-19,2014,Q4,12,December,2014-12,94454552728.55,183482381,2845998.0,0.5560438202247191,89,8225.2,0.81,14.51
2014-12-22,2014,Q4,12,December,2014-12,63126786948.8,138127097,2353286.0,0.5308539325842697,89,8324.0,1.2,14.21
2014-12-23,2014,Q4,12,December,2014-12,64646014680.35,139513996,2110171.0,0.5292303370786517,89,8267.0,-0.68,15.3
2014-12-24,2014,Q4,12,December,2014-12,129434043275.15,232942523,2173242.0,0.6076505617977528,89,8174.1,-1.12,15.07
2014-12-26,2014,Q4,12,December,2014-12,33875856205.35,74827449,1168147.0,0.4079573033707865,89,8200.7,0.33,14.64
2014-12-29,2014,Q4,12,December,2014-12,42075865749.55,87436675,1473640.0,0.5072943820224719,89,8246.3,0.56,14.58
2014-12-30,2014,Q4,12,December,2014-12,43304707342.2,90234077,1604414.0,0.4961640449438202,89,8248.25,0.02,14.86
2014-12-31,2014,Q4,12,December,2014-12,49870394681.1,92112198,1470197.0,0.5236910112359551,89,8282.7,0.42,15.12
2015-01-01,2015,Q1,1,January,2015-01,26244058740.55,54037642,776935.0,0.39417865168539323,89,8284.0,0.02,15.02
2015-01-02,2015,Q1,1,January,2015-01,55619969590.1,104743604,1728637.0,0.5229831460674157,89,8395.45,1.35,13.8
2015-01-05,2015,Q1,1,January,2015-01,60966441747.6,113235209,1930558.0,0.5234561797752809,89,8378.4,-0.2,14.15
2015-01-06,2015,Q1,1,January,2015-01,90636268562.75,174787155,2979434.0,0.5705752808988764,89,8127.35,-3.0,17.42
2015-01-07,2015,Q1,1,January,2015-01,84431690422.4,168029244,3062573.0,0.5139168539325842,89,8102.1,-0.31,18.14
2015-01-08,2015,Q1,1,January,2015-01,94495911620.7,159480916,2896723.0,0.553923595505618,89,8234.6,1.64,16.47
2015-01-09,2015,Q1,1,January,2015-01,109465635846.85,177384348,3175977.0,0.515838202247191,89,8284.5,0.61,15.96
2015-01-12,2015,Q1,1,January,2015-01,67996138869.6,114503525,2268666.0,0.530761797752809,89,8323.0,0.46,16.11
2015-01-13,2015,Q1,1,January,2015-01,78105874522.05,142645864,2872050.0,0.538476404494382,89,8299.4,-0.28,16.48
2015-01-14,2015,Q1,1,January,2015-01,85001022114.35,179054882,3164660.0,0.5393044943820224,89,8277.55,-0.26,17.25
2015-01-15,2015,Q1,1,January,2015-01,118344058403.90001,228417940,3258494.0,0.5896370786516854,89,8494.15,2.62,16.16
2015-01-16,2015,Q1,1,January,2015-01,97820625292.2,180632965,3144734.0,0.5509820224719101,89,8513.8,0.23,17.27
2015-01-19,2015,Q1,1,January,2015-01,74596530018.45,137307388,2325616.0,0.5288820224719102,89,8550.7,0.43,17.65
2015-01-20,2015,Q1,1,January,2015-01,86922181015.55,155439759,2717439.0,0.5645404494382023,89,8695.6,1.69,17.27
2015-01-21,2015,Q1,1,January,2015-01,108573135316.0,198647263,3583850.0,0.5675685393258426,89,8729.5,0.39,17.71
2015-01-22,2015,Q1,1,January,2015-01,102844949997.7,187471724,3179161.0,0.5804741573033708,89,8761.4,0.37,18.57
2015-01-23,2015,Q1,1,January,2015-01,111349794665.9,199833643,3461322.0,0.5695764044943821,89,8835.6,0.85,17.89
2015-01-27,2015,Q1,1,January,2015-01,115315080434.55,195259701,3636427.0,0.5985651685393258,89,8910.5,0.85,18.08
2015-01-28,2015,Q1,1,January,2015-01,118274153786.8,203537667,3238958.0,0.5656303370786516,89,8914.3,0.04,19.77
2015-01-29,2015,Q1,1,January,2015-01,148340259946.65,264290078,3974109.0,0.5861584269662922,89,8952.35,0.43,19.43
2015-01-30,2015,Q1,1,January,2015-01,135715021675.09999,274371097,3982340.0,0.5542191011235955,89,8808.9,-1.6,20.17
2015-02-02,2015,Q1,2,February,2015-02,118434643417.75,229815152,3474366.0,0.5456044943820224,89,8797.4,-0.13,20.41
2015-02-03,2015,Q1,2,February,2015-02,116668589871.35,238181920,3733440.0,0.5530033707865168,89,8756.55,-0.46,19.81
2015-02-04,2015,Q1,2,February,2015-02,99534979559.0,206425090,3298445.0,0.5436157303370787,89,8723.7,-0.38,20.05
2015-02-05,2015,Q1,2,February,2015-02,105302372787.35,193474173,3160191.0,0.5422741573033708,89,8711.7,-0.14,20.62
2015-02-06,2015,Q1,2,February,2015-02,91414884117.55,186047950,2926858.0,0.5148258426966292,89,8661.05,-0.58,20.68
2015-02-09,2015,Q1,2,February,2015-02,78003949366.5,153701223,2875207.0,0.5423011235955056,89,8526.35,-1.56,22.01
2015-02-10,2015,Q1,2,February,2015-02,113326656704.75,213666575,3722897.0,0.5167977528089888,89,8565.55,0.46,21.19
2015-02-11,2015,Q1,2,February,2015-02,87148683851.65,173309337,2603299.0,0.5309865168539326,89,8627.4,0.72,20.5
2015-02-12,2015,Q1,2,February,2015-02,93582087981.75,180400165,3034521.0,0.5283247191011236,89,8711.55,0.98,20.16
2015-02-13,2015,Q1,2,February,2015-02,118588638477.75,237853890,3297097.0,0.525208988764045,89,8805.5,1.08,20.1
2015-02-16,2015,Q1,2,February,2015-02,82039015508.75,147800062,2709583.0,0.5176808988764044,89,8809.35,0.04,20.83
2015-02-18,2015,Q1,2,February,2015-02,116900865143.3,156997671,2600991.0,0.5627,89,8869.1,0.68,20.91
2015-02-19,2015,Q1,2,February,2015-02,99637640894.25,162325053,2533749.0,0.5090719101123595,89,8895.3,0.3,20.4
2015-02-20,2015,Q1,2,February,2015-02,80765431958.15,150265225,2494942.0,0.5088573033707865,89,8833.6,-0.69,21.27
2015-02-23,2015,Q1,2,February,2015-02,80235998022.75,139665109,2511172.0,0.5720910112359551,89,8754.95,-0.89,21.63
2015-02-24,2015,Q1,2,February,2015-02,87294873792.65,165937628,2773300.0,0.5319033707865168,89,8762.1,0.08,21.55
2015-02-25,2015,Q1,2,February,2015-02,82776843679.59999,149222587,2627426.0,0.5632719101123596,89,8767.25,0.06,20.78
2015-02-26,2015,Q1,2,February,2015-02,128331003621.3,257133866,3317141.0,0.6038292134831461,89,8683.85,-0.95,20.58
2015-02-27,2015,Q1,2,February,2015-02,150369617408.65,240972597,3775327.0,0.6022584269662922,89,8844.6,1.85,19.57
2015-02-28,2015,Q1,2,February,2015-02,107186619061.0,240149826,2572218.0,0.3699056179775281,89,8901.85,0.65,16.97
2015-03-02,2015,Q1,3,March,2015-03,130211276383.35,224832840,3603670.0,0.5482011235955057,89,8956.75,0.62,15.85
2015-03-03,2015,Q1,3,March,2015-03,104628353833.05,185066425,3229793.0,0.5530258426966292,89,8996.25,0.44,15.49
2015-03-04,2015,Q1,3,March,2015-03,136416446829.0,249839432,3738053.0,0.5493932584269663,89,8922.65,-0.82,15.2
2015-03-05,2015,Q1,3,March,2015-03,99949296405.6,171867208,3025230.0,0.5432146067415731,89,8937.75,0.17,14.44
2015-03-09,2015,Q1,3,March,2015-03,96058535418.55,163097449,3330641.0,0.5722438202247191,89,8756.75,-2.03,15.81
2015-03-10,2015,Q1,3,March,2015-03,96290916946.9,168881311,3238508.0,0.565470786516854,89,8712.05,-0.51,15.53
2015-03-11,2015,Q1,3,March,2015-03,96029929933.7,182934357,2859535.0,0.537138202247191,89,8699.95,-0.14,15.13
2015-03-12,2015,Q1,3,March,2015-03,93705915295.4,182849598,3063548.0,0.5594629213483147,89,8776.0,0.87,14.75
2015-03-13,2015,Q1,3,March,2015-03,97990894777.2,196278325,3145786.0,0.5464382022471911,89,8647.75,-1.46,14.96
2015-03-16,2015,Q1,3,March,2015-03,85929815206.95,163286010,2728344.0,0.5620056179775281,89,8633.15,-0.17,15.18
2015-03-17,2015,Q1,3,March,2015-03,94894800580.5,171238657,2830577.0,0.5616696629213483,89,8723.3,1.04,15.13
2015-03-18,2015,Q1,3,March,2015-03,94371055033.35,157651315,2746425.0,0.5561033707865168,89,8685.9,-0.43,15.51
2015-03-19,2015,Q1,3,March,2015-03,98841646089.9,177661050,2997146.0,0.5661471910112359,89,8634.65,-0.59,15.2
2015-03-20,2015,Q1,3,March,2015-03,109486395227.45,190426966,3350701.0,0.5793775280898876,89,8570.9,-0.74,14.26
2015-03-23,2015,Q1,3,March,2015-03,66372170514.5,129945213,2586312.0,0.5418696629213483,89,8550.9,-0.23,14.27
2015-03-24,2015,Q1,3,March,2015-03,87247438114.6,155545365,2564182.0,0.5486460674157304,89,8542.95,-0.09,13.67
2015-03-25,2015,Q1,3,March,2015-03,93837721407.65001,174246603,2981548.0,0.5947235955056179,89,8530.8,-0.14,13.14
2015-03-26,2015,Q1,3,March,2015-03,149742238013.6,295052195,3661078.0,0.6267528089887641,89,8342.15,-2.21,15.16
2015-03-27,2015,Q1,3,March,2015-03,101610227133.85,193395122,3448354.0,0.5526460674157303,89,8341.4,-0.01,14.5
2015-03-30,2015,Q1,3,March,2015-03,73791061784.9,140306652,2775392.0,0.5623651685393258,89,8492.3,1.81,14.26
2015-03-31,2015,Q1,3,March,2015-03,92265441228.15,173825856,3589111.0,0.5810404494382023,89,8491.0,-0.02,14.49
2015-04-01,2015,Q2,4,April,2015-04,75877579676.15,133786902,2596919.0,0.5324606741573034,89,8586.25,1.12,13.66
2015-04-06,2015,Q2,4,April,2015-04,86311297000.65,153075265,2731992.0,0.5635213483146068,89,8659.9,0.86,14.57
2015-04-07,2015,Q2,4,April,2015-04,84870344697.65,147392758,2805744.0,0.5215977528089887,89,8660.3,0.0,14.25
2015-04-08,2015,Q2,4,April,2015-04,95017838389.05,166006469,3442906.0,0.5360966292134832,89,8714.4,0.62,14.35
2015-04-09,2015,Q2,4,April,2015-04,94687095095.8,161653103,3047747.0,0.5353325842696629,89,8778.3,0.73,14.42
2015-04-10,2015,Q2,4,April,2015-04,81742727606.45,144434381,3069909.0,0.551347191011236,89,8780.35,0.02,14.26
2015-04-13,2015,Q2,4,April,2015-04,73589434129.15,129574331,2837897.0,0.5637101123595506,89,8834.0,0.61,14.49
2015-04-15,2015,Q2,4,April,2015-04,103316699484.85,181156208,3327278.0,0.583394382022472,89,8750.2,-0.95,14.62
2015-04-16,2015,Q2,4,April,2015-04,95559811991.9,153902289,3095794.0,0.5319258426966292,89,8706.7,-0.5,14.95
2015-04-17,2015,Q2,4,April,2015-04,100789441508.09999,160617329,3209337.0,0.5414707865168539,89,8606.0,-1.16,15.04
2015-04-20,2015,Q2,4,April,2015-04,101199466888.75,164706288,3331773.0,0.5553966292134832,89,8448.1,-1.83,16.3
2015-04-21,2015,Q2,4,April,2015-04,338914692007.4,425457743,3917097.0,0.5537359550561798,89,8377.75,-0.83,17.03
2015-04-22,2015,Q2,4,April,2015-04,109046601743.25,182894858,3652659.0,0.5387685393258427,89,8429.7,0.62,17.21
2015-04-23,2015,Q2,4,April,2015-04,98200959147.1,163593510,3144676.0,0.5215011235955056,89,8398.3,-0.37,18.5
2015-04-24,2015,Q2,4,April,2015-04,118495150207.25,180025601,3356366.0,0.5446719101123595,89,8305.25,-1.11,19.1
2015-04-27,2015,Q2,4,April,2015-04,115906233697.90001,189642967,3578045.0,0.5331752808988763,89,8213.8,-1.1,18.74
2015-04-28,2015,Q2,4,April,2015-04,106072769681.7,191185762,3721144.0,0.5433595505617977,89,8285.6,0.87,17.41
2015-04-29,2015,Q2,4,April,2015-04,95814591766.65,177871114,3297818.0,0.5123000000000001,89,8239.75,-0.55,17.24
2015-04-30,2015,Q2,4,April,2015-04,158203883173.1,274590072,4158206.0,0.5987808988764045,89,8181.5,-0.71,17.23
2015-05-04,2015,Q2,5,May,2015-05,92768561219.75,150063329,2977480.0,0.5138168539325842,89,8331.95,1.84,17.31
2015-05-05,2015,Q2,5,May,2015-05,96251014022.05,170129933,3118366.0,0.5321606741573034,89,8324.8,-0.09,17.36
2015-05-06,2015,Q2,5,May,2015-05,123303901419.6,224559559,3770757.0,0.5671280898876405,89,8097.0,-2.74,19.67
2015-05-07,2015,Q2,5,May,2015-05,97367658441.8,174497908,3457652.0,0.5276674157303372,89,8057.3,-0.49,19.65
2015-05-08,2015,Q2,5,May,2015-05,102615945136.45,199335616,3371248.0,0.5291426966292134,89,8191.5,1.67,19.11
2015-05-11,2015,Q2,5,May,2015-05,101087653737.5,211416984,3186430.0,0.5472011235955055,89,8325.25,1.63,18.62
2015-05-12,2015,Q2,5,May,2015-05,101355673529.75,192054334,3566714.0,0.5656584269662922,89,8126.95,-2.38,20.54
2015-05-13,2015,Q2,5,May,2015-05,109246664855.6,200147916,3688323.0,0.47719775280898874,89,8235.45,1.34,20.68
2015-05-14,2015,Q2,5,May,2015-05,84849500921.7,159104577,3087335.0,0.48723483146067414,89,8224.2,-0.14,20.7
2015-05-15,2015,Q2,5,May,2015-05,78292154123.3,147395567,2728003.0,0.5256752808988764,89,8262.35,0.46,19.82
2015-05-18,2015,Q2,5,May,2015-05,88386154314.1,166077885,2769302.0,0.5329067415730337,89,8373.65,1.35,17.9
2015-05-19,2015,Q2,5,May,2015-05,83903270395.75,143383490,2773714.0,0.5005123595505618,89,8365.65,-0.1,18.27
2015-05-20,2015,Q2,5,May,2015-05,80285390732.0,141083420,2512461.0,0.5096741573033707,89,8423.25,0.69,17.72
2015-05-21,2015,Q2,5,May,2015-05,90753041445.4,163579020,3248591.0,0.5170056179775281,89,8421.0,-0.03,17.41
2015-05-22,2015,Q2,5,May,2015-05,94465307961.5,200764786,3350371.0,0.5287011235955056,89,8458.95,0.45,16.95
2015-05-25,2015,Q2,5,May,2015-05,67492694738.1,130051614,2106570.0,0.4861898876404494,89,8370.25,-1.05,16.93
2015-05-26,2015,Q2,5,May,2015-05,76687041667.1,130466804,2632002.0,0.5161674157303371,89,8339.35,-0.37,17.07
2015-05-27,2015,Q2,5,May,2015-05,97930166313.95,174751906,3214476.0,0.5625696629213484,89,8334.6,-0.06,17.28
2015-05-28,2015,Q2,5,May,2015-05,133684777599.15,241176850,3395755.0,0.5871471910112359,89,8319.0,-0.19,17.13
2015-05-29,2015,Q2,5,May,2015-05,321900261721.75,489571779,5649444.0,0.6110359550561797,89,8433.65,1.38,16.66
2015-06-01,2015,Q2,6,June,2015-06,90215343411.0,155593364,2910358.0,0.4999505617977528,89,8433.4,-0.0,16.91
2015-06-02,2015,Q2,6,June,2015-06,94965512380.8,170259589,3179543.0,0.5126775280898876,89,8236.45,-2.34,16.82
2015-06-03,2015,Q2,6,June,2015-06,100107001260.0,220636267,3339809.0,0.5132797752808989,89,8135.1,-1.23,17.5
2015-06-04,2015,Q2,6,June,2015-06,95453737585.5,183145585,3396504.0,0.5036303370786517,89,8130.65,-0.05,18.12
2015-06-05,2015,Q2,6,June,2015-06,91228129735.75,180417058,3076602.0,0.5109494382022471,89,8114.7,-0.2,18.09
2015-06-08,2015,Q2,6,June,2015-06,72570812788.55,152403799,2569661.0,0.5312460674157303,89,8044.15,-0.87,18.89
2015-06-09,2015,Q2,6,June,2015-06,78120353571.75,152314443,2920944.0,0.5111550561797753,89,8022.4,-0.27,18.01
2015-06-10,2015,Q2,6,June,2015-06,77934898034.7,145115397,2804023.0,0.5105292134831461,89,8124.45,1.27,17.08
2015-06-11,2015,Q2,6,June,2015-06,88184673267.8,170241591,2895773.0,0.5234865168539325,89,7965.35,-1.96,17.8
2015-06-12,2015,Q2,6,June,2015-06,74193587547.65,145298299,2667970.0,0.5063595505617978,89,7982.9,0.22,17.48
2015-06-15,2015,Q2,6,June,2015-06,66627163130.35,130662735,2520756.0,0.48260112359550567,89,8013.9,0.39,17.52
2015-06-16,2015,Q2,6,June,2015-06,69426128329.7,132744392,2411741.0,0.5243123595505618,89,8047.3,0.42,17.17
2015-06-17,2015,Q2,6,June,2015-06,94117224247.95,165481028,3157873.0,0.5234292134831461,89,8091.55,0.55,16.73
2015-06-18,2015,Q2,6,June,2015-06,90040885047.9,160228969,3203414.0,0.5203112359550561,89,8174.6,1.03,16.01
2015-06-19,2015,Q2,6,June,2015-06,99253212723.8,166318172,3215677.0,0.556670786516854,89,8224.95,0.62,15.08
2015-06-22,2015,Q2,6,June,2015-06,74534242336.8,146106907,3047363.0,0.5290044943820225,89,8353.1,1.56,15.49
2015-06-23,2015,Q2,6,June,2015-06,76757021843.05,153735699,2864408.0,0.5020764044943821,89,8381.55,0.34,15.04
2015-06-24,2015,Q2,6,June,2015-06,86775778636.25,148386713,2974325.0,0.5439561797752809,89,8360.85,-0.25,15.92
2015-06-25,2015,Q2,6,June,2015-06,122969131255.45,230871099,2964376.0,0.6078460674157303,89,8398.0,0.44,15.93
2015-06-26,2015,Q2,6,June,2015-06,70407156881.75,133429816,2465340.0,0.48933370786516855,89,8381.1,-0.2,15.76
2015-06-29,2015,Q2,6,June,2015-06,77176426057.25,151305118,2709823.0,0.47775730337078653,89,8318.4,-0.75,17.3
2015-06-30,2015,Q2,6,June,2015-06,100307038696.15,179919388,3138412.0,0.547191011235955,89,8368.5,0.6,16.93
2015-07-01,2015,Q3,7,July,2015-07,87037175374.3,158618455,3125605.0,0.4998820224719101,89,8453.05,1.01,15.84
2015-07-02,2015,Q3,7,July,2015-07,80097273226.0,139726893,3065862.0,0.48980224719101123,89,8444.9,-0.1,15.56
2015-07-03,2015,Q3,7,July,2015-07,67324980963.55,109661789,2176593.0,0.4671056179775281,89,8484.9,0.47,16.3
2015-07-06,2015,Q3,7,July,2015-07,68745760993.65,117888543,2228329.0,0.4648438202247191,89,8522.15,0.44,16.02
2015-07-07,2015,Q3,7,July,2015-07,78544272773.15,146674861,2742654.0,0.5170168539325842,89,8510.8,-0.13,16.31
2015-07-08,2015,Q3,7,July,2015-07,94786190461.3,182506563,3518769.0,0.4874191011235955,89,8363.05,-1.74,17.79
2015-07-09,2015,Q3,7,July,2015-07,73608163623.55,129325432,2807073.0,0.5090494382022471,89,8328.55,-0.41,17.44
2015-07-10,2015,Q3,7,July,2015-07,90146124583.9,157616392,3714223.0,0.5331730337078652,89,8360.55,0.38,17.07
2015-07-13,2015,Q3,7,July,2015-07,71264662404.45,120947757,2429466.0,0.496847191011236,89,8459.65,1.19,16.27
2015-07-14,2015,Q3,7,July,2015-07,65177903649.799995,118081647,2262322.0,0.4989168539325842,89,8454.1,-0.07,16.01
2015-07-15,2015,Q3,7,July,2015-07,68813821739.45,120508929,2446424.0,0.5206303370786517,89,8523.8,0.82,15.57
2015-07-16,2015,Q3,7,July,2015-07,74681208606.45,129634119,2760615.0,0.5189258426966292,89,8608.05,0.99,14.78
2015-07-17,2015,Q3,7,July,2015-07,65763904811.7,114339678,2326948.0,0.5060415730337079,89,8609.85,0.02,14.8
2015-07-20,2015,Q3,7,July,2015-07,60271894711.85,107335639,2221521.0,0.492676404494382,89,8603.45,-0.07,14.96
2015-07-21,2015,Q3,7,July,2015-07,116706843936.8,179458991,3278860.0,0.5117325842696628,89,8529.45,-0.86,15.1
2015-07-22,2015,Q3,7,July,2015-07,85114847317.8,141292435,2803500.0,0.5286921348314607,89,8633.5,1.22,15.13
2015-07-23,2015,Q3,7,July,2015-07,87234793629.35,138304901,2939340.0,0.4909460674157304,89,8589.8,-0.51,15.52
2015-07-24,2015,Q3,7,July,2015-07,83068164027.5,146692361,2774518.0,0.5206393258426967,89,8521.55,-0.79,15.46
2015-07-27,2015,Q3,7,July,2015-07,86860265394.3,156426916,3337064.0,0.5465629213483146,89,8361.0,-1.88,16.37
2015-07-28,2015,Q3,7,July,2015-07,100483071989.65,207447917,3566051.0,0.5601303370786517,89,8337.0,-0.29,15.92
2015-07-29,2015,Q3,7,July,2015-07,85318974408.2,164542470,2762473.0,0.538247191011236,89,8375.05,0.46,15.88
2015-07-30,2015,Q3,7,July,2015-07,118800356152.75,256546541,3030626.0,0.5735292134831461,89,8421.8,0.56,15.32
2015-07-31,2015,Q3,7,July,2015-07,112566417018.75,233630606,3322052.0,0.5672876404494381,89,8532.85,1.32,14.57
2015-08-03,2015,Q3,8,August,2015-08,90265915229.35,179999928,3146792.0,0.5346112359550561,89,8543.05,0.12,15.39
2015-08-04,2015,Q3,8,August,2015-08,109533772665.35,213414473,3689713.0,0.5411393258426966,89,8516.9,-0.31,14.83
2015-08-05,2015,Q3,8,August,2015-08,86312144841.15,172369104,2826348.0,0.5098258426966292,89,8567.95,0.6,14.66
2015-08-06,2015,Q3,8,August,2015-08,84738961854.55,176140632,2871884.0,0.5246157303370786,89,8588.65,0.24,14.73
2015-08-07,2015,Q3,8,August,2015-08,78552872228.85,160621543,2802467.0,0.5308696629213483,89,8564.6,-0.28,14.91
2015-08-10,2015,Q3,8,August,2015-08,71750736630.8,141733446,2562049.0,0.5411808988764045,89,8525.6,-0.46,15.46
2015-08-11,2015,Q3,8,August,2015-08,86354132945.7,181466849,3038410.0,0.5160831460674157,89,8462.35,-0.74,15.89
2015-08-12,2015,Q3,8,August,2015-08,102851533757.25,214398173,3392805.0,0.522738202247191,89,8349.45,-1.33,17.44
2015-08-13,2015,Q3,8,August,2015-08,98145423312.5,199625594,3191003.0,0.5269415730337078,89,8355.85,0.08,17.02
2015-08-14,2015,Q3,8,August,2015-08,90611009592.8,205205766,3418139.0,0.5156499999999999,90,8518.55,1.95,16.02
2015-08-17,2015,Q3,8,August,2015-08,80148987057.65,204544742,2739125.0,0.4955455555555556,90,8477.3,-0.48,16.46
2015-08-18,2015,Q3,8,August,2015-08,78905701511.9,179283561,2909493.0,0.49388,90,8466.55,-0.13,16.36
2015-08-19,2015,Q3,8,August,2015-08,76727616546.4,152389695,2834328.0,0.5224611111111112,90,8495.15,0.34,16.68
2015-08-20,2015,Q3,8,August,2015-08,105990051693.85,208324885,3428061.0,0.5393966666666666,90,8372.75,-1.44,16.98
2015-08-21,2015,Q3,8,August,2015-08,107359871746.3,221337863,3827887.0,0.5505511111111111,90,8299.95,-0.87,17.11
2015-08-24,2015,Q3,8,August,2015-08,162594851028.05,363467272,5005011.0,0.5917444444444444,90,7809.0,-5.92,28.13
2015-08-25,2015,Q3,8,August,2015-08,160801890369.2,350745329,5193199.0,0.5481922222222222,90,7880.7,0.92,26.85
2015-08-26,2015,Q3,8,August,2015-08,119286959240.3,251622568,4485160.0,0.5659388888888889,90,7791.85,-1.13,25.51
2015-08-27,2015,Q3,8,August,2015-08,165181956646.8,359886405,4648115.0,0.6190544444444445,90,7948.95,2.02,22.04
2015-08-28,2015,Q3,8,August,2015-08,101963184441.5,212708081,3383035.0,0.52732,90,8001.95,0.67,23.33
2015-08-31,2015,Q3,8,August,2015-08,126019793269.15,247935544,3932098.0,0.5674766666666666,90,7971.3,-0.38,24.59
2015-09-01,2015,Q3,9,September,2015-09,106956281079.90001,222209054,3916931.0,0.5457333333333333,90,7785.85,-2.33,28.72
2015-09-02,2015,Q3,9,September,2015-09,114489986189.45,246149882,4290850.0,0.53473,90,7717.0,-0.88,26.65
2015-09-03,2015,Q3,9,September,2015-09,89795260456.35,200641519,3193715.0,0.5097188888888888,90,7823.0,1.37,24.12
2015-09-04,2015,Q3,9,September,2015-09,99543040384.45,239678531,3889389.0,0.53944,90,7655.05,-2.15,26.42
2015-09-07,2015,Q3,9,September,2015-09,69649873368.84999,165574257,2922757.0,0.5079677777777778,90,7558.8,-1.26,26.35
2015-09-08,2015,Q3,9,September,2015-09,87238070464.55,201550390,3320919.0,0.4912911111111111,90,7688.25,1.71,24.57
2015-09-09,2015,Q3,9,September,2015-09,95255273959.15,219160234,3460320.0,0.48941444444444443,90,7818.6,1.7,24.3
2015-09-10,2015,Q3,9,September,2015-09,84293185439.05,184238514,3080798.0,0.48556555555555553,90,7788.1,-0.39,24.75
2015-09-11,2015,Q3,9,September,2015-09,71655115255.8,158729166,2846556.0,0.48409,90,7789.3,0.02,24.98
2015-09-14,2015,Q3,9,September,2015-09,62912010602.45,138782460,2306350.0,0.49257888888888884,90,7872.25,1.06,24.32
2015-09-15,2015,Q3,9,September,2015-09,74140266897.90001,158041166,2765614.0,0.511568888888889,90,7829.1,-0.55,23.74
2015-09-16,2015,Q3,9,September,2015-09,79046799675.05,156520498,2767866.0,0.5382511111111111,90,7899.15,0.89,22.0
2015-09-18,2015,Q3,9,September,2015-09,136988383054.5,286572469,3985835.0,0.6047411111111112,90,7981.9,1.05,18.29
2015-09-21,2015,Q3,9,September,2015-09,66883025894.25,144274160,2656660.0,0.5048877777777778,90,7977.1,-0.06,18.18
2015-09-22,2015,Q3,9,September,2015-09,95272491736.75,204508179,3398486.0,0.5299711111111112,90,7812.0,-2.07,20.34
2015-09-23,2015,Q3,9,September,2015-09,80882093968.55,176901364,2934581.0,0.48390444444444447,90,7845.95,0.43,20.69
2015-09-24,2015,Q3,9,September,2015-09,116109523889.8,241005100,3333099.0,0.5726033333333334,90,7868.5,0.29,20.88
2015-09-28,2015,Q3,9,September,2015-09,81914275865.75,163894708,2874176.0,0.5257944444444445,90,7795.7,-0.93,21.67
2015-09-29,2015,Q3,9,September,2015-09,122811060612.75,266333288,4083017.0,0.4996988888888889,90,7843.3,0.61,21.57
2015-09-30,2015,Q3,9,September,2015-09,115005407310.2,223065443,4080815.0,0.5698611111111112,90,7948.9,1.35,19.62
2015-10-01,2015,Q4,10,October,2015-10,99595627745.35,170345612,3101234.0,0.49071666666666663,90,7950.9,0.03,19.24
2015-10-05,2015,Q4,10,October,2015-10,111867975085.7,210903767,3915660.0,0.5543944444444444,90,8119.3,2.12,19.13
2015-10-06,2015,Q4,10,October,2015-10,96938038034.5,190087977,3277895.0,0.53604,90,8152.9,0.41,19.3
2015-10-07,2015,Q4,10,October,2015-10,88205729527.65,193062698,3289501.0,0.4960055555555556,90,8177.4,0.3,19.34
2015-10-08,2015,Q4,10,October,2015-10,86548080654.65001,181880932,2828740.0,0.48693222222222227,90,8129.35,-0.59,19.56
2015-10-09,2015,Q4,10,October,2015-10,87185227009.4,184137885,2872551.0,0.5077188888888888,90,8189.7,0.74,18.92
2015-10-12,2015,Q4,10,October,2015-10,81113565062.0,179859353,2709172.0,0.4779511111111111,90,8143.6,-0.56,19.12
2015-10-13,2015,Q4,10,October,2015-10,77222366908.2,151343568,2698105.0,0.5223988888888889,90,8131.7,-0.15,18.01
2015-10-14,2015,Q4,10,October,2015-10,74219183910.45,145059715,2396342.0,0.50347,90,8107.9,-0.29,17.72
2015-10-15,2015,Q4,10,October,2015-10,83335753244.95,177895298,2941751.0,0.5270444444444444,90,8179.5,0.88,17.17
2015-10-16,2015,Q4,10,October,2015-10,81518291976.45,180376493,2492909.0,0.5191533333333334,90,8238.15,0.72,16.27
2015-10-19,2015,Q4,10,October,2015-10,79378494898.65,148631762,2461761.0,0.52491,90,8275.05,0.45,16.88
2015-10-20,2015,Q4,10,October,2015-10,90056743186.95,190791542,2702468.0,0.52466,90,8261.65,-0.16,17.0
2015-10-21,2015,Q4,10,October,2015-10,76119195637.9,150935920,2470120.0,0.47098555555555555,90,8251.7,-0.12,16.62
2015-10-23,2015,Q4,10,October,2015-10,84242130842.1,160150654,3053139.0,0.5296211111111111,90,8295.45,0.53,16.19
2015-10-26,2015,Q4,10,October,2015-10,78823860388.5,143207105,2913769.0,0.5207022222222222,90,8260.55,-0.42,17.23
2015-10-27,2015,Q4,10,October,2015-10,91260021422.4,159809067,3077219.0,0.5120011111111111,90,8232.9,-0.33,16.54
2015-10-28,2015,Q4,10,October,2015-10,101607838346.05,201107953,3415230.0,0.5398711111111111,90,8171.2,-0.75,17.04
2015-10-29,2015,Q4,10,October,2015-10,115938429813.3,230682363,3583080.0,0.5702633333333333,90,8111.75,-0.73,17.58
2015-10-30,2015,Q4,10,October,2015-10,100615354727.55,204316152,3154724.0,0.5285477777777777,90,8065.8,-0.57,17.88
2015-11-02,2015,Q4,11,November,2015-11,74960045439.2,153212102,2760678.0,0.508278888888889,90,8050.8,-0.19,19.48
2015-11-03,2015,Q4,11,November,2015-11,71568474843.2,150331175,2734820.0,0.5146955555555556,90,8060.7,0.12,19.56
2015-11-04,2015,Q4,11,November,2015-11,73199546410.65,160188382,2733049.0,0.5131933333333334,90,8040.2,-0.25,19.36
2015-11-05,2015,Q4,11,November,2015-11,70552489004.45,152003666,2506276.0,0.5091355555555556,90,7955.45,-1.05,19.29
2015-11-06,2015,Q4,11,November,2015-11,99346405519.95,236788008,3234244.0,0.5098488888888889,90,7954.3,-0.01,19.47
2015-11-09,2015,Q4,11,November,2015-11,106980387811.8,225458452,3397948.0,0.5192644444444444,90,7915.2,-0.49,17.04
2015-11-10,2015,Q4,11,November,2015-11,108804833560.75,231698857,3257137.0,0.5389934065934066,91,7783.35,-1.67,16.83
2015-11-11,2015,Q4,11,November,2015-11,15521100165.7,29300539,481814.0,0.44853846153846155,91,7825.0,0.54,16.91
2015-11-13,2015,Q4,11,November,2015-11,98017475193.7,186610052,3835296.0,0.5946538461538462,91,7762.25,-0.8,17.65
2015-11-16,2015,Q4,11,November,2015-11,83018465145.05,164874212,2913743.0,0.5493571428571429,91,7806.6,0.57,17.88
2015-11-17,2015,Q4,11,November,2015-11,78199191960.7,169653390,2722092.0,0.5374516483516483,91,7837.55,0.4,16.97
2015-11-18,2015,Q4,11,November,2015-11,73856488759.7,163137407,2633396.0,0.5098945054945054,91,7731.8,-1.35,17.42
2015-11-19,2015,Q4,11,November,2015-11,90922196131.0,167419314,2946377.0,0.4927197802197802,91,7842.75,1.43,15.84
2015-11-20,2015,Q4,11,November,2015-11,90048322530.0,192085492,2980396.0,0.5175736263736264,91,7856.55,0.18,15.9
2015-11-23,2015,Q4,11,November,2015-11,77536226584.8,166224700,2795709.0,0.5102989010989011,91,7849.25,-0.09,17.08
2015-11-24,2015,Q4,11,November,2015-11,82663109607.65,171962188,2771242.0,0.5316648351648352,91,7831.6,-0.22,16.25
2015-11-26,2015,Q4,11,November,2015-11,130063779108.85,263894841,3526759.0,0.5827175824175824,91,7883.8,0.67,16.69
2015-11-27,2015,Q4,11,November,2015-11,83745129132.4,175508841,2604563.0,0.5211076923076923,91,7942.7,0.75,16.73
2015-11-30,2015,Q4,11,November,2015-11,182508809663.35,286082244,3909688.0,0.6122307692307692,91,7935.25,-0.09,16.43
2015-12-01,2015,Q4,12,December,2015-12,82737749603.4,167684542,2875841.0,0.5251428571428571,91,7954.9,0.25,15.64
2015-12-02,2015,Q4,12,December,2015-12,76691100493.35,152253474,2330110.0,0.5268582417582417,91,7931.35,-0.3,15.49
2015-12-03,2015,Q4,12,December,2015-12,73926391035.0,164491947,2430255.0,0.5456626373626373,91,7864.15,-0.85,16.06
2015-12-04,2015,Q4,12,December,2015-12,90830949945.8,179825719,2777174.0,0.5341703296703296,91,7781.9,-1.05,16.08
2015-12-07,2015,Q4,12,December,2015-12,76221710652.75,160586477,2638856.0,0.5391098901098901,91,7765.4,-0.21,15.86
2015-12-08,2015,Q4,12,December,2015-12,70817122117.5,153591938,2668803.0,0.5406648351648351,91,7701.7,-0.82,15.97
2015-12-09,2015,Q4,12,December,2015-12,79785402502.45,168442507,2614487.0,0.5344593406593406,91,7612.5,-1.16,16.73
2015-12-10,2015,Q4,12,December,2015-12,84374239621.7,182001835,3154994.0,0.5270725274725274,91,7683.3,0.93,16.29
2015-12-11,2015,Q4,12,December,2015-12,86049398769.8,204101864,3246485.0,0.5290758241758241,91,7610.45,-0.95,17.18
2015-12-14,2015,Q4,12,December,2015-12,77000696560.5,173769656,3059388.0,0.4959461538461538,91,7650.05,0.52,17.8
2015-12-15,2015,Q4,12,December,2015-12,74787870423.65,152241057,2934961.0,0.5408065934065934,91,7700.9,0.66,17.34
2015-12-16,2015,Q4,12,December,2015-12,82716770237.45,184723849,2976386.0,0.532387912087912,91,7750.9,0.65,16.73
2015-12-17,2015,Q4,12,December,2015-12,91864426630.5,206146513,3010193.0,0.5539,91,7844.35,1.21,14.22
2015-12-18,2015,Q4,12,December,2015-12,98740419689.3,219173728,2911582.0,0.6058692307692307,91,7761.95,-1.05,14.49
2015-12-21,2015,Q4,12,December,2015-12,68255498322.5,146707617,2432092.0,0.5146802197802198,91,7834.45,0.93,14.22
2015-12-22,2015,Q4,12,December,2015-12,61944513022.85,146515755,2381037.0,0.5628725274725275,91,7786.1,-0.62,14.48
2015-12-23,2015,Q4,12,December,2015-12,57429096024.0,138613932,1988763.0,0.5261043956043956,91,7865.95,1.03,13.65
2015-12-24,2015,Q4,12,December,2015-12,43532203602.0,105036325,1533501.0,0.4618065934065934,91,7861.05,-0.06,13.74
2015-12-28,2015,Q4,12,December,2015-12,66980663516.1,135294946,1943395.0,0.5634208791208791,91,7925.15,0.82,14.4
2015-12-29,2015,Q4,12,December,2015-12,61312353429.3,133500011,2182115.0,0.5394483516483516,91,7928.95,0.05,14.24
2015-12-30,2015,Q4,12,December,2015-12,55037994715.55,127206569,1920649.0,0.5278505494505494,91,7896.25,-0.41,14.24
2015-12-31,2015,Q4,12,December,2015-12,99028884337.3,237940256,2520406.0,0.579310989010989,91,7946.35,0.63,13.87
2016-01-01,2016,Q1,1,January,2016-01,44931921856.7,111198116,1262819.0,0.36860109890109893,91,7963.2,0.21,14.26
2016-01-04,2016,Q1,1,January,2016-01,75740146051.95,169668607,2600994.0,0.5069483516483516,91,7791.3,-2.16,16.83
2016-01-05,2016,Q1,1,January,2016-01,79331276049.15,199830027,2952344.0,0.5392043956043956,91,7784.65,-0.09,16.7
2016-01-06,2016,Q1,1,January,2016-01,89656965466.35,195042443,3322466.0,0.5434802197802198,91,7741.0,-0.56,16.55
2016-01-07,2016,Q1,1,January,2016-01,97988198139.5,233261773,3299051.0,0.5402054945054945,91,7568.3,-2.23,18.96
2016-01-08,2016,Q1,1,January,2016-01,82847431821.6,189760912,2945958.0,0.5410967032967033,91,7601.35,0.44,17.8
2016-01-11,2016,Q1,1,January,2016-01,84922028395.45,197597656,3118141.0,0.5146472527472528,91,7563.85,-0.49,18.69
2016-01-12,2016,Q1,1,January,2016-01,83796575499.6,184496543,3223426.0,0.5331857142857143,91,7510.3,-0.71,18.71
2016-01-13,2016,Q1,1,January,2016-01,112078809636.05,248813103,3290674.0,0.49453846153846154,91,7562.4,0.69,18.35
2016-01-14,2016,Q1,1,January,2016-01,106329745915.9,225401102,3354004.0,0.5394769230769231,91,7536.8,-0.34,18.6
2016-01-15,2016,Q1,1,January,2016-01,93207547646.95,217248349,2875000.0,0.5396252747252747,91,7437.8,-1.31,19.42
2016-01-18,2016,Q1,1,January,2016-01,97892955841.6,256082336,3417609.0,0.5187593406593406,91,7351.0,-1.17,20.23
2016-01-19,2016,Q1,1,January,2016-01,80247990714.15001,195343198,2968083.0,0.506,91,7435.1,1.14,18.43
2016-01-20,2016,Q1,1,January,2016-01,99545466010.4,237082095,3658397.0,0.5457516483516484,91,7309.3,-1.69,20.96
2016-01-21,2016,Q1,1,January,2016-01,107711026769.9,260291929,3659815.0,0.5257406593406593,91,7276.8,-0.44,20.81
2016-01-22,2016,Q1,1,January,2016-01,97044116908.9,227491467,3625042.0,0.5375373626373626,91,7422.45,2.0,18.82
2016-01-25,2016,Q1,1,January,2016-01,75161238014.15,171177143,3241412.0,0.5284252747252748,91,7436.15,0.18,18.26
2016-01-27,2016,Q1,1,January,2016-01,88479029127.65,203438657,3228182.0,0.5637615384615385,91,7437.75,0.02,19.06
2016-01-28,2016,Q1,1,January,2016-01,122742624370.5,307994618,3338118.0,0.6177131868131868,91,7424.65,-0.18,17.9
2016-01-29,2016,Q1,1,January,2016-01,118382634255.5,277927852,3698964.0,0.5422274725274725,91,7563.55,1.87,17.24
2016-02-01,2016,Q1,2,February,2016-02,89667486391.6,210183211,3397047.0,0.5062241758241759,91,7555.95,-0.1,17.89
2016-02-02,2016,Q1,2,February,2016-02,95059837219.55,247361550,3463874.0,0.5216054945054944,91,7455.55,-1.33,18.04
2016-02-03,2016,Q1,2,February,2016-02,84919116546.35,210352037,3265197.0,0.4884516483516484,91,7361.8,-1.26,18.59
2016-02-04,2016,Q1,2,February,2016-02,87967261372.8,219169481,3148864.0,0.48887252747252746,91,7404.0,0.57,18.21
2016-02-05,2016,Q1,2,February,2016-02,104265275309.6,243347393,3532713.0,0.4937582417582418,91,7489.1,1.15,18.11
2016-02-08,2016,Q1,2,February,2016-02,69949743613.95,183342306,2546313.0,0.4695087912087912,91,7387.25,-1.36,20.26
2016-02-09,2016,Q1,2,February,2016-02,88058450393.7,242389233,3117712.0,0.4612868131868132,91,7298.2,-1.21,21.73
2016-02-10,2016,Q1,2,February,2016-02,100657178614.9,299753517,3406529.0,0.4979054945054945,91,7215.7,-1.13,22.46
2016-02-11,2016,Q1,2,February,2016-02,113374213880.55,335063692,4194746.0,0.525212087912088,91,6976.35,-3.32,25.96
2016-02-12,2016,Q1,2,February,2016-02,130139999540.7,359269336,5184384.0,0.5038791208791209,91,6980.95,0.07,24.67
2016-02-15,2016,Q1,2,February,2016-02,112771961641.25,346478202,4198890.0,0.529921978021978,91,7162.95,2.61,22.38
2016-02-16,2016,Q1,2,February,2016-02,87097671261.4,257132540,3365137.0,0.4668989010989011,91,7048.25,-1.6,23.04
2016-02-17,2016,Q1,2,February,2016-02,90449570977.9,275319918,3618072.0,0.46415604395604393,91,7108.45,0.85,21.83
2016-02-18,2016,Q1,2,February,2016-02,89385120315.35,249810031,3539545.0,0.5038725274725275,91,7191.75,1.17,21.49
2016-02-19,2016,Q1,2,February,2016-02,70788397261.35,199480300,3106496.0,0.47980549450549453,91,7210.75,0.26,20.92
2016-02-22,2016,Q1,2,February,2016-02,69614176217.95,171128930,2807556.0,0.4947725274725274,91,7234.55,0.33,20.92
2016-02-23,2016,Q1,2,February,2016-02,75326889072.55,205876411,3247611.0,0.5146417582417583,91,7109.55,-1.73,23.84
2016-02-24,2016,Q1,2,February,2016-02,76009653533.2,222485893,3349127.0,0.5025912087912088,91,7018.7,-1.28,22.96
2016-02-25,2016,Q1,2,February,2016-02,110355211668.75,314900439,3475051.0,0.5862417582417583,91,6970.6,-0.69,22.75
2016-02-26,2016,Q1,2,February,2016-02,83775940260.95,230745277,3149022.0,0.5226714285714286,91,7029.75,0.85,21.86
2016-02-29,2016,Q1,2,February,2016-02,178214776918.7,501303268,5011502.0,0.5036461538461539,91,6987.05,-0.61,20.16
2016-03-01,2016,Q1,3,March,2016-03,114190499877.15,301081571,4263212.0,0.5518626373626373,91,7222.3,3.37,18.67
2016-03-02,2016,Q1,3,March,2016-03,127386837558.55,370651912,4291526.0,0.5427340659340659,91,7368.85,2.03,18.99
2016-03-03,2016,Q1,3,March,2016-03,104980748384.25,274896062,3767126.0,0.5384945054945055,91,7475.6,1.45,18.04
2016-03-04,2016,Q1,3,March,2016-03,91661690547.15,282579206,3212500.0,0.5196120879120879,91,7485.35,0.13,17.88
2016-03-08,2016,Q1,3,March,2016-03,96305154010.0,256561543,3464416.0,0.5554703296703297,91,7485.3,-0.0,18.46
2016-03-09,2016,Q1,3,March,2016-03,98890801583.15,246761426,3322114.0,0.5407219780219781,91,7531.8,0.62,17.5
2016-03-10,2016,Q1,3,March,2016-03,98900961839.8,219013246,2873184.0,0.5412615384615385,91,7486.15,-0.61,17.9
2016-03-11,2016,Q1,3,March,2016-03,90781893708.7,223386678,2891603.0,0.5210010989010989,91,7510.2,0.32,17.1
2016-03-14,2016,Q1,3,March,2016-03,74004550272.7,176566421,2642652.0,0.5434538461538462,91,7538.75,0.38,17.1
2016-03-15,2016,Q1,3,March,2016-03,88062146162.1,198089691,2987803.0,0.5813571428571429,91,7460.6,-1.04,17.6
2016-03-16,2016,Q1,3,March,2016-03,81454695945.45,201083147,2818265.0,0.5472978021978022,91,7498.75,0.51,17.11
2016-03-17,2016,Q1,3,March,2016-03,107655911204.7,246963188,3791757.0,0.5704010989010989,91,7512.55,0.18,16.84
2016-03-18,2016,Q1,3,March,2016-03,114250314088.95,237517802,3531874.0,0.5933175824175825,91,7604.35,1.22,16.38
2016-03-21,2016,Q1,3,March,2016-03,95288045502.25,205315478,3462152.0,0.5650032967032967,91,7704.25,1.31,16.33
2016-03-22,2016,Q1,3,March,2016-03,97427195117.65,210742383,3281205.0,0.5386131868131868,91,7714.9,0.14,16.43
2016-03-23,2016,Q1,3,March,2016-03,87641932202.1,198148450,3147174.0,0.5392329670329671,91,7716.5,0.02,16.34
2016-03-28,2016,Q1,3,March,2016-03,109348138359.3,236046899,3385058.0,0.5762428571428572,91,7615.1,-1.31,17.49
2016-03-29,2016,Q1,3,March,2016-03,115686175068.6,224708321,3261258.0,0.5231274725274725,91,7597.0,-0.24,17.64
2016-03-30,2016,Q1,3,March,2016-03,113939041390.8,254367622,3843686.0,0.5796791208791209,91,7735.2,1.82,16.81
2016-03-31,2016,Q1,3,March,2016-03,182092947039.7,407730704,4808118.0,0.632854945054945,91,7738.4,0.04,16.58
2016-04-01,2016,Q2,4,April,2016-04,89892825605.2,215459228,3430594.0,0.509689010989011,91,7713.05,-0.33,17.28
2016-04-04,2016,Q2,4,April,2016-04,74090194646.45,180864427,2902491.0,0.5373208791208791,91,7758.8,0.59,17.45
2016-04-05,2016,Q2,4,April,2016-04,96785635041.55,246076926,3187188.0,0.5012824175824176,91,7603.2,-2.01,17.83
2016-04-06,2016,Q2,4,April,2016-04,81581561317.85,205415019,2941623.0,0.5338879120879121,91,7614.35,0.15,17.34
2016-04-07,2016,Q2,4,April,2016-04,80426453115.6,188290315,2757201.0,0.4875934065934066,91,7546.45,-0.89,16.93
2016-04-08,2016,Q2,4,April,2016-04,66617846198.2,151054905,2360443.0,0.5000186813186813,91,7555.2,0.12,16.43
2016-04-11,2016,Q2,4,April,2016-04,80276346067.5,200118326,2510071.0,0.49874835164835163,91,7671.4,1.54,16.01
2016-04-12,2016,Q2,4,April,2016-04,83374026965.9,194059275,2724119.0,0.5221362637362638,91,7708.95,0.49,16.02
2016-04-13,2016,Q2,4,April,2016-04,113080169584.15,249455515,3801100.0,0.554556043956044,91,7850.45,1.84,16.04
2016-04-18,2016,Q2,4,April,2016-04,113623378284.1,211235463,3877069.0,0.5569989010989012,91,7914.7,0.82,16.95
2016-04-20,2016,Q2,4,April,2016-04,116122823043.85,248540226,3932738.0,0.5781824175824176,91,7914.75,0.0,17.08
2016-04-21,2016,Q2,4,April,2016-04,109428661021.34999,274476953,3567173.0,0.535421978021978,91,7912.05,-0.03,16.51
2016-04-22,2016,Q2,4,April,2016-04,87915140051.05,219362960,2806344.0,0.5082362637362637,91,7899.3,-0.16,16.38
2016-04-25,2016,Q2,4,April,2016-04,82362636123.15,173952815,2481426.0,0.5117208791208792,91,7855.05,-0.56,16.57
2016-04-26,2016,Q2,4,April,2016-04,106579011654.25,230316694,3171975.0,0.5395769230769231,91,7962.65,1.37,16.58
2016-04-27,2016,Q2,4,April,2016-04,98464065380.3,266639647,3188547.0,0.5180307692307692,91,7979.9,0.22,16.35
2016-04-28,2016,Q2,4,April,2016-04,157452929104.15,365937303,4566316.0,0.5995725274725275,91,7847.25,-1.66,16.6
2016-04-29,2016,Q2,4,April,2016-04,109472186582.05,331594554,3845970.0,0.4977043956043956,91,7849.8,0.03,16.54
2016-05-02,2016,Q2,5,May,2016-05,78456589757.35,256298651,2522020.0,0.4570582417582418,91,7805.9,-0.56,17.09
2016-05-03,2016,Q2,5,May,2016-05,103566187447.2,228126345,3427473.0,0.49104835164835164,91,7747.0,-0.75,17.46
2016-05-04,2016,Q2,5,May,2016-05,90158602284.55,245324901,3420744.0,0.49170549450549444,91,7706.55,-0.52,17.44
2016-05-05,2016,Q2,5,May,2016-05,89507645556.55,223549633,3223214.0,0.48874505494505494,91,7735.5,0.38,17.17
2016-05-06,2016,Q2,5,May,2016-05,72712386655.7,205519372,2828198.0,0.4836681318681319,91,7733.45,-0.03,16.95
2016-05-09,2016,Q2,5,May,2016-05,85661205051.0,190244752,2942178.0,0.5308197802197803,91,7866.05,1.71,16.61
2016-05-10,2016,Q2,5,May,2016-05,83588925459.65,195144482,3247552.0,0.5352175824175824,91,7887.8,0.28,16.42
2016-05-11,2016,Q2,5,May,2016-05,104131953151.85,275700106,3091468.0,0.47952307692307694,91,7848.85,-0.49,16.96
2016-05-12,2016,Q2,5,May,2016-05,83484378050.5,192029982,2874878.0,0.4942164835164835,91,7900.4,0.66,16.33
2016-05-13,2016,Q2,5,May,2016-05,117689019920.0,223111989,3092552.0,0.510654945054945,91,7814.9,-1.08,17.0
2016-05-16,2016,Q2,5,May,2016-05,87097585448.5,244732596,3087931.0,0.49985824175824173,91,7860.75,0.59,17.03
2016-05-17,2016,Q2,5,May,2016-05,97736793137.65001,237684086,3268069.0,0.5481164835164835,91,7890.75,0.38,16.37
2016-05-18,2016,Q2,5,May,2016-05,88909509516.7,243377795,3135147.0,0.5087362637362638,91,7870.15,-0.26,16.45
2016-05-19,2016,Q2,5,May,2016-05,82874010267.55,212960168,2810135.0,0.5365758241758242,91,7783.4,-1.1,17.06
2016-05-20,2016,Q2,5,May,2016-05,79855499310.85,192216196,2948932.0,0.5140868131868132,91,7749.7,-0.43,16.42
2016-05-23,2016,Q2,5,May,2016-05,82577663606.25,204058377,2817023.0,0.5051758241758242,91,7731.05,-0.24,16.16
2016-05-24,2016,Q2,5,May,2016-05,79857776103.25,184082952,2952209.0,0.5162769230769231,91,7748.85,0.23,16.22
2016-05-25,2016,Q2,5,May,2016-05,95912904825.55,214136971,3065438.0,0.515278021978022,91,7934.9,2.4,15.52
2016-05-26,2016,Q2,5,May,2016-05,141854574123.1,330405283,4153652.0,0.5448692307692308,91,8069.65,1.7,15.32
2016-05-27,2016,Q2,5,May,2016-05,128038476696.2,311298695,3871688.0,0.5112549450549451,91,8156.65,1.08,15.26
2016-05-30,2016,Q2,5,May,2016-05,102829919467.85,288626410,3550807.0,0.5077373626373626,91,8178.5,0.27,15.98
2016-05-31,2016,Q2,5,May,2016-05,254979949154.05,564728293,5285838.0,0.6177472527472528,91,8160.1,-0.22,16.05
2016-06-01,2016,Q2,6,June,2016-06,99374045223.6,249456794,3182512.0,0.5172692307692308,91,8179.95,0.24,15.84
2016-06-02,2016,Q2,6,June,2016-06,97638268409.45,225461737,3514180.0,0.5416252747252748,91,8218.95,0.48,15.09
2016-06-03,2016,Q2,6,June,2016-06,100441848735.2,234416703,3143493.0,0.5419945054945055,91,8220.8,0.02,15.0
2016-06-06,2016,Q2,6,June,2016-06,85946021528.15,191356845,2658067.0,0.565832967032967,91,8201.05,-0.24,15.36
2016-06-07,2016,Q2,6,June,2016-06,112305115178.75,267792112,3704304.0,0.571843956043956,91,8266.45,0.8,14.87
2016-06-08,2016,Q2,6,June,2016-06,86698251601.75,210610285,2949059.0,0.5475252747252748,91,8273.05,0.08,15.14
2016-06-09,2016,Q2,6,June,2016-06,88987179692.55,211899561,2831867.0,0.4875582417582418,91,8203.6,-0.84,15.67
2016-06-10,2016,Q2,6,June,2016-06,85356438030.34999,206643043,2597527.0,0.500389010989011,91,8170.05,-0.41,15.97
2016-06-13,2016,Q2,6,June,2016-06,79955097797.75,182231338,2506094.0,0.49672307692307693,91,8110.6,-0.73,16.58
2016-06-14,2016,Q2,6,June,2016-06,70700676925.95,189362535,2565126.0,0.4919538461538462,91,8108.85,-0.02,17.19
2016-06-15,2016,Q2,6,June,2016-06,81128757367.85,206858809,2488136.0,0.5351626373626374,91,8206.6,1.21,17.06
2016-06-16,2016,Q2,6,June,2016-06,89862295916.75,236194276,3245047.0,0.5144208791208791,91,8140.75,-0.8,17.7
2016-06-17,2016,Q2,6,June,2016-06,88200146900.0,212930642,3221921.0,0.5710692307692308,91,8170.2,0.36,17.35
2016-06-20,2016,Q2,6,June,2016-06,87591387951.75,211155852,2840336.0,0.525178021978022,91,8238.5,0.84,17.52
2016-06-21,2016,Q2,6,June,2016-06,72282080138.09999,168463035,2471281.0,0.5448384615384616,91,8219.9,-0.23,17.26
2016-06-22,2016,Q2,6,June,2016-06,73124816441.35,172203549,2435939.0,0.53330989010989,91,8203.7,-0.2,18.18
2016-06-23,2016,Q2,6,June,2016-06,74525468409.9,176743919,2743387.0,0.5314527472527473,91,8270.45,0.81,18.02
2016-06-24,2016,Q2,6,June,2016-06,145092867736.05,360389365,4032710.0,0.475010989010989,91,8088.6,-2.2,18.63
2016-06-27,2016,Q2,6,June,2016-06,87183533594.45,198291350,2892955.0,0.4751692307692308,91,8094.7,0.08,18.53
2016-06-28,2016,Q2,6,June,2016-06,88965806554.15001,196427739,3141768.0,0.5290571428571428,91,8127.85,0.41,17.73
2016-06-29,2016,Q2,6,June,2016-06,84942839984.5,209731057,2709109.0,0.5208516483516483,91,8204.0,0.94,16.16
2016-06-30,2016,Q2,6,June,2016-06,143773019236.5,301931786,3791508.0,0.6014912087912088,91,8287.75,1.02,16.29
2016-07-01,2016,Q3,7,July,2016-07,89204951311.15,198843347,2867074.0,0.5208692307692308,91,8328.35,0.49,15.74
2016-07-04,2016,Q3,7,July,2016-07,81686650951.75,205882869,2630783.0,0.5334835164835164,91,8370.7,0.51,15.58
2016-07-05,2016,Q3,7,July,2016-07,71380929522.3,176389928,2261953.0,0.5042010989010989,91,8335.95,-0.42,15.36
2016-07-07,2016,Q3,7,July,2016-07,89481072452.6,197847518,3242819.0,0.5630879120879121,91,8337.9,0.02,15.31
2016-07-08,2016,Q3,7,July,2016-07,82348077970.9,180882143,2525461.0,0.5177615384615385,91,8323.2,-0.18,15.08
2016-07-11,2016,Q3,7,July,2016-07,95849273656.5,215344017,2819754.0,0.5412604395604396,91,8467.9,1.74,14.85
2016-07-12,2016,Q3,7,July,2016-07,98944213763.15,243513485,3005791.0,0.5541373626373626,91,8521.05,0.63,14.78
2016-07-13,2016,Q3,7,July,2016-07,98481417176.95,238176099,2977559.0,0.5631483516483516,91,8519.5,-0.02,15.32
2016-07-14,2016,Q3,7,July,2016-07,84026983209.15,206066535,2730424.0,0.5317846153846154,91,8565.0,0.53,15.61
2016-07-15,2016,Q3,7,July,2016-07,139784691631.2,273244027,3966833.0,0.5301945054945055,91,8541.4,-0.28,15.64
2016-07-18,2016,Q3,7,July,2016-07,94706057645.9,192958957,2886102.0,0.5278263736263736,91,8508.7,-0.38,15.99
2016-07-19,2016,Q3,7,July,2016-07,96433369141.45,223500188,3035042.0,0.5202802197802198,91,8528.55,0.23,15.8
2016-07-20,2016,Q3,7,July,2016-07,98245755802.1,212131154,3112880.0,0.5629186813186813,91,8565.85,0.44,15.99
2016-07-21,2016,Q3,7,July,2016-07,97931404667.65001,202662716,3152350.0,0.5195120879120879,91,8510.1,-0.65,15.71
2016-07-22,2016,Q3,7,July,2016-07,94689568181.35,213524696,3078116.0,0.5102626373626373,91,8541.2,0.37,15.5
2016-07-25,2016,Q3,7,July,2016-07,103298568981.25,219638592,3176758.0,0.5469362637362637,91,8635.65,1.11,15.72
2016-07-26,2016,Q3,7,July,2016-07,115848355203.15001,219847594,3297449.0,0.5352571428571429,91,8590.65,-0.52,15.62
2016-07-27,2016,Q3,7,July,2016-07,131241927604.65,237638184,3457399.0,0.49606373626373623,91,8615.8,0.29,15.43
2016-07-28,2016,Q3,7,July,2016-07,168163195143.3,344753961,3691044.0,0.5779021978021979,91,8666.3,0.59,15.15
2016-07-29,2016,Q3,7,July,2016-07,116300321065.9,220510321,3347484.0,0.540434065934066,91,8638.5,-0.32,14.92
2016-08-01,2016,Q3,8,August,2016-08,126996013095.2,244190394,3241610.0,0.49863186813186816,91,8636.55,-0.02,15.18
2016-08-02,2016,Q3,8,August,2016-08,116206480683.3,226432862,3560801.0,0.5074406593406594,91,8622.9,-0.16,15.69
2016-08-03,2016,Q3,8,August,2016-08,108871566286.2,207959528,3255750.0,0.4997384615384615,91,8544.85,-0.91,16.24
2016-08-04,2016,Q3,8,August,2016-08,99438516697.55,224366394,3187382.0,0.5035692307692308,91,8551.1,0.07,15.14
2016-08-05,2016,Q3,8,August,2016-08,97950839644.6,205197305,3007707.0,0.49930659340659345,91,8683.15,1.54,14.35
2016-08-08,2016,Q3,8,August,2016-08,107977990236.85,208179834,3300590.0,0.5201417582417582,91,8711.35,0.32,14.59
2016-08-09,2016,Q3,8,August,2016-08,109455551037.55,217103880,3391200.0,0.5092230769230769,91,8678.25,-0.38,14.54
2016-08-10,2016,Q3,8,August,2016-08,107756460344.95,238176311,3312865.0,0.502934065934066,91,8575.3,-1.19,14.92
2016-08-11,2016,Q3,8,August,2016-08,109471130697.15,238695180,3160393.0,0.4886846153846154,91,8592.15,0.2,14.21
2016-08-12,2016,Q3,8,August,2016-08,135400137998.75,310953517,3731184.0,0.5007021978021977,91,8672.15,0.93,13.77
2016-08-16,2016,Q3,8,August,2016-08,126831721750.55,270618779,4074473.0,0.5328879120879121,91,8642.55,-0.34,14.18
2016-08-17,2016,Q3,8,August,2016-08,97682607600.55,209667765,3656054.0,0.5133637362637362,91,8624.05,-0.21,14.78
2016-08-18,2016,Q3,8,August,2016-08,96439666120.2,209585528,2991492.0,0.5235725274725275,91,8673.25,0.57,14.55
2016-08-19,2016,Q3,8,August,2016-08,98383000231.75,235016733,3024600.0,0.5167153846153846,91,8666.9,-0.07,14.54
2016-08-22,2016,Q3,8,August,2016-08,89913896419.9,183015874,3123252.0,0.493278021978022,91,8629.15,-0.44,14.24
2016-08-23,2016,Q3,8,August,2016-08,90972309546.95,187519540,3104414.0,0.4913791208791209,91,8632.6,0.04,13.9
2016-08-24,2016,Q3,8,August,2016-08,87956853207.55,164994748,2730998.0,0.49223516483516483,91,8650.3,0.21,13.49
2016-08-25,2016,Q3,8,August,2016-08,126066557839.8,249184923,3121582.0,0.5668362637362637,91,8592.2,-0.67,13.28
2016-08-26,2016,Q3,8,August,2016-08,88801102490.15,182846168,3093644.0,0.493532967032967,91,8572.55,-0.23,13.57
2016-08-29,2016,Q3,8,August,2016-08,81242481426.9,163021156,2909952.0,0.4704076923076923,91,8607.45,0.41,13.16
2016-08-30,2016,Q3,8,August,2016-08,97827562857.95,189843336,3013066.0,0.49420329670329677,91,8744.35,1.59,13.02
2016-08-31,2016,Q3,8,August,2016-08,219670702426.3,401791394,4853679.0,0.5587472527472527,91,8786.2,0.48,13.24
2016-09-01,2016,Q3,9,September,2016-09,105735816668.8,218497246,3181697.0,0.48006043956043953,91,8774.65,-0.13,13.34
2016-09-02,2016,Q3,9,September,2016-09,89786766537.3,179554867,2833169.0,0.5046461538461539,91,8809.65,0.4,12.94
2016-09-06,2016,Q3,9,September,2016-09,108395302131.7,216418492,3394635.0,0.5431736263736264,91,8943.0,1.51,12.75
2016-09-07,2016,Q3,9,September,2016-09,120892690971.84999,276255111,3557608.0,0.5282076923076923,91,8917.95,-0.28,13.14
2016-09-08,2016,Q3,9,September,2016-09,114058624616.85,219634365,3409550.0,0.5068912087912087,91,8952.5,0.39,13.12
2016-09-09,2016,Q3,9,September,2016-09,99602274327.05,206547592,3216330.0,0.4835989010989011,91,8866.7,-0.96,13.23
2016-09-12,2016,Q3,9,September,2016-09,101975010848.65001,217980659,3451380.0,0.5225725274725275,91,8715.6,-1.7,15.24
2016-09-14,2016,Q3,9,September,2016-09,104151270875.7,229609885,3573475.0,0.5395769230769231,91,8726.6,0.13,14.76
2016-09-15,2016,Q3,9,September,2016-09,83045909329.6,169811658,2465887.0,0.4915164835164835,91,8742.55,0.18,14.68
2016-09-16,2016,Q3,9,September,2016-09,162203779179.45,324769212,3673874.0,0.5928714285714285,91,8779.85,0.43,14.58
2016-09-19,2016,Q3,9,September,2016-09,82818959283.25,162509725,2543663.0,0.5120274725274725,91,8808.4,0.33,14.94
2016-09-20,2016,Q3,9,September,2016-09,80242092428.2,159050374,2740083.0,0.5351637362637363,91,8775.9,-0.37,14.78
2016-09-21,2016,Q3,9,September,2016-09,89361135597.5,177654907,3090684.0,0.5429879120879121,91,8777.15,0.01,14.8
2016-09-22,2016,Q3,9,September,2016-09,106805552764.7,211065962,3176265.0,0.5291538461538461,91,8867.45,1.03,13.34
2016-09-23,2016,Q3,9,September,2016-09,118781361312.5,233768701,3311015.0,0.5756824175824177,91,8831.55,-0.4,13.25
2016-09-26,2016,Q3,9,September,2016-09,100077707870.15001,197572348,2877060.0,0.542501098901099,91,8723.05,-1.23,14.56
2016-09-27,2016,Q3,9,September,2016-09,87201153417.25,176551843,2869442.0,0.5181725274725275,91,8706.4,-0.19,14.25
2016-09-28,2016,Q3,9,September,2016-09,100528221227.15,212501648,2693975.0,0.5680439560439561,91,8745.15,0.45,13.85
2016-09-29,2016,Q3,9,September,2016-09,252559206473.05,543476753,4396477.0,0.5469608695652174,92,8591.25,-1.76,18.45
2016-09-30,2016,Q3,9,September,2016-09,109562352266.45,241101464,3688756.0,0.5386130434782609,92,8611.15,0.23,17.18
2016-10-03,2016,Q4,10,October,2016-10,93964034092.3,198053691,3164563.0,0.5073380434782608,92,8738.1,1.47,15.62
2016-10-04,2016,Q4,10,October,2016-10,107697267031.3,255654924,3294996.0,0.5148717391304348,92,8769.15,0.36,14.99
2016-10-05,2016,Q4,10,October,2016-10,90785982546.8,222090873,2853999.0,0.5009086956521739,92,8743.95,-0.29,14.92
2016-10-06,2016,Q4,10,October,2016-10,99952069601.35,220675562,3098876.0,0.4813,92,8709.55,-0.39,14.84
2016-10-07,2016,Q4,10,October,2016-10,96842260857.6,190714669,2591261.0,0.49091956521739133,92,8697.6,-0.14,14.48
2016-10-10,2016,Q4,10,October,2016-10,63800364420.15,139696338,2003812.0,0.5009163043478261,92,8708.8,0.13,14.28
2016-10-13,2016,Q4,10,October,2016-10,127630864980.7,266400030,4553826.0,0.5766739130434783,92,8573.35,-1.56,15.42
2016-10-14,2016,Q4,10,October,2016-10,116092551965.85,211285170,3532069.0,0.5253228260869566,92,8583.4,0.12,14.89
2016-10-17,2016,Q4,10,October,2016-10,105985521763.9,252645590,3261641.0,0.5134434782608696,92,8520.4,-0.73,15.66
2016-10-18,2016,Q4,10,October,2016-10,109336952811.85,252847593,3234585.0,0.5412021739130435,92,8677.9,1.85,14.54
2016-10-19,2016,Q4,10,October,2016-10,96888283648.85,210859223,3029894.0,0.49512608695652177,92,8659.1,-0.22,14.61
2016-10-20,2016,Q4,10,October,2016-10,82840349173.3,198760474,2689949.0,0.5245652173913044,92,8699.4,0.47,14.16
2016-10-21,2016,Q4,10,October,2016-10,95136151730.3,195067979,2664821.0,0.509345652173913,92,8693.05,-0.07,13.83
2016-10-24,2016,Q4,10,October,2016-10,81479247506.0,188904191,2464830.0,0.5134195652173913,92,8708.95,0.18,14.33
2016-10-25,2016,Q4,10,October,2016-10,99923454966.65,210440759,2983118.0,0.5107076086956522,92,8691.3,-0.2,14.48
2016-10-26,2016,Q4,10,October,2016-10,114133629852.95,250471723,3443810.0,0.542254347826087,92,8615.25,-0.88,14.45
2016-10-27,2016,Q4,10,October,2016-10,146452412379.35,283115417,3515024.0,0.5562750000000001,92,8615.25,0.0,14.08
2016-10-28,2016,Q4,10,October,2016-10,110328135575.1,224216636,3090891.0,0.5206630434782609,92,8638.0,0.26,14.65
2016-10-30,2016,Q4,10,October,2016-10,9930275564.15,21925120,312063.0,0.47001739130434783,92,,,
2016-11-01,2016,Q4,11,November,2016-11,100808315188.55,207776173,3522002.0,0.568675,92,8626.25,-0.14,15.74
2016-11-02,2016,Q4,11,November,2016-11,91443144926.35,200664622,3225703.0,0.5258380434782609,92,8514.0,-1.3,16.8
2016-11-03,2016,Q4,11,November,2016-11,92097770193.9,214135974,3283825.0,0.5262228260869566,92,8484.95,-0.34,16.46
2016-11-04,2016,Q4,11,November,2016-11,141300722566.69998,283894541,4161260.0,0.5093380434782608,92,8433.75,-0.6,16.85
2016-11-07,2016,Q4,11,November,2016-11,103369066137.59999,226328529,3350171.0,0.531120652173913,92,8497.05,0.75,16.51
2016-11-08,2016,Q4,11,November,2016-11,97050225223.9,210040211,2967684.0,0.5135728260869565,92,8543.55,0.55,16.77
2016-11-09,2016,Q4,11,November,2016-11,184662326769.4,411628711,4533764.0,0.4688119565217391,92,8432.0,-1.31,16.62
2016-11-10,2016,Q4,11,November,2016-11,150777889262.5,377961118,4457355.0,0.529020652173913,92,8525.75,1.11,15.46
2016-11-11,2016,Q4,11,November,2016-11,148973891014.15,354401961,4400316.0,0.5365054347826087,92,8296.3,-2.69,17.36
2016-11-15,2016,Q4,11,November,2016-11,208375359864.65,460121792,6341283.0,0.5677315217391304,92,8108.45,-2.26,20.14
2016-11-16,2016,Q4,11,November,2016-11,163813002764.15,350288043,5139554.0,0.5587782608695653,92,8111.6,0.04,19.5
2016-11-17,2016,Q4,11,November,2016-11,107433133184.0,251634840,4163221.0,0.5434978260869565,92,8079.95,-0.39,18.71
2016-11-18,2016,Q4,11,November,2016-11,101378325606.5,244393419,3902592.0,0.5321152173913043,92,8074.1,-0.07,17.8
2016-11-21,2016,Q4,11,November,2016-11,109403246810.8,278890784,4007577.0,0.5509206521739131,92,7929.1,-1.8,19.1
2016-11-22,2016,Q4,11,November,2016-11,105588762913.7,266084204,3820019.0,0.5395239130434782,92,8002.3,0.92,18.46
2016-11-23,2016,Q4,11,November,2016-11,104567444455.95,246225847,3556700.0,0.5374576086956522,92,8033.3,0.39,18.04
2016-11-24,2016,Q4,11,November,2016-11,146248739347.75,349610927,3851251.0,0.5771641304347827,92,7965.5,-0.84,17.16
2016-11-25,2016,Q4,11,November,2016-11,106658405587.85,248665893,3951597.0,0.506854347826087,92,8114.3,1.87,17.61
2016-11-28,2016,Q4,11,November,2016-11,102573604794.9,248389548,3714832.0,0.5232304347826087,92,8126.9,0.16,18.06
2016-11-29,2016,Q4,11,November,2016-11,102060924536.65,231846830,3797063.0,0.5330891304347826,92,8142.15,0.19,17.71
2016-11-30,2016,Q4,11,November,2016-11,197263311431.2,349540828,5180893.0,0.5947315217391305,92,8224.5,1.01,16.85
2016-12-01,2016,Q4,12,December,2016-12,94201691545.6,196357499,3150549.0,0.49924239130434783,92,8192.9,-0.38,16.69
2016-12-02,2016,Q4,12,December,2016-12,96301194458.5,218067002,3588872.0,0.5159630434782609,92,8086.8,-1.3,17.93
2016-12-05,2016,Q4,12,December,2016-12,78537444394.05,170990075,2909725.0,0.48500326086956524,92,8128.75,0.52,17.29
2016-12-06,2016,Q4,12,December,2016-12,66251349137.3,155199142,2722903.0,0.5009021739130435,92,8143.15,0.18,17.1
2016-12-07,2016,Q4,12,December,2016-12,89377907127.6,198901316,3061202.0,0.509575,92,8102.05,-0.5,16.84
2016-12-08,2016,Q4,12,December,2016-12,87797933642.65,185003290,3477827.0,0.5351173913043479,92,8246.85,1.79,15.52
2016-12-09,2016,Q4,12,December,2016-12,81873818851.3,185688261,2954552.0,0.5122445652173913,92,8261.75,0.18,15.07
2016-12-12,2016,Q4,12,December,2016-12,62503252684.75,146006682,2638800.0,0.49595978260869567,92,8170.8,-1.1,16.19
2016-12-13,2016,Q4,12,December,2016-12,103260936624.0,224369811,2903054.0,0.5407141304347826,92,8221.8,0.62,15.92
2016-12-14,2016,Q4,12,December,2016-12,78919232322.15,174067936,3149731.0,0.520508695652174,92,8182.45,-0.48,16.59
2016-12-15,2016,Q4,12,December,2016-12,100222539127.45,213681516,3570368.0,0.48337934782608694,92,8153.6,-0.35,15.66
2016-12-16,2016,Q4,12,December,2016-12,114823226764.35,244374098,3829355.0,0.598670652173913,92,8139.45,-0.17,15.25
2016-12-19,2016,Q4,12,December,2016-12,65925720106.15,141470240,2506507.0,0.5480815217391304,92,8104.35,-0.43,14.84
2016-12-20,2016,Q4,12,December,2016-12,74649955733.95,160267974,2760498.0,0.5205347826086957,92,8082.4,-0.27,14.54
2016-12-21,2016,Q4,12,December,2016-12,76556934004.85,167021965,2938465.0,0.5424163043478261,92,8061.3,-0.26,14.7
2016-12-22,2016,Q4,12,December,2016-12,75000514047.65,165190315,2812584.0,0.510295652173913,92,7979.1,-1.02,15.55
2016-12-23,2016,Q4,12,December,2016-12,84724678876.65,172849120,3000574.0,0.4665478260869565,92,7985.75,0.08,15.13
2016-12-26,2016,Q4,12,December,2016-12,73504352104.9,165967905,2735517.0,0.4462076086956522,92,7908.25,-0.97,16.6
2016-12-27,2016,Q4,12,December,2016-12,70989643979.75,179847350,2504705.0,0.44655543478260873,92,8032.85,1.58,15.08
2016-12-28,2016,Q4,12,December,2016-12,77894986017.35,179053534,2905300.0,0.4656163043478261,92,8034.85,0.02,15.54
2016-12-29,2016,Q4,12,December,2016-12,98055408053.4,258666349,3121928.0,0.5468467391304348,92,8103.6,0.86,15.28
2016-12-30,2016,Q4,12,December,2016-12,71787135287.8,162039555,2682593.0,0.47347065217391304,92,8185.8,1.01,15.46
2017-01-02,2017,Q1,1,January,2017-01,64781994885.05,163425433,1888544.0,0.4109217391304348,92,8179.5,-0.08,15.83
2017-01-03,2017,Q1,1,January,2017-01,76078305342.65,175810123,2361718.0,0.4609913043478261,92,8192.25,0.16,15.96
2017-01-04,2017,Q1,1,January,2017-01,86325052608.9,196624323,3212664.0,0.5185847826086957,92,8190.5,-0.02,15.89
2017-01-05,2017,Q1,1,January,2017-01,96916513742.35,210288388,3725184.0,0.5244923913043479,92,8273.8,1.02,15.05
2017-01-06,2017,Q1,1,January,2017-01,93878116421.3,207489606,3124576.0,0.5131119565217391,92,8243.8,-0.36,14.91
2017-01-09,2017,Q1,1,January,2017-01,66640384456.35,142993410,2285285.0,0.4985934782608696,92,8236.05,-0.09,15.48
2017-01-10,2017,Q1,1,January,2017-01,86743057202.15,200576395,2776336.0,0.5410717391304347,92,8288.6,0.64,15.2
2017-01-11,2017,Q1,1,January,2017-01,110402804439.6,273056955,3446861.0,0.5602739130434783,92,8380.65,1.11,14.81
2017-01-12,2017,Q1,1,January,2017-01,92087684323.4,300393233,3016968.0,0.5044021739130435,92,8407.2,0.32,14.61
2017-01-13,2017,Q1,1,January,2017-01,103656412392.25,227547818,3023278.0,0.47857173913043477,92,8400.35,-0.08,14.38
2017-01-16,2017,Q1,1,January,2017-01,75052385684.35,192172670,2553161.0,0.5132478260869565,92,8412.8,0.15,15.06
2017-01-17,2017,Q1,1,January,2017-01,88724855290.8,208515858,2786276.0,0.5115554347826087,92,8398.0,-0.18,15.39
2017-01-18,2017,Q1,1,January,2017-01,96044040792.75,217204820,3213696.0,0.5163695652173913,92,8417.0,0.23,15.18
2017-01-19,2017,Q1,1,January,2017-01,89509601604.15,206530518,2864098.0,0.5156521739130434,92,8435.1,0.22,15.02
2017-01-20,2017,Q1,1,January,2017-01,106374452657.95,242194937,3377393.0,0.5197152173913043,92,8349.35,-1.02,15.79
2017-01-23,2017,Q1,1,January,2017-01,102698480763.0,232549778,3064865.0,0.5215576086956522,92,8391.5,0.5,15.9
2017-01-24,2017,Q1,1,January,2017-01,94238620821.4,204220823,3182937.0,0.5286663043478261,92,8475.8,1.0,15.28
2017-01-25,2017,Q1,1,January,2017-01,173232609814.7,401792558,4231223.0,0.5763717391304348,92,8602.75,1.5,15.17
2017-01-27,2017,Q1,1,January,2017-01,137119731448.25,341085311,3914719.0,0.5196934782608695,92,8641.25,0.45,16.0
2017-01-30,2017,Q1,1,January,2017-01,97915986259.45,211644903,2888039.0,0.488370652173913,92,8632.75,-0.1,16.67
2017-01-31,2017,Q1,1,January,2017-01,146212342051.75,336951099,4132547.0,0.504266304347826,92,8561.3,-0.83,16.83
2017-02-01,2017,Q1,2,February,2017-02,153889954589.35,361100818,4346533.0,0.5027402173913044,92,8716.4,1.81,13.97
2017-02-02,2017,Q1,2,February,2017-02,134433891803.75,317898489,4149448.0,0.5164521739130434,92,8734.25,0.2,13.52
2017-02-03,2017,Q1,2,February,2017-02,100881391750.05,238845876,3251717.0,0.5243532608695652,92,8740.95,0.08,13.13
2017-02-06,2017,Q1,2,February,2017-02,110225375255.45,242527857,3541560.0,0.5106652173913043,92,8801.05,0.69,13.4
2017-02-07,2017,Q1,2,February,2017-02,113126410394.25,286038607,3323200.0,0.5149804347826087,92,8768.3,-0.37,13.51
2017-02-08,2017,Q1,2,February,2017-02,108523404323.8,255460082,3241854.0,0.5322782608695652,92,8769.05,0.01,13.35
2017-02-09,2017,Q1,2,February,2017-02,110295481547.4,237244489,3451075.0,0.5190521739130435,92,8778.4,0.11,13.24
2017-02-10,2017,Q1,2,February,2017-02,120017328744.05,274007993,3489093.0,0.5231423913043478,92,8793.55,0.17,13.18
2017-02-13,2017,Q1,2,February,2017-02,97735800349.7,245413363,2984937.0,0.48333260869565214,92,8805.05,0.13,13.69
2017-02-14,2017,Q1,2,February,2017-02,100568437028.45,239410893,3306755.0,0.53115,92,8792.3,-0.14,13.8
2017-02-15,2017,Q1,2,February,2017-02,121437018035.65001,269771182,3711465.0,0.5331021739130435,92,8724.7,-0.77,14.21
2017-02-16,2017,Q1,2,February,2017-02,121733004348.8,259473956,3623977.0,0.5298847826086956,92,8778.0,0.61,13.73
2017-02-17,2017,Q1,2,February,2017-02,253092371283.05,339576434,3784372.0,0.4884934782608696,92,8821.7,0.5,13.43
2017-02-20,2017,Q1,2,February,2017-02,93814300357.45,200003861,2588769.0,0.4838804347826087,92,8879.2,0.65,13.61
2017-02-21,2017,Q1,2,February,2017-02,103251288043.15,206243328,3038928.0,0.4933282608695652,92,8907.85,0.32,13.52
2017-02-22,2017,Q1,2,February,2017-02,152056334158.6,295189365,4827918.0,0.5552358695652174,92,8926.9,0.21,13.7
2017-02-23,2017,Q1,2,February,2017-02,192649574847.9,392884865,4500924.0,0.6074684782608696,92,8939.5,0.14,13.4
2017-02-27,2017,Q1,2,February,2017-02,122352410197.4,228419584,3389755.0,0.5668554347826087,92,8896.7,-0.48,13.68
2017-02-28,2017,Q1,2,February,2017-02,154636586086.1,306167534,4229204.0,0.5709510869565217,92,8879.6,-0.19,13.79
2017-03-01,2017,Q1,3,March,2017-03,119059351908.9,266448140,3447340.0,0.5414532608695652,92,8945.8,0.75,13.58
2017-03-02,2017,Q1,3,March,2017-03,127650760264.4,287917955,3501298.0,0.5377695652173913,92,8899.75,-0.51,13.36
2017-03-03,2017,Q1,3,March,2017-03,117102171328.09999,247211797,3372175.0,0.5430532608695653,92,8897.55,-0.02,13.35
2017-03-06,2017,Q1,3,March,2017-03,101027052153.0,204450208,2877353.0,0.5375282608695652,92,8963.45,0.74,13.64
2017-03-07,2017,Q1,3,March,2017-03,96195149938.55,201988205,2669822.0,0.5809010869565218,92,8946.9,-0.18,13.88
2017-03-08,2017,Q1,3,March,2017-03,113975194473.45,229251010,3051939.0,0.5348239130434783,92,8924.3,-0.25,14.08
2017-03-09,2017,Q1,3,March,2017-03,100096404891.35,204898356,3054103.0,0.5468532608695652,92,8927.0,0.03,14.39
2017-03-10,2017,Q1,3,March,2017-03,84486271350.0,186021257,2706818.0,0.5397836956521739,92,8934.55,0.08,13.96
2017-03-14,2017,Q1,3,March,2017-03,158945779864.0,314606536,4479681.0,0.6168065217391304,92,9087.0,1.71,12.4
2017-03-15,2017,Q1,3,March,2017-03,106595795109.75,225040579,3367234.0,0.5685097826086957,92,9084.8,-0.02,12.42
2017-03-16,2017,Q1,3,March,2017-03,108547940970.8,236274955,3423095.0,0.5669021739130435,92,9153.7,0.76,11.91
2017-03-17,2017,Q1,3,March,2017-03,155507750413.8,337683617,3909699.0,0.6099673913043479,92,9160.05,0.07,11.85
2017-03-20,2017,Q1,3,March,2017-03,88885756664.05,190722420,2455012.0,0.5426532608695652,92,9126.85,-0.36,12.02
2017-03-21,2017,Q1,3,March,2017-03,178193960575.85,320410395,4546670.0,0.5890397849462365,93,9121.5,-0.06,11.94
2017-03-22,2017,Q1,3,March,2017-03,132555927916.85,273455649,3866533.0,0.5881956989247311,93,9030.45,-1.0,12.27
2017-03-23,2017,Q1,3,March,2017-03,111134461122.5,242869887,3329321.0,0.5662591397849462,93,9086.3,0.62,11.84
2017-03-24,2017,Q1,3,March,2017-03,107153845031.05,261319303,3085844.0,0.5716709677419355,93,9108.0,0.24,11.98
2017-03-27,2017,Q1,3,March,2017-03,106810723686.15,250693474,2894885.0,0.573883870967742,93,9045.2,-0.69,12.44
2017-03-28,2017,Q1,3,March,2017-03,102648757100.9,234413979,2735836.0,0.5690763440860216,93,9100.8,0.61,12.12
2017-03-29,2017,Q1,3,March,2017-03,131736533635.5,282349285,3477499.0,0.5935258064516129,93,9143.8,0.47,12.09
2017-03-30,2017,Q1,3,March,2017-03,189749898859.7,395268872,4045628.0,0.6451462365591398,93,9173.75,0.33,12.15
2017-03-31,2017,Q1,3,March,2017-03,128827251323.85,251515506,3533151.0,0.5858505376344085,93,9173.75,0.0,12.42
2017-04-03,2017,Q2,4,April,2017-04,100682099842.0,185993623,2578863.0,0.5246279569892472,93,9237.85,0.7,11.49
2017-04-05,2017,Q2,4,April,2017-04,134649156075.05,252657484,4310480.0,0.5888387096774194,93,9265.15,0.3,11.55
2017-04-06,2017,Q2,4,April,2017-04,120433701728.25,257747695,3208868.0,0.5538462365591398,93,9261.95,-0.03,11.29
2017-04-07,2017,Q2,4,April,2017-04,132523934362.3,270586062,3406044.0,0.5398913978494624,93,9198.3,-0.69,11.69
2017-04-10,2017,Q2,4,April,2017-04,109183981044.35,202962046,3039776.0,0.5119720430107527,93,9181.45,-0.18,11.62
2017-04-11,2017,Q2,4,April,2017-04,115807661784.35,279759065,3377614.0,0.5372225806451613,93,9237.0,0.61,11.4
2017-04-12,2017,Q2,4,April,2017-04,112555044965.0,243820442,3194168.0,0.5002967741935483,93,9203.45,-0.36,11.63
2017-04-13,2017,Q2,4,April,2017-04,112081731314.8,230409321,3127048.0,0.5206096774193548,93,9150.8,-0.57,11.58
2017-04-17,2017,Q2,4,April,2017-04,86379711718.35,214255900,2413817.0,0.48817849462365587,93,9139.3,-0.13,11.89
2017-04-18,2017,Q2,4,April,2017-04,110147905994.6,257189268,3074217.0,0.504752688172043,93,9105.15,-0.37,12.38
2017-04-19,2017,Q2,4,April,2017-04,105326239903.6,236133085,3527877.0,0.5103247311827958,93,9103.5,-0.02,12.22
2017-04-20,2017,Q2,4,April,2017-04,99913691080.0,222714587,3208757.0,0.5205720430107528,93,9136.4,0.36,11.56
2017-04-21,2017,Q2,4,April,2017-04,104996002563.5,245077819,3089597.0,0.5102752688172043,93,9119.4,-0.19,11.42
2017-04-24,2017,Q2,4,April,2017-04,114786840743.8,237975647,3053563.0,0.49412903225806454,93,9217.95,1.08,11.62
2017-04-25,2017,Q2,4,April,2017-04,133932867729.65,247595673,3798438.0,0.5529354838709678,93,9306.6,0.96,11.16
2017-04-26,2017,Q2,4,April,2017-04,133874522871.75,277079831,3966737.0,0.5340548387096774,93,9351.85,0.49,11.74
2017-04-27,2017,Q2,4,April,2017-04,154885653566.75,283476263,3648978.0,0.5457741935483871,93,9342.15,-0.1,11.07
2017-04-28,2017,Q2,4,April,2017-04,111076097117.05,231594457,3217216.0,0.5404924731182795,93,9304.05,-0.41,10.86
2017-05-02,2017,Q2,5,May,2017-05,108808475114.35,221332286,3759795.0,0.5434924731182796,93,9313.8,0.1,11.45
2017-05-03,2017,Q2,5,May,2017-05,101044483374.9,218708886,2889521.0,0.505858064516129,93,9311.95,-0.02,11.53
2017-05-04,2017,Q2,5,May,2017-05,142146856461.7,334604923,3778101.0,0.5482451612903226,93,9359.9,0.51,11.33
2017-05-05,2017,Q2,5,May,2017-05,126470336301.45,312705139,3591014.0,0.498847311827957,93,9285.3,-0.8,11.99
2017-05-08,2017,Q2,5,May,2017-05,101499797441.9,244066735,2893924.0,0.5131139784946237,93,9314.05,0.31,11.66
2017-05-09,2017,Q2,5,May,2017-05,97671832197.4,202190955,2816692.0,0.5258236559139785,93,9316.85,0.03,11.11
2017-05-10,2017,Q2,5,May,2017-05,111187650288.8,215093967,3226784.0,0.5009612903225806,93,9407.3,0.97,10.95
2017-05-11,2017,Q2,5,May,2017-05,122214530510.5,248412212,3550729.0,0.5074032258064516,93,9422.4,0.16,10.84
2017-05-12,2017,Q2,5,May,2017-05,109506373607.1,221626854,3178872.0,0.4988978494623656,93,9400.9,-0.23,10.63
2017-05-15,2017,Q2,5,May,2017-05,97970722233.3,204783188,2824734.0,0.4990784946236559,93,9445.4,0.47,10.68
2017-05-16,2017,Q2,5,May,2017-05,120095231840.45,278780117,3353296.0,0.5171387096774194,93,9512.25,0.71,10.56
2017-05-17,2017,Q2,5,May,2017-05,128702743778.0,286892617,3649297.0,0.5227,93,9525.75,0.14,10.64
2017-05-18,2017,Q2,5,May,2017-05,126906287911.1,271259286,3272581.0,0.513147311827957,93,9429.45,-1.01,11.78
2017-05-19,2017,Q2,5,May,2017-05,137634865836.35,327998334,4279981.0,0.4700376344086022,93,9427.9,-0.02,11.3
2017-05-22,2017,Q2,5,May,2017-05,114251413787.7,252294404,3584984.0,0.5125000000000001,93,9438.25,0.11,11.2
2017-05-23,2017,Q2,5,May,2017-05,141969945115.2,308939085,4404284.0,0.5071752688172043,93,9386.15,-0.55,12.2
2017-05-24,2017,Q2,5,May,2017-05,128290530451.75,269347142,4260826.0,0.5231645161290323,93,9360.55,-0.27,11.83
2017-05-25,2017,Q2,5,May,2017-05,197827254168.25,383147729,4642347.0,0.5624311827956989,93,9509.75,1.59,10.45
2017-05-26,2017,Q2,5,May,2017-05,137599156499.75,294590721,3807073.0,0.47461397849462367,93,9595.1,0.9,10.86
2017-05-29,2017,Q2,5,May,2017-05,144701543194.95,308286321,4061817.0,0.45407419354838713,93,9604.9,0.1,11.79
2017-05-30,2017,Q2,5,May,2017-05,122365958220.4,305279418,3760688.0,0.4601935483870968,93,9624.55,0.2,11.76
2017-05-31,2017,Q2,5,May,2017-05,235547141789.8,505653294,6329702.0,0.5929032258064516,93,9621.25,-0.03,11.76
2017-06-01,2017,Q2,6,June,2017-06,112629697364.65,225815955,3320965.0,0.5136913978494624,93,9616.1,-0.05,11.31
2017-06-02,2017,Q2,6,June,2017-06,102147973456.05,212193687,3054364.0,0.5104741935483871,93,9653.5,0.39,10.81
2017-06-05,2017,Q2,6,June,2017-06,100490807098.15,192487070,2929261.0,0.5025634408602151,93,9675.1,0.22,11.02
2017-06-06,2017,Q2,6,June,2017-06,108652901510.45,207478119,3176322.0,0.49895376344086023,93,9637.15,-0.39,11.13
2017-06-07,2017,Q2,6,June,2017-06,115875296722.3,228322470,3634922.0,0.5113258064516129,93,9663.9,0.28,10.89
2017-06-08,2017,Q2,6,June,2017-06,116034682076.2,232148361,3318719.0,0.5145311827956989,93,9647.25,-0.17,11.07
2017-06-09,2017,Q2,6,June,2017-06,108504075836.45,233167821,3361172.0,0.47229139784946234,93,9668.25,0.22,10.86
2017-06-12,2017,Q2,6,June,2017-06,95929441775.3,197748337,2759702.0,0.481747311827957,93,9616.4,-0.54,11.42
2017-06-13,2017,Q2,6,June,2017-06,89872560198.75,182174637,2996286.0,0.5035774193548387,93,9606.9,-0.1,11.34
2017-06-14,2017,Q2,6,June,2017-06,118915984552.0,227363607,3447412.0,0.5521591397849462,93,9618.15,0.12,11.18
2017-06-15,2017,Q2,6,June,2017-06,116769979702.34999,227610302,3307984.0,0.5268677419354839,93,9578.05,-0.42,11.32
2017-06-16,2017,Q2,6,June,2017-06,136920082164.5,271546111,3706376.0,0.5670193548387097,93,9588.05,0.1,10.92
2017-06-19,2017,Q2,6,June,2017-06,91549426675.85,178577555,2797206.0,0.5152505376344086,93,9657.55,0.72,10.63
2017-06-20,2017,Q2,6,June,2017-06,101735422920.45,206017489,3261122.0,0.5287666666666667,93,9653.5,-0.04,10.66
2017-06-21,2017,Q2,6,June,2017-06,98597270918.65,200584963,3345004.0,0.5434021505376344,93,9633.6,-0.21,10.92
2017-06-22,2017,Q2,6,June,2017-06,124103287115.25,249807372,3488190.0,0.5387989247311828,93,9630.0,-0.04,11.21
2017-06-23,2017,Q2,6,June,2017-06,105997991733.65,228136352,3541404.0,0.5160602150537634,93,9574.95,-0.57,11.56
2017-06-27,2017,Q2,6,June,2017-06,128995203744.15,261091300,3904690.0,0.5464096774193549,93,9511.4,-0.66,12.51
2017-06-28,2017,Q2,6,June,2017-06,111276951293.55,229413129,3443952.0,0.5253548387096774,93,9491.25,-0.21,11.99
2017-06-29,2017,Q2,6,June,2017-06,156372788866.55002,323604005,3439412.0,0.5500440860215053,93,9504.1,0.14,11.38
2017-06-30,2017,Q2,6,June,2017-06,107439951258.35,226973613,3494026.0,0.5112322580645161,93,9520.9,0.18,11.73
2017-07-03,2017,Q3,7,July,2017-07,104489489348.0,224351499,2975834.0,0.4962172043010753,93,9615.0,0.99,11.2
2017-07-04,2017,Q3,7,July,2017-07,100501388104.0,189833567,2647001.0,0.48871397849462367,93,9613.3,-0.02,11.28
2017-07-05,2017,Q3,7,July,2017-07,92457510065.65,172199149,2406512.0,0.512694623655914,93,9637.6,0.25,11.15
2017-07-06,2017,Q3,7,July,2017-07,97007988447.5,211911126,2820259.0,0.5410978494623656,93,9674.55,0.38,10.98
2017-07-07,2017,Q3,7,July,2017-07,106911373864.5,196433056,2988204.0,0.5288612903225807,93,9665.8,-0.09,10.87
2017-07-10,2017,Q3,7,July,2017-07,25500498076.55,59349120,561816.0,0.5420387096774193,93,9771.05,1.09,10.87
2017-07-11,2017,Q3,7,July,2017-07,117932818392.8,230635445,3504998.0,0.5513021505376344,93,9786.05,0.15,10.89
2017-07-12,2017,Q3,7,July,2017-07,106207241372.35,215739093,3387085.0,0.5378021505376344,93,9816.1,0.31,11.05
2017-07-13,2017,Q3,7,July,2017-07,122950044445.05,238309117,3306806.0,0.5337688172043011,93,9891.7,0.77,11.25
2017-07-14,2017,Q3,7,July,2017-07,116072744597.7,227939254,3218996.0,0.5084913978494624,93,9886.35,-0.05,11.17
2017-07-17,2017,Q3,7,July,2017-07,109843471525.35,227312518,2942246.0,0.5345430107526882,93,9915.95,0.3,11.46
2017-07-18,2017,Q3,7,July,2017-07,158336677160.5,363219833,3889135.0,0.5283989247311828,93,9827.15,-0.9,11.49
2017-07-19,2017,Q3,7,July,2017-07,141651830033.3,271406405,3734022.0,0.5324301075268817,93,9899.6,0.74,11.26
2017-07-20,2017,Q3,7,July,2017-07,113956865692.8,234027131,2995056.0,0.5031,93,9873.3,-0.27,11.32
2017-07-21,2017,Q3,7,July,2017-07,141743867332.15,252919461,3420797.0,0.4918311827956989,93,9915.25,0.42,11.08
2017-07-24,2017,Q3,7,July,2017-07,127508755304.8,231185094,3373824.0,0.5214849462365592,93,9966.4,0.52,11.31
2017-07-25,2017,Q3,7,July,2017-07,121896944469.25,230706470,3619796.0,0.5426387096774193,93,9964.55,-0.02,10.91
2017-07-26,2017,Q3,7,July,2017-07,120977890268.9,241047895,3050485.0,0.5307924731182796,93,10020.65,0.56,11.17
2017-07-27,2017,Q3,7,July,2017-07,196963050764.45,362959231,3749602.0,0.5823129032258064,93,10020.55,-0.0,11.22
2017-07-28,2017,Q3,7,July,2017-07,127263969678.15,239159721,3353439.0,0.5107204301075269,93,10014.5,-0.06,11.14
2017-07-31,2017,Q3,7,July,2017-07,155021067253.95,311165501,3921375.0,0.5402741935483871,93,10077.1,0.63,11.9
2017-08-01,2017,Q3,8,August,2017-08,142008347989.8,261924882,3661566.0,0.5200913978494623,93,10114.65,0.37,11.91
2017-08-02,2017,Q3,8,August,2017-08,112911746529.25,240274457,3041936.0,0.4923752688172043,93,10081.5,-0.33,11.94
2017-08-03,2017,Q3,8,August,2017-08,137884780405.45,282515975,3750421.0,0.5204849462365592,93,10013.65,-0.67,11.64
2017-08-04,2017,Q3,8,August,2017-08,135111753983.65001,266951254,3241607.0,0.48650000000000004,93,10066.4,0.53,11.39
2017-08-07,2017,Q3,8,August,2017-08,103272263441.7,197912486,2844503.0,0.48345913978494626,93,10057.4,-0.09,11.9
2017-08-08,2017,Q3,8,August,2017-08,127934137544.75,269156316,3415989.0,0.45426989247311833,93,9978.55,-0.78,12.77
2017-08-09,2017,Q3,8,August,2017-08,112954645045.4,236161638,3254302.0,0.4706107526881721,93,9908.05,-0.71,13.45
2017-08-10,2017,Q3,8,August,2017-08,148007151313.1,319645558,4214863.0,0.4742021505376344,93,9820.25,-0.89,13.8
2017-08-11,2017,Q3,8,August,2017-08,163698084498.45,381788151,4707761.0,0.4808989247311828,93,9710.8,-1.11,15.2
2017-08-14,2017,Q3,8,August,2017-08,115244836834.59999,258788095,3615278.0,0.4979010752688172,93,9794.15,0.86,14.38
2017-08-16,2017,Q3,8,August,2017-08,127882119245.5,281297209,3795625.0,0.4900591397849462,93,9897.3,1.05,14.24
2017-08-17,2017,Q3,8,August,2017-08,117310169747.55,260604941,3436215.0,0.44768924731182796,93,9904.15,0.07,14.34
2017-08-18,2017,Q3,8,August,2017-08,174356760678.3,308571711,4708034.0,0.4553258064516129,93,9837.4,-0.67,14.57
2017-08-21,2017,Q3,8,August,2017-08,135813589405.3,259846402,3622747.0,0.4861032258064516,93,9754.35,-0.84,14.82
2017-08-22,2017,Q3,8,August,2017-08,117553237256.59999,251206910,3708123.0,0.4607,93,9765.55,0.11,14.1
2017-08-23,2017,Q3,8,August,2017-08,122687158728.65,242125041,3359050.0,0.4737870967741935,93,9852.5,0.89,13.18
2017-08-24,2017,Q3,8,August,2017-08,127703226501.95,241930080,3565300.0,0.5069150537634408,93,9857.05,0.05,12.57
2017-08-28,2017,Q3,8,August,2017-08,124032474910.05,235308782,4078174.0,0.528336559139785,93,9912.8,0.57,12.64
2017-08-29,2017,Q3,8,August,2017-08,104021466366.3,232562569,2940228.0,0.48503118279569896,93,9796.05,-1.18,13.54
2017-08-30,2017,Q3,8,August,2017-08,99275357041.55,216593231,3148389.0,0.4912666666666667,93,9884.4,0.9,12.89
2017-08-31,2017,Q3,8,August,2017-08,172602023617.15,417395989,4049196.0,0.561679569892473,93,9917.9,0.34,11.95
2017-09-01,2017,Q3,9,September,2017-09,114399209885.4,216657843,3063114.0,0.4854967741935484,93,9974.4,0.57,11.68
2017-09-04,2017,Q3,9,September,2017-09,95617486461.55,197245342,2896008.0,0.4232612903225807,93,9912.85,-0.62,13.16
2017-09-05,2017,Q3,9,September,2017-09,93103334297.65,182271976,2431859.0,0.462894623655914,93,9952.2,0.4,12.89
2017-09-06,2017,Q3,9,September,2017-09,115535987756.15,212201909,2979802.0,0.4886430107526882,93,9916.2,-0.36,13.12
2017-09-07,2017,Q3,9,September,2017-09,116175770856.75,237134414,3314930.0,0.5148387096774194,93,9929.9,0.14,13.01
2017-09-08,2017,Q3,9,September,2017-09,110330926988.75,207914158,3466505.0,0.47373763440860217,93,9934.8,0.05,12.96
2017-09-11,2017,Q3,9,September,2017-09,111430153128.9,214132630,3164626.0,0.5091451612903225,93,10006.05,0.72,12.36
2017-09-12,2017,Q3,9,September,2017-09,127746116744.65,244021719,3604694.0,0.5061655913978494,93,10093.05,0.87,11.76
2017-09-13,2017,Q3,9,September,2017-09,135686871081.25,261578534,3610351.0,0.4736010752688172,93,10079.3,-0.14,11.76
2017-09-14,2017,Q3,9,September,2017-09,131348995936.45,260834305,3487550.0,0.4664462365591398,93,10086.6,0.07,11.47
2017-09-15,2017,Q3,9,September,2017-09,176612591409.45,336166086,4061309.0,0.5829666666666666,93,10085.4,-0.01,11.68
2017-09-18,2017,Q3,9,September,2017-09,99465377940.55,194292655,2807627.0,0.47713010752688173,93,10153.1,0.67,11.44
2017-09-19,2017,Q3,9,September,2017-09,111021268784.09999,240193978,2730915.0,0.48151075268817206,93,10147.55,-0.05,11.46
2017-09-20,2017,Q3,9,September,2017-09,131949394872.0,259647148,3516495.0,0.5395387096774193,93,10141.15,-0.06,11.63
2017-09-21,2017,Q3,9,September,2017-09,145739685305.75,249103004,3570497.0,0.509594623655914,93,10121.9,-0.19,11.63
2017-09-22,2017,Q3,9,September,2017-09,143164996081.75,274931563,3681518.0,0.5000645161290322,93,9964.4,-1.56,12.81
2017-09-25,2017,Q3,9,September,2017-09,137191544030.7,270679036,4105087.0,0.4976752688172043,93,9872.6,-0.92,13.34
2017-09-26,2017,Q3,9,September,2017-09,124917616287.85,237378451,3917956.0,0.4842870967741935,93,9871.5,-0.01,12.93
2017-09-27,2017,Q3,9,September,2017-09,156559789258.7,289323988,4452526.0,0.483731914893617,94,9735.75,-1.38,13.86
2017-09-28,2017,Q3,9,September,2017-09,237220851625.9,441227428,5296977.0,0.5657414893617021,94,9768.95,0.34,13.17
2017-09-29,2017,Q3,9,September,2017-09,134472653462.55,259176170,4210881.0,0.5124553191489362,94,9788.6,0.2,12.48
2017-10-03,2017,Q4,10,October,2017-10,143466346891.1,264419048,4788008.0,0.5155494736842104,95,9859.5,0.72,12.46
2017-10-04,2017,Q4,10,October,2017-10,107291891601.4,219105618,3152694.0,0.4791852631578947,95,9914.9,0.56,11.8
2017-10-05,2017,Q4,10,October,2017-10,93304383121.85,194334813,2648043.0,0.4645578947368421,95,9888.7,-0.26,11.71
2017-10-06,2017,Q4,10,October,2017-10,117595931940.84999,247453841,2781120.0,0.49488105263157894,95,9979.7,0.92,11.12
2017-10-09,2017,Q4,10,October,2017-10,89715156997.05,187597787,2449087.0,0.47873157894736845,95,9988.75,0.09,11.39
2017-10-10,2017,Q4,10,October,2017-10,102477828531.3,200492886,3071084.0,0.5179694736842105,95,10016.95,0.28,11.11
2017-10-11,2017,Q4,10,October,2017-10,127632168944.90001,258419725,3567437.0,0.5102915789473684,95,9984.8,-0.32,11.73
2017-10-12,2017,Q4,10,October,2017-10,125614067340.35,256052239,3114716.0,0.47167894736842103,95,10096.4,1.12,11.04
2017-10-13,2017,Q4,10,October,2017-10,143943408710.5,284653795,3426116.0,0.5143,95,10167.45,0.7,11.26
2017-10-16,2017,Q4,10,October,2017-10,133229258021.7,258410662,3688225.0,0.4942284210526316,95,10230.85,0.62,11.31
2017-10-17,2017,Q4,10,October,2017-10,122299109180.6,255042004,3172239.0,0.49561052631578945,95,10234.45,0.04,11.61
2017-10-18,2017,Q4,10,October,2017-10,148232381418.25,307539915,3490602.0,0.4780978947368421,95,10210.85,-0.23,11.54
2017-10-19,2017,Q4,10,October,2017-10,19755333814.3,39807990,532713.0,0.4247042105263158,95,10146.55,-0.63,12.4
2017-10-23,2017,Q4,10,October,2017-10,141241052179.6,280115534,4087022.0,0.4969936842105263,95,10184.85,0.38,12.32
2017-10-24,2017,Q4,10,October,2017-10,129917405901.95,276325465,3873110.0,0.5121789473684211,95,10207.7,0.22,11.59
2017-10-25,2017,Q4,10,October,2017-10,350897734057.45,971580369,6733988.0,0.5425979166666667,96,10295.35,0.86,11.76
2017-10-26,2017,Q4,10,October,2017-10,280051140012.0,657975335,5629974.0,0.5563708333333334,96,10343.8,0.47,11.62
2017-10-27,2017,Q4,10,October,2017-10,176851285911.0,366174314,4375052.0,0.48394270833333336,96,10323.05,-0.2,11.48
2017-10-30,2017,Q4,10,October,2017-10,155759192669.6,332044916,3931407.0,0.494515625,96,10363.65,0.39,12.11
2017-10-31,2017,Q4,10,October,2017-10,162505807467.75,340670363,4104473.0,0.5147812500000001,96,10335.3,-0.27,12.44
2017-11-01,2017,Q4,11,November,2017-11,181678231845.1,381832844,4253055.0,0.5081447916666667,96,10440.5,1.02,12.14
2017-11-02,2017,Q4,11,November,2017-11,148809385692.3,297430831,3854911.0,0.512571875,96,10423.8,-0.16,12.0
2017-11-03,2017,Q4,11,November,2017-11,148708512685.4,382380931,3809634.0,0.49853333333333333,96,10452.5,0.28,11.91
2017-11-06,2017,Q4,11,November,2017-11,145525203401.6,302167314,4118979.0,0.5336729166666666,96,10451.8,-0.01,13.02
2017-11-07,2017,Q4,11,November,2017-11,185402753378.55,370533875,4766771.0,0.5108479166666667,96,10350.15,-0.97,13.24
2017-11-08,2017,Q4,11,November,2017-11,165302678725.85,338152063,4526609.0,0.5094802083333333,96,10303.15,-0.45,13.61
2017-11-09,2017,Q4,11,November,2017-11,156120226628.3,324807926,4103318.0,0.48428958333333333,96,10308.95,0.06,13.27
2017-11-10,2017,Q4,11,November,2017-11,176417531407.19998,378285807,4216550.0,0.5042302083333333,96,10321.75,0.12,13.48
2017-11-13,2017,Q4,11,November,2017-11,143760126553.95,303897897,4326590.0,0.48824375000000003,96,10224.95,-0.94,14.04
2017-11-14,2017,Q4,11,November,2017-11,175985509405.8,383957508,3900797.0,0.5169510416666666,96,10186.6,-0.38,14.16
2017-11-15,2017,Q4,11,November,2017-11,140724180406.8,311765858,3814158.0,0.5055802083333333,96,10118.05,-0.67,14.26
2017-11-16,2017,Q4,11,November,2017-11,122473347687.8,262310629,3828563.0,0.47831874999999996,96,10214.75,0.96,13.46
2017-11-17,2017,Q4,11,November,2017-11,200441864502.3,489482457,5243760.0,0.5206536082474227,97,10283.6,0.67,13.71
2017-11-20,2017,Q4,11,November,2017-11,115435138558.3,241459698,3341982.0,0.5194731958762887,97,10298.75,0.15,13.43
2017-11-21,2017,Q4,11,November,2017-11,146549770726.1,304850762,4247169.0,0.5130082474226805,97,10326.9,0.27,13.72
2017-11-22,2017,Q4,11,November,2017-11,124435134275.45,253899396,3538497.0,0.5076701030927835,97,10342.3,0.15,14.04
2017-11-23,2017,Q4,11,November,2017-11,113439043770.85,232552868,2903374.0,0.4716701030927835,97,10348.75,0.06,13.86
2017-11-24,2017,Q4,11,November,2017-11,107201232017.8,198886175,2793794.0,0.5184371134020619,97,10389.7,0.4,13.51
2017-11-27,2017,Q4,11,November,2017-11,102373155947.4,216707492,2989133.0,0.5154865979381443,97,10399.55,0.09,13.03
2017-11-28,2017,Q4,11,November,2017-11,128614772925.5,301575517,3548126.0,0.5183896907216495,97,10370.25,-0.28,13.15
2017-11-29,2017,Q4,11,November,2017-11,110634621509.5,224165493,3021317.0,0.5128020618556701,97,10361.3,-0.09,13.06
2017-11-30,2017,Q4,11,November,2017-11,246478667712.85,506151060,5258502.0,0.5978185567010309,97,10226.55,-1.3,13.55
2017-12-01,2017,Q4,12,December,2017-12,106046709382.7,217099002,2769711.0,0.4598958762886598,97,10121.8,-1.02,14.8
2017-12-04,2017,Q4,12,December,2017-12,120223681999.75,248595264,3522020.0,0.47742577319587626,97,10127.75,0.06,14.86
2017-12-05,2017,Q4,12,December,2017-12,114570742295.7,233961160,3327342.0,0.49068144329896907,97,10118.25,-0.09,15.01
2017-12-06,2017,Q4,12,December,2017-12,118338689496.1,226845980,3714286.0,0.5319824742268041,97,10044.1,-0.73,15.09
2017-12-07,2017,Q4,12,December,2017-12,126893934331.05,237036800,3593737.0,0.5180659793814433,97,10166.7,1.22,14.27
2017-12-08,2017,Q4,12,December,2017-12,142735395361.05,268633233,3921012.0,0.4945762886597938,97,10265.65,0.97,13.67
2017-12-11,2017,Q4,12,December,2017-12,104352281840.3,201366450,3158035.0,0.49910103092783503,97,10322.25,0.55,14.15
2017-12-12,2017,Q4,12,December,2017-12,125179610387.35,239680568,3364690.0,0.5065505154639175,97,10240.15,-0.8,15.26
2017-12-13,2017,Q4,12,December,2017-12,125080444120.55,240231001,3243992.0,0.458980412371134,97,10192.95,-0.46,15.94
2017-12-14,2017,Q4,12,December,2017-12,118842588382.55,215960840,3302327.0,0.5040309278350515,97,10252.1,0.58,16.41
2017-12-15,2017,Q4,12,December,2017-12,161701411038.3,280915671,4631857.0,0.5988824742268041,97,10333.25,0.79,14.94
2017-12-18,2017,Q4,12,December,2017-12,152373431438.35,311244961,4221037.0,0.44846288659793815,97,10388.75,0.54,13.12
2017-12-19,2017,Q4,12,December,2017-12,137027381286.15,241956931,3751112.0,0.49962989690721654,97,10463.2,0.72,12.19
2017-12-20,2017,Q4,12,December,2017-12,145862283891.35,294777307,4087338.0,0.49178453608247424,97,10444.2,-0.18,12.18
2017-12-21,2017,Q4,12,December,2017-12,122268849410.2,239232079,3334193.0,0.5020185567010309,97,10440.3,-0.04,12.08
2017-12-22,2017,Q4,12,December,2017-12,112786804612.85,229890672,3058488.0,0.4761618556701031,97,10493.0,0.5,11.59
2017-12-26,2017,Q4,12,December,2017-12,110353925947.34999,232189712,2788385.0,0.4851453608247423,97,10531.5,0.37,12.05
2017-12-27,2017,Q4,12,December,2017-12,112114724480.3,237511977,2943070.0,0.4721237113402062,97,10490.75,-0.39,12.49
2017-12-28,2017,Q4,12,December,2017-12,175851809387.2,386335127,3218862.0,0.5354855670103092,97,10477.9,-0.12,12.3
2017-12-29,2017,Q4,12,December,2017-12,114595161918.45,239897058,3205084.0,0.4972989690721649,97,10530.7,0.5,12.67
2018-01-01,2018,Q1,1,January,2018-01,87367362640.9,184886667,1938857.0,0.449579381443299,97,10435.55,-0.9,13.35
2018-01-02,2018,Q1,1,January,2018-01,107248377858.05,231037995,2999353.0,0.4585762886597938,97,10442.2,0.06,13.68
2018-01-03,2018,Q1,1,January,2018-01,115286296476.75,234347426,3466538.0,0.4962309278350515,97,10443.2,0.01,13.62
2018-01-04,2018,Q1,1,January,2018-01,123951283822.1,294443595,3252739.0,0.49995876288659796,97,10504.8,0.59,13.42
2018-01-05,2018,Q1,1,January,2018-01,127510312655.95,240613790,3395472.0,0.5009288659793815,97,10558.85,0.51,13.11
2018-01-08,2018,Q1,1,January,2018-01,120890592274.5,227318947,3743017.0,0.5201422680412371,97,10623.6,0.61,13.74
2018-01-09,2018,Q1,1,January,2018-01,132822679008.9,283199844,3679842.0,0.5190536082474226,97,10637.0,0.13,13.85
2018-01-10,2018,Q1,1,January,2018-01,124887650989.55,251166217,3267983.0,0.4927907216494845,97,10632.2,-0.05,14.04
2018-01-11,2018,Q1,1,January,2018-01,115653742990.45,220684516,3452117.0,0.4986144329896907,97,10651.2,0.18,14.01
2018-01-12,2018,Q1,1,January,2018-01,134251790719.4,240504270,3398896.0,0.5001876288659793,97,10681.25,0.28,13.73
2018-01-15,2018,Q1,1,January,2018-01,135277932261.0,231749781,3448843.0,0.5074546391752578,97,10741.55,0.56,14.3
2018-01-16,2018,Q1,1,January,2018-01,153900958471.75,292323356,4559254.0,0.5107505154639175,97,10700.45,-0.38,14.08
2018-01-17,2018,Q1,1,January,2018-01,172397293656.9,347580060,4727778.0,0.49978247422680416,97,10788.55,0.82,13.86
2018-01-18,2018,Q1,1,January,2018-01,193395832288.15,384014913,4772141.0,0.5108164948453608,97,10817.0,0.26,13.96
2018-01-19,2018,Q1,1,January,2018-01,138883485592.35,277650209,3767145.0,0.4842567010309279,97,10894.7,0.72,13.98
2018-01-22,2018,Q1,1,January,2018-01,170527883027.25,295683344,4277418.0,0.507478350515464,97,10966.2,0.66,15.39
2018-01-23,2018,Q1,1,January,2018-01,200875706423.45,395153792,5349277.0,0.5460907216494845,97,11083.7,1.07,16.23
2018-01-24,2018,Q1,1,January,2018-01,211340383571.15,411728758,5080357.0,0.5256845360824742,97,11086.0,0.02,18.04
2018-01-25,2018,Q1,1,January,2018-01,246897983291.9,518090032,4981149.0,0.5569525773195876,97,11069.65,-0.15,17.51
2018-01-29,2018,Q1,1,January,2018-01,187435832602.6,316349574,4930221.0,0.5446680412371134,97,11130.4,0.55,17.89
2018-01-30,2018,Q1,1,January,2018-01,160141187846.7,307951998,4136925.0,0.5229164948453608,97,11049.65,-0.73,16.42
2018-01-31,2018,Q1,1,January,2018-01,181845962634.1,354369455,5006254.0,0.5383494845360826,97,11027.7,-0.2,15.93
2018-02-01,2018,Q1,2,February,2018-02,209637936311.19998,396616279,5024794.0,0.4729463917525773,97,11016.9,-0.1,14.11
2018-02-02,2018,Q1,2,February,2018-02,207721826850.85,411204453,5259559.0,0.5074525773195877,97,10760.6,-2.33,15.25
2018-02-05,2018,Q1,2,February,2018-02,169152266288.35,332650757,4927352.0,0.4945639175257732,97,10666.55,-0.87,16.05
2018-02-06,2018,Q1,2,February,2018-02,190536761562.8,375530400,5404971.0,0.4958917525773196,97,10498.25,-1.58,20.01
2018-02-07,2018,Q1,2,February,2018-02,160408997141.05,321834936,4610855.0,0.4943721649484536,97,10476.7,-0.21,19.46
2018-02-08,2018,Q1,2,February,2018-02,151183662168.0,303329120,4383665.0,0.4708484536082474,97,10576.85,0.96,17.77
2018-02-09,2018,Q1,2,February,2018-02,126761223263.45,252933163,3979360.0,0.46323298969072163,97,10454.95,-1.15,19.23
2018-02-12,2018,Q1,2,February,2018-02,140485732962.15,326460596,3726796.0,0.4798,97,10539.75,0.81,17.88
2018-02-14,2018,Q1,2,February,2018-02,158603307751.1,378752194,4667141.0,0.5031969072164948,97,10500.9,-0.37,17.18
2018-02-15,2018,Q1,2,February,2018-02,151748177284.1,432625427,3895498.0,0.4474670103092783,97,10545.5,0.42,16.32
2018-02-16,2018,Q1,2,February,2018-02,139157295141.7,402315488,3656740.0,0.44090824742268037,97,10452.3,-0.88,16.38
2018-02-19,2018,Q1,2,February,2018-02,133729873114.6,393437942,3709242.0,0.4124659793814433,97,10378.4,-0.71,16.67
2018-02-20,2018,Q1,2,February,2018-02,130338806560.65,393849642,3637812.0,0.47718144329896905,97,10360.4,-0.17,16.87
2018-02-21,2018,Q1,2,February,2018-02,157045712551.75,356498840,4559817.0,0.5333639175257732,97,10397.45,0.36,15.92
2018-02-22,2018,Q1,2,February,2018-02,216936167433.85,466976332,4653044.0,0.5714360824742268,97,10382.7,-0.14,14.83
2018-02-23,2018,Q1,2,February,2018-02,157825612964.9,326159502,4417659.0,0.4957144329896907,97,10491.05,1.04,14.2
2018-02-26,2018,Q1,2,February,2018-02,128551798442.1,272759065,3721539.0,0.5032463917525773,97,10582.6,0.87,13.7
2018-02-27,2018,Q1,2,February,2018-02,143958897683.95,446225897,4051651.0,0.48098556701030926,97,10554.3,-0.27,13.92
2018-02-28,2018,Q1,2,February,2018-02,210107951267.9,582680259,5344235.0,0.5456948453608248,97,10492.85,-0.58,13.8
2018-03-01,2018,Q1,3,March,2018-03,132196699257.65,355182410,3908678.0,0.5130453608247423,97,10458.35,-0.33,14.07
2018-03-05,2018,Q1,3,March,2018-03,134115086320.59999,322921398,4201582.0,0.5209958762886598,97,10358.85,-0.95,15.4
2018-03-06,2018,Q1,3,March,2018-03,148625469935.2,329108533,4397733.0,0.5058886597938144,97,10249.25,-1.06,16.25
2018-03-07,2018,Q1,3,March,2018-03,149559700669.95,379424124,4182614.0,0.49204845360824745,97,10154.2,-0.93,15.7
2018-03-08,2018,Q1,3,March,2018-03,138264881693.6,320426276,3768068.0,0.48169999999999996,97,10242.65,0.87,14.58
2018-03-09,2018,Q1,3,March,2018-03,119821218354.45,265580902,3620093.0,0.4808505154639175,97,10226.85,-0.15,14.52
2018-03-12,2018,Q1,3,March,2018-03,130997734598.1,318212809,3389917.0,0.4890061855670103,97,10421.4,1.9,14.49
2018-03-13,2018,Q1,3,March,2018-03,270993282807.69998,431649276,4247163.0,0.481459793814433,97,10426.85,0.05,14.46
2018-03-14,2018,Q1,3,March,2018-03,124104888148.65,337931454,3244413.0,0.5003113402061856,97,10410.9,-0.15,14.36
2018-03-15,2018,Q1,3,March,2018-03,111118227725.45,278716644,2873553.0,0.4902103092783506,97,10360.15,-0.49,14.33
2018-03-16,2018,Q1,3,March,2018-03,226194359037.5,472981583,5485966.0,0.6361762886597938,97,10195.15,-1.59,15.22
2018-03-19,2018,Q1,3,March,2018-03,137744858503.5,334503564,3825243.0,0.5067072164948453,97,10094.25,-0.99,15.82
2018-03-20,2018,Q1,3,March,2018-03,135417995104.35,304052163,3847264.0,0.48809896907216493,97,10124.35,0.3,15.61
2018-03-21,2018,Q1,3,March,2018-03,133349042315.34999,284997064,3892410.0,0.5237639175257732,97,10155.25,0.31,15.11
2018-03-22,2018,Q1,3,March,2018-03,132853505691.45,289449569,4053261.0,0.532618556701031,97,10114.75,-0.4,15.25
2018-03-23,2018,Q1,3,March,2018-03,166164658890.1,364890153,4336622.0,0.5421298969072165,97,9998.05,-1.15,15.54
2018-03-26,2018,Q1,3,March,2018-03,150192753776.05,354204229,4182166.0,0.5287639175257732,97,10130.65,1.33,15.2
2018-03-27,2018,Q1,3,March,2018-03,181519901525.45,415209469,5347218.0,0.510715306122449,98,10184.15,0.53,15.55
2018-03-28,2018,Q1,3,March,2018-03,247654787626.5,513374876,5521658.0,0.5911877551020408,98,10113.7,-0.69,15.76
2018-04-02,2018,Q2,4,April,2018-04,133258472359.2,298400239,4461789.0,0.4855132653061225,98,10211.8,0.97,15.35
2018-04-03,2018,Q2,4,April,2018-04,126740020939.05,303872535,3893321.0,0.4745122448979592,98,10245.0,0.33,15.18
2018-04-04,2018,Q2,4,April,2018-04,139716514596.0,314931780,4211580.0,0.47356632653061226,98,10128.4,-1.14,16.34
2018-04-05,2018,Q2,4,April,2018-04,143464786275.15,326116466,3697463.0,0.4929887755102041,98,10325.15,1.94,14.8
2018-04-06,2018,Q2,4,April,2018-04,129061692349.35,308960556,3485169.0,0.4431673469387755,98,10331.6,0.06,14.75
2018-04-09,2018,Q2,4,April,2018-04,132181160858.8,320719654,3947003.0,0.46813163265306124,98,10379.35,0.46,14.87
2018-04-10,2018,Q2,4,April,2018-04,141334675255.3,338664750,4179394.0,0.4762571428571429,98,10402.25,0.22,14.5
2018-04-11,2018,Q2,4,April,2018-04,138572947698.55,318216219,3738232.0,0.4652040816326531,98,10417.15,0.14,14.72
2018-04-12,2018,Q2,4,April,2018-04,143971070154.95,313053797,3766361.0,0.4825622448979592,98,10458.65,0.4,14.56
2018-04-13,2018,Q2,4,April,2018-04,143571693911.9,274502809,3787754.0,0.4577520408163265,98,10480.6,0.21,14.14
2018-04-16,2018,Q2,4,April,2018-04,130459799141.7,254949993,3445568.0,0.4599326530612245,98,10528.35,0.46,14.26
2018-04-17,2018,Q2,4,April,2018-04,122302088858.55,264792221,3881673.0,0.49313163265306126,98,10548.7,0.19,14.04
2018-04-18,2018,Q2,4,April,2018-04,115734876881.05,271008168,3560716.0,0.46955408163265305,98,10526.2,-0.21,14.11
2018-04-19,2018,Q2,4,April,2018-04,142672077512.75,316762837,4069063.0,0.48547959183673467,98,10565.3,0.37,13.75
2018-04-20,2018,Q2,4,April,2018-04,166039710363.4,297775116,4056068.0,0.4833275510204082,98,10564.05,-0.01,12.94
2018-04-23,2018,Q2,4,April,2018-04,153368783446.95,255358451,3836519.0,0.46493367346938774,98,10584.7,0.2,13.14
2018-04-24,2018,Q2,4,April,2018-04,146450451261.05,276879882,3990604.0,0.4749295918367347,98,10614.35,0.28,11.9
2018-04-25,2018,Q2,4,April,2018-04,141232042544.65,274905150,4043483.0,0.4568959183673469,98,10570.55,-0.41,12.4
2018-04-26,2018,Q2,4,April,2018-04,204775567638.2,389897733,4379483.0,0.5360591836734694,98,10617.8,0.45,12.04
2018-04-27,2018,Q2,4,April,2018-04,182844115435.65,349812645,4345549.0,0.45556326530612246,98,10692.3,0.7,12.02
2018-04-30,2018,Q2,4,April,2018-04,116321247448.75,216055408,3287089.0,0.4680642857142857,98,10739.35,0.44,12.36
2018-05-02,2018,Q2,5,May,2018-05,171724158527.2,295438346,4464501.0,0.5097551020408163,98,10718.05,-0.2,12.84
2018-05-03,2018,Q2,5,May,2018-05,144460249200.9,251738203,4233773.0,0.4724969387755102,98,10679.65,-0.36,12.98
2018-05-04,2018,Q2,5,May,2018-05,115932352425.35,245795473,3510725.0,0.47134081632653063,98,10618.25,-0.57,13.25
2018-05-07,2018,Q2,5,May,2018-05,114161874362.8,230008671,3309812.0,0.5015132653061224,98,10715.5,0.92,13.76
2018-05-08,2018,Q2,5,May,2018-05,147962195396.80002,342065515,3854889.0,0.512330612244898,98,10717.8,0.02,14.06
2018-05-09,2018,Q2,5,May,2018-05,120151018140.95,262629556,3227352.0,0.4871295918367347,98,10741.7,0.22,14.27
2018-05-10,2018,Q2,5,May,2018-05,125650143648.45,260352221,3463995.0,0.5045693877551021,98,10716.55,-0.23,14.42
2018-05-11,2018,Q2,5,May,2018-05,128407991356.7,283083671,3583852.0,0.49193673469387755,98,10806.5,0.84,13.98
2018-05-14,2018,Q2,5,May,2018-05,109315571230.35,234187225,3123494.0,0.49006020408163264,98,10806.6,0.0,14.24
2018-05-15,2018,Q2,5,May,2018-05,165143608988.7,344905510,4761145.0,0.49595918367346936,98,10801.85,-0.04,13.16
2018-05-16,2018,Q2,5,May,2018-05,142382944045.15,396508104,4232598.0,0.4690744897959183,98,10741.1,-0.56,13.44
2018-05-17,2018,Q2,5,May,2018-05,154834948327.65,339234493,4271428.0,0.49353163265306127,98,10682.7,-0.54,13.41
2018-05-18,2018,Q2,5,May,2018-05,165214934298.4,316036111,4415923.0,0.48604489795918365,98,10596.4,-0.81,14.15
2018-05-21,2018,Q2,5,May,2018-05,137226219011.55,278450848,4059020.0,0.48758775510204083,98,10516.7,-0.75,14.41
2018-05-22,2018,Q2,5,May,2018-05,151264379627.3,364968930,4596090.0,0.4636908163265306,98,10536.7,0.19,13.6
2018-05-23,2018,Q2,5,May,2018-05,159614727022.15,398215183,5071373.0,0.48350204081632653,98,10430.35,-1.01,14.16
2018-05-24,2018,Q2,5,May,2018-05,155021141785.25,390758264,4382560.0,0.44352142857142857,98,10513.85,0.8,13.14
2018-05-25,2018,Q2,5,May,2018-05,161715747124.05,361204371,5368605.0,0.4355918367346939,98,10605.15,0.87,12.64
2018-05-28,2018,Q2,5,May,2018-05,149255418214.45,361159999,4561498.0,0.44796530612244895,98,10688.65,0.79,13.06
2018-05-29,2018,Q2,5,May,2018-05,142093211185.1,309753485,4457676.0,0.4413326530612245,98,10633.3,-0.52,13.07
2018-05-30,2018,Q2,5,May,2018-05,147529275786.6,314179410,4835383.0,0.4822571428571429,98,10614.35,-0.18,13.41
2018-05-31,2018,Q2,5,May,2018-05,384289175507.7,794623837,7252158.0,0.5975724489795918,98,10736.15,1.15,13.22
2018-06-01,2018,Q2,6,June,2018-06,151023188641.55,297935796,4148077.0,0.44827551020408163,98,10696.2,-0.37,13.57
2018-06-04,2018,Q2,6,June,2018-06,161507725685.7,282770258,4422259.0,0.47014693877551017,98,10628.5,-0.63,13.88
2018-06-05,2018,Q2,6,June,2018-06,130899860080.45,266292383,4665141.0,0.488934693877551,98,10593.15,-0.33,13.32
2018-06-06,2018,Q2,6,June,2018-06,121657267208.55,269823347,4298671.0,0.4504234693877551,98,10684.65,0.86,12.55
2018-06-07,2018,Q2,6,June,2018-06,127517381198.5,275727719,4142913.0,0.48111836734693875,98,10768.35,0.78,12.78
2018-06-08,2018,Q2,6,June,2018-06,149524458179.1,314308337,4419526.0,0.47022142857142857,98,10767.65,-0.01,12.7
2018-06-11,2018,Q2,6,June,2018-06,139141610891.9,314074060,4506773.0,0.4954775510204082,98,10786.95,0.18,13.18
2018-06-12,2018,Q2,6,June,2018-06,143651962142.45,284703392,4448027.0,0.48302448979591833,98,10842.85,0.52,12.73
2018-06-13,2018,Q2,6,June,2018-06,150605466774.45,295069851,4828136.0,0.4959367346938775,98,10856.7,0.13,12.64
2018-06-14,2018,Q2,6,June,2018-06,140421997747.45,264114745,4078333.0,0.4909561224489796,98,10808.05,-0.45,12.1
2018-06-15,2018,Q2,6,June,2018-06,229207830561.75,406902943,5922211.0,0.5716387755102041,98,10817.7,0.09,12.07
2018-06-18,2018,Q2,6,June,2018-06,128781229338.6,246325832,4046720.0,0.44385816326530614,98,10799.85,-0.17,12.38
2018-06-19,2018,Q2,6,June,2018-06,143738190818.45,287911287,4696110.0,0.4969275510204082,98,10710.45,-0.83,12.92
2018-06-20,2018,Q2,6,June,2018-06,131177501288.45,267750975,4290693.0,0.512334693877551,98,10772.05,0.58,12.17
2018-06-21,2018,Q2,6,June,2018-06,142001730988.5,293969208,4974327.0,0.4938704081632653,98,10741.1,-0.29,12.45
2018-06-22,2018,Q2,6,June,2018-06,158393581359.55,310473000,4807180.0,0.47219897959183676,98,10821.85,0.75,12.02
2018-06-25,2018,Q2,6,June,2018-06,135090020898.34999,270508124,4217230.0,0.4683612244897959,98,10762.45,-0.55,12.58
2018-06-26,2018,Q2,6,June,2018-06,148933410421.2,317461174,4674389.0,0.46896836734693875,98,10769.15,0.06,12.8
2018-06-27,2018,Q2,6,June,2018-06,162704936508.6,336812215,5099845.0,0.47555102040816327,98,10671.4,-0.91,13.51
2018-06-28,2018,Q2,6,June,2018-06,229761040241.55,481886489,5312070.0,0.5035377551020408,98,10589.1,-0.77,13.95
2018-06-29,2018,Q2,6,June,2018-06,170966997693.95,338507476,5303598.0,0.48044897959183674,98,10714.3,1.18,12.94
2018-07-02,2018,Q3,7,July,2018-07,155141308270.19998,387295128,4162672.0,0.4498938775510204,98,10657.3,-0.53,13.37
2018-07-03,2018,Q3,7,July,2018-07,131124698574.65,281996702,4018726.0,0.4302642857142857,98,10699.9,0.4,13.0
2018-07-04,2018,Q3,7,July,2018-07,141541533778.05002,254265867,3924015.0,0.4261744897959183,98,10769.9,0.65,12.66
2018-07-05,2018,Q3,7,July,2018-07,158162949064.25,283176423,4257524.0,0.43854795918367345,98,10749.75,-0.19,12.58
2018-07-06,2018,Q3,7,July,2018-07,158064272205.35,313507858,4395801.0,0.4208673469387755,98,10772.65,0.21,12.44
2018-07-09,2018,Q3,7,July,2018-07,120080339627.0,231981666,3758216.0,0.4497010204081633,98,10852.9,0.74,12.39
2018-07-10,2018,Q3,7,July,2018-07,149339656761.35,260992390,4590935.0,0.4524020408163265,98,10947.25,0.87,12.4
2018-07-11,2018,Q3,7,July,2018-07,179431621041.3,284999297,4693660.0,0.4536193877551021,98,10948.3,0.01,12.78
2018-07-12,2018,Q3,7,July,2018-07,178472023278.35,314448652,5006331.0,0.44585,98,11023.2,0.68,12.5
2018-07-13,2018,Q3,7,July,2018-07,166721465666.5,305544566,4452018.0,0.44579489795918364,98,11018.9,-0.04,12.3
2018-07-16,2018,Q3,7,July,2018-07,159269377064.8,289361446,4448616.0,0.4507816326530612,98,10936.85,-0.74,12.95
2018-07-17,2018,Q3,7,July,2018-07,148806477572.8,308644491,4547928.0,0.449184693877551,98,11008.05,0.65,12.82
2018-07-18,2018,Q3,7,July,2018-07,158796694574.05,342517134,4994464.0,0.43136632653061224,98,10980.45,-0.25,13.68
2018-07-19,2018,Q3,7,July,2018-07,139293505067.35,294552444,4296325.0,0.40547244897959184,98,10957.1,-0.21,13.59
2018-07-20,2018,Q3,7,July,2018-07,164077287554.7,259930684,4439990.0,0.4352295918367347,98,11010.2,0.48,13.54
2018-07-23,2018,Q3,7,July,2018-07,179556451041.15,337559429,4752021.0,0.43609489795918366,98,11084.75,0.68,13.0
2018-07-24,2018,Q3,7,July,2018-07,181951152441.1,345312904,5117045.0,0.44568367346938775,98,11134.3,0.45,12.47
2018-07-25,2018,Q3,7,July,2018-07,156173316237.75,320751180,4598097.0,0.44556530612244893,98,11132.0,-0.02,12.21
2018-07-26,2018,Q3,7,July,2018-07,260839076863.3,538504964,5923590.0,0.48484285714285713,98,11167.3,0.32,12.03
2018-07-27,2018,Q3,7,July,2018-07,189926013262.4,473843757,4972684.0,0.4226734693877551,98,11278.35,0.99,12.31
2018-07-30,2018,Q3,7,July,2018-07,189506574976.8,484269397,4871860.0,0.4433357142857143,98,11319.55,0.37,12.58
2018-07-31,2018,Q3,7,July,2018-07,202151963672.7,421689156,5418959.0,0.45052755102040815,98,11356.5,0.33,12.48
2018-08-01,2018,Q3,8,August,2018-08,179246631299.15,416092231,5105261.0,0.43037142857142857,98,11346.2,-0.09,12.53
2018-08-02,2018,Q3,8,August,2018-08,157102771238.2,314882637,4709713.0,0.4116204081632653,98,11244.7,-0.89,12.56
2018-08-03,2018,Q3,8,August,2018-08,156469756281.25,328819462,4221528.0,0.43356428571428574,98,11360.8,1.03,12.08
2018-08-06,2018,Q3,8,August,2018-08,179560197349.5,327776912,4563168.0,0.4390494949494949,99,11387.1,0.23,12.56
2018-08-07,2018,Q3,8,August,2018-08,167615955583.15,437506621,4639708.0,0.4064434343434344,99,11389.45,0.02,12.58
2018-08-08,2018,Q3,8,August,2018-08,156752618958.65,337615819,4426535.0,0.4334090909090909,99,11450.0,0.53,12.54
2018-08-09,2018,Q3,8,August,2018-08,193791674516.05,439246371,4788265.0,0.44138686868686866,99,11470.7,0.18,12.68
2018-08-10,2018,Q3,8,August,2018-08,186037829351.2,450851911,4559899.0,0.42148080808080807,99,11429.5,-0.36,12.85
2018-08-13,2018,Q3,8,August,2018-08,155301242485.6,342386331,4465241.0,0.42205050505050506,99,11355.75,-0.65,13.4
2018-08-14,2018,Q3,8,August,2018-08,169116465605.0,317658020,4718797.0,0.4429757575757576,99,11435.1,0.7,13.28
2018-08-16,2018,Q3,8,August,2018-08,200577886219.05,394975826,5529927.0,0.47672020202020204,99,11385.05,-0.44,13.64
2018-08-17,2018,Q3,8,August,2018-08,164717124452.8,324291647,5022120.0,0.4388656565656565,99,11470.75,0.75,13.16
2018-08-20,2018,Q3,8,August,2018-08,174664110470.25,330590579,5311154.0,0.44064545454545456,99,11551.75,0.71,13.03
2018-08-21,2018,Q3,8,August,2018-08,171437462143.5,319091379,4712917.0,0.4521151515151515,99,11570.9,0.17,12.9
2018-08-23,2018,Q3,8,August,2018-08,207174626994.55,357840527,6301516.0,0.45978989898989897,99,11582.75,0.1,12.76
2018-08-24,2018,Q3,8,August,2018-08,168142151640.4,338988164,4524430.0,0.4128707070707071,99,11557.1,-0.22,12.41
2018-08-27,2018,Q3,8,August,2018-08,156977952773.45,308294181,4308314.0,0.43236969696969696,99,11691.95,1.17,12.24
2018-08-28,2018,Q3,8,August,2018-08,168651148765.4,324282007,4668257.0,0.4473171717171717,99,11738.5,0.4,12.42
2018-08-29,2018,Q3,8,August,2018-08,183370010878.45,358310699,4520682.0,0.43796666666666667,99,11691.9,-0.4,12.44
2018-08-30,2018,Q3,8,August,2018-08,227094757971.55,440580906,4798665.0,0.4977717171717172,99,11676.8,-0.13,12.41
2018-08-31,2018,Q3,8,August,2018-08,247374757443.15,406376674,6054270.0,0.4695909090909091,99,11680.5,0.03,12.6
2018-09-03,2018,Q3,9,September,2018-09,192374806017.4,322695152,4539058.0,0.42626767676767674,99,11582.35,-0.84,13.39
2018-09-04,2018,Q3,9,September,2018-09,195967435572.5,345019954,5000031.0,0.4273717171717172,99,11520.3,-0.54,13.78
2018-09-05,2018,Q3,9,September,2018-09,199724876499.8,354635505,5602323.0,0.42574747474747476,99,11476.95,-0.38,13.65
2018-09-06,2018,Q3,9,September,2018-09,201753861326.35,356180243,5454247.0,0.42928585858585855,99,11536.9,0.52,13.72
2018-09-07,2018,Q3,9,September,2018-09,212152530373.30002,380800196,5810829.0,0.4158191919191919,99,11589.1,0.45,13.89
2018-09-10,2018,Q3,9,September,2018-09,193186432377.5,358759298,5283216.0,0.4525424242424242,99,11438.1,-1.3,15.2
2018-09-11,2018,Q3,9,September,2018-09,223688911233.3,419602963,5667239.0,0.3864272727272727,99,11287.5,-1.32,15.33
2018-09-12,2018,Q3,9,September,2018-09,196556027916.7,403633185,5892019.0,0.3991464646464647,99,11369.9,0.73,14.25
2018-09-14,2018,Q3,9,September,2018-09,192226999509.2,350751258,5715266.0,0.43935959595959595,99,11515.2,1.28,13.84
2018-09-17,2018,Q3,9,September,2018-09,150584697424.25,293085588,4375262.0,0.4158818181818182,99,11377.75,-1.19,14.5
2018-09-18,2018,Q3,9,September,2018-09,182256092891.4,456057253,5106353.0,0.4144818181818181,99,11278.9,-0.87,14.42
2018-09-19,2018,Q3,9,September,2018-09,201549039141.6,444159456,5728114.0,0.41555757575757574,99,11234.35,-0.39,14.0
2018-09-21,2018,Q3,9,September,2018-09,334229142916.7,633899706,7690650.0,0.48836161616161616,99,11143.1,-0.81,15.54
2018-09-24,2018,Q3,9,September,2018-09,235801679929.2,419051435,6280956.0,0.4469343434343434,99,10967.4,-1.58,17.43
2018-09-25,2018,Q3,9,September,2018-09,233135489648.2,463349176,6711758.0,0.4179959595959596,99,11067.45,0.91,16.68
2018-09-26,2018,Q3,9,September,2018-09,186607657799.75,392852128,5505724.0,0.4331848484848485,99,11053.8,-0.12,17.09
2018-09-27,2018,Q3,9,September,2018-09,247331272855.0,475198966,5852569.0,0.5080737373737374,99,10977.55,-0.69,16.92
2018-09-28,2018,Q3,9,September,2018-09,243051520425.45,504926870,6875935.0,0.48218686868686866,99,10930.45,-0.43,17.0
2018-10-01,2018,Q4,10,October,2018-10,206511864669.2,394036634,5789534.0,0.433849494949495,99,11008.3,0.71,16.83
2018-10-03,2018,Q4,10,October,2018-10,221379293309.0,421218278,6980533.0,0.43236868686868685,99,10858.25,-1.36,18.12
2018-10-04,2018,Q4,10,October,2018-10,259773015493.44998,492734207,7433027.0,0.44777244897959184,98,10599.25,-2.39,18.92
2018-10-05,2018,Q4,10,October,2018-10,274796576500.7,707852670,8195933.0,0.4308102040816327,98,10316.45,-2.67,19.73
2018-10-08,2018,Q4,10,October,2018-10,231865510547.2,498562141,8171231.0,0.4140051020408163,98,10348.05,0.31,20.15
2018-10-09,2018,Q4,10,October,2018-10,206494400000.75,499821562,6844768.0,0.4079969387755102,98,10301.05,-0.45,19.75
2018-10-10,2018,Q4,10,October,2018-10,221003886104.85,462790007,6765405.0,0.4195214285714286,98,10460.1,1.54,17.91
2018-10-11,2018,Q4,10,October,2018-10,225969492007.45,505373893,8184642.0,0.41556632653061226,98,10234.65,-2.16,20.55
2018-10-12,2018,Q4,10,October,2018-10,207855716689.65,409819431,6654870.0,0.4148367346938775,98,10472.5,2.32,18.63
2018-10-15,2018,Q4,10,October,2018-10,162968962383.2,321737370,5037917.0,0.37728877551020407,98,10512.5,0.38,18.89
2018-10-16,2018,Q4,10,October,2018-10,173405920927.05002,339234469,4999744.0,0.4104938775510204,98,10584.75,0.69,17.37
2018-10-17,2018,Q4,10,October,2018-10,183673499080.6,345136353,5151265.0,0.3851938775510204,98,10453.05,-1.24,17.98
2018-10-19,2018,Q4,10,October,2018-10,209959919407.35,395672170,6624931.0,0.42994489795918367,98,10303.55,-1.43,19.79
2018-10-22,2018,Q4,10,October,2018-10,178966723810.9,330665128,5346245.0,0.3993255102040816,98,10245.3,-0.57,21.36
2018-10-23,2018,Q4,10,October,2018-10,194889299610.45,351321996,5990283.0,0.4402989795918367,98,10146.8,-0.96,19.04
2018-10-24,2018,Q4,10,October,2018-10,213209196083.4,406476201,6544398.0,0.4145989795918367,98,10224.8,0.77,18.88
2018-10-25,2018,Q4,10,October,2018-10,263784943679.6,634656937,6645795.0,0.48177244897959187,98,10124.9,-0.98,18.96
2018-10-26,2018,Q4,10,October,2018-10,171557863680.55,376982922,5442062.0,0.4166602040816327,98,10030.0,-0.94,19.23
2018-10-29,2018,Q4,10,October,2018-10,208946022488.6,462074943,5766133.0,0.42844489795918367,98,10250.9,2.2,19.83
2018-10-30,2018,Q4,10,October,2018-10,177389538967.85,411843397,5558289.0,0.3959656565656566,99,10198.4,-0.51,20.5
2018-10-31,2018,Q4,10,October,2018-10,249686201623.55,484720597,7403336.0,0.444849494949495,99,10386.6,1.85,19.8
2018-11-01,2018,Q4,11,November,2018-11,209962730165.69998,408400971,5926232.0,0.4002828282828283,99,10380.45,-0.06,19.19
2018-11-02,2018,Q4,11,November,2018-11,251921104973.2,592028772,6922162.0,0.4209727272727273,99,10553.0,1.66,18.23
2018-11-05,2018,Q4,11,November,2018-11,166022069818.35,380763138,5608483.0,0.3944828282828283,99,10524.0,-0.27,19.48
2018-11-06,2018,Q4,11,November,2018-11,159031913265.1,366338831,5010917.0,0.40949595959595964,99,10530.0,0.06,18.5
2018-11-07,2018,Q4,11,November,2018-11,17441529658.7,37083968,599436.0,0.3668585858585859,99,10598.4,0.65,17.88
2018-11-09,2018,Q4,11,November,2018-11,172725400694.1,360630257,6053822.0,0.4835060606060606,99,10585.2,-0.12,17.76
2018-11-12,2018,Q4,11,November,2018-11,152986381356.15,312941582,4608516.0,0.45171414141414146,99,10482.2,-0.97,19.37
2018-11-13,2018,Q4,11,November,2018-11,156445943303.1,329678919,4878933.0,0.39919292929292927,99,10582.5,0.96,18.7
2018-11-14,2018,Q4,11,November,2018-11,231124220786.1,507308162,6646117.0,0.41954848484848484,99,10576.3,-0.06,18.83
2018-11-15,2018,Q4,11,November,2018-11,168011405519.4,343989594,5359648.0,0.4251808080808081,99,10616.7,0.38,18.45
2018-11-16,2018,Q4,11,November,2018-11,187195404877.55,400915582,5665746.0,0.44010404040404044,99,10682.2,0.62,18.35
2018-11-19,2018,Q4,11,November,2018-11,150018140658.4,313431073,4388024.0,0.44916666666666666,99,10763.4,0.76,19.25
2018-11-20,2018,Q4,11,November,2018-11,135516143529.4,309950319,4187921.0,0.419230303030303,99,10656.2,-1.0,19.25
2018-11-21,2018,Q4,11,November,2018-11,164768109542.5,335964447,4759223.0,0.41305555555555556,99,10600.05,-0.53,19.56
2018-11-22,2018,Q4,11,November,2018-11,130620029988.2,266389362,4249343.0,0.40067777777777774,99,10526.75,-0.69,19.16
2018-11-26,2018,Q4,11,November,2018-11,177391010995.0,348661763,5542520.0,0.43181010101010103,99,10628.6,0.97,20.4
2018-11-27,2018,Q4,11,November,2018-11,187132447170.0,389267156,5548813.0,0.44376767676767676,99,10685.6,0.54,18.32
2018-11-28,2018,Q4,11,November,2018-11,180630932275.5,396609911,5524067.0,0.44696464646464645,99,10728.85,0.4,17.96
2018-11-29,2018,Q4,11,November,2018-11,260929624082.4,546678179,5944592.0,0.5103121212121212,99,10858.7,1.21,18.7
2018-11-30,2018,Q4,11,November,2018-11,242094747538.6,473118391,6685391.0,0.4985545454545455,99,10876.75,0.17,19.16
2018-12-03,2018,Q4,12,December,2018-12,191107002241.5,415670492,5477769.0,0.41075050505050503,99,10883.75,0.06,18.22
2018-12-04,2018,Q4,12,December,2018-12,169095233041.3,352337834,5237786.0,0.43244646464646463,99,10869.5,-0.13,18.11
2018-12-05,2018,Q4,12,December,2018-12,168632355143.9,345922176,5255273.0,0.4062777777777778,99,10782.9,-0.8,18.39
2018-12-06,2018,Q4,12,December,2018-12,187581882808.85,384421940,6327760.0,0.4051212121212121,99,10601.15,-1.69,19.3
2018-12-07,2018,Q4,12,December,2018-12,208742236550.5,414558010,6049591.0,0.37579898989898985,99,10693.7,0.87,18.59
2018-12-10,2018,Q4,12,December,2018-12,183895278074.2,435127373,5586685.0,0.4136444444444445,99,10488.45,-1.92,20.44
2018-12-11,2018,Q4,12,December,2018-12,214295317737.0,463343696,6427662.0,0.38795555555555555,99,10549.15,0.58,17.94
2018-12-12,2018,Q4,12,December,2018-12,189857146923.35,404072191,5381071.0,0.3959636363636364,99,10737.6,1.79,15.81
2018-12-13,2018,Q4,12,December,2018-12,182832176870.6,367784145,5776442.0,0.4153212121212121,99,10791.55,0.5,15.55
2018-12-14,2018,Q4,12,December,2018-12,168571315756.45,408700116,5447534.0,0.384379797979798,99,10805.45,0.13,15.16
2018-12-17,2018,Q4,12,December,2018-12,143944474969.45,330844546,4487535.0,0.3978111111111111,99,10888.35,0.77,14.54
2018-12-18,2018,Q4,12,December,2018-12,161715977854.25,367546238,4942482.0,0.41726969696969696,99,10908.7,0.19,14.58
2018-12-19,2018,Q4,12,December,2018-12,203855351330.0,402357856,6181219.0,0.44737777777777776,99,10967.3,0.54,14.66
2018-12-20,2018,Q4,12,December,2018-12,156916639435.3,352018960,4715852.0,0.37862121212121214,99,10951.7,-0.14,14.33
2018-12-21,2018,Q4,12,December,2018-12,212414784053.0,455842973,5933156.0,0.45906767676767674,99,10754.0,-1.81,15.99
2018-12-24,2018,Q4,12,December,2018-12,128186758564.35,286966299,3901851.0,0.3459838383838384,99,10663.5,-0.84,15.75
2018-12-26,2018,Q4,12,December,2018-12,147063823474.9,317836502,4206131.0,0.3166090909090909,99,10729.85,0.62,15.92
2018-12-27,2018,Q4,12,December,2018-12,211778947691.4,544696603,4685146.0,0.41555252525252523,99,10779.8,0.47,16.07
2018-12-28,2018,Q4,12,December,2018-12,146296321287.55,299672962,4088184.0,0.35330101010101006,99,10859.9,0.74,15.27
2018-12-31,2018,Q4,12,December,2018-12,122907675749.05,232372857,3508286.0,0.3469141414141414,99,10862.55,0.02,16.0
2019-01-01,2019,Q1,1,January,2019-01,103257337748.9,211035268,2170379.0,0.2736212121212121,99,10910.1,0.44,15.32
2019-01-02,2019,Q1,1,January,2019-01,171825214095.69998,370461343,4454471.0,0.3701242424242424,99,10792.5,-1.08,16.39
2019-01-03,2019,Q1,1,January,2019-01,174716450738.95,366168681,5326142.0,0.3976868686868687,99,10672.25,-1.11,16.79
2019-01-04,2019,Q1,1,January,2019-01,164265846973.55,348606957,4968256.0,0.36649393939393937,99,10727.35,0.52,16.16
2019-01-07,2019,Q1,1,January,2019-01,145997722182.35,311489093,3843932.0,0.43316363636363636,99,10771.8,0.41,16.3
2019-01-08,2019,Q1,1,January,2019-01,154648245099.7,308697583,4411519.0,0.41996161616161615,99,10802.15,0.28,15.7
2019-01-09,2019,Q1,1,January,2019-01,177309194032.05,356833225,5286901.0,0.4200252525252526,99,10855.15,0.49,15.27
2019-01-10,2019,Q1,1,January,2019-01,145654313532.7,304607690,4459285.0,0.4311484848484849,99,10821.6,-0.31,15.34
2019-01-11,2019,Q1,1,January,2019-01,151026845682.2,294849508,4196872.0,0.3999555555555555,99,10794.95,-0.25,15.35
2019-01-14,2019,Q1,1,January,2019-01,137040337440.8,274047846,4086751.0,0.4330383838383839,99,10737.6,-0.53,16.16
2019-01-15,2019,Q1,1,January,2019-01,157668466097.4,287560009,4096586.0,0.4342565656565656,99,10886.8,1.39,15.58
2019-01-16,2019,Q1,1,January,2019-01,142425287963.25,292828736,4235842.0,0.43008383838383835,99,10890.3,0.03,16.08
2019-01-17,2019,Q1,1,January,2019-01,143565222030.55002,288130321,4249845.0,0.43704343434343434,99,10905.2,0.14,16.24
2019-01-18,2019,Q1,1,January,2019-01,179249309082.35,345677806,5209960.0,0.42391717171717175,99,10906.95,0.02,16.62
2019-01-21,2019,Q1,1,January,2019-01,190484579473.15,323116175,5096140.0,0.38392727272727273,99,10961.85,0.5,18.15
2019-01-22,2019,Q1,1,January,2019-01,200915695720.05,340220135,5792583.0,0.42264949494949494,99,10922.75,-0.36,17.99
2019-01-23,2019,Q1,1,January,2019-01,170702728569.05,338220198,4698526.0,0.4044919191919192,99,10831.5,-0.84,18.08
2019-01-24,2019,Q1,1,January,2019-01,164884919357.1,314483672,4816709.0,0.4050030303030303,99,10849.8,0.17,17.43
2019-01-25,2019,Q1,1,January,2019-01,197908440690.85,375404681,5604268.0,0.4234434343434343,99,10780.55,-0.64,17.69
2019-01-28,2019,Q1,1,January,2019-01,229243236919.5,452050524,6653532.0,0.43966161616161614,99,10661.55,-1.1,18.9
2019-01-29,2019,Q1,1,January,2019-01,192483786814.85,354854488,5767121.0,0.44807878787878785,99,10652.2,-0.09,18.43
2019-01-30,2019,Q1,1,January,2019-01,220382404094.75,425019622,6262975.0,0.4446363636363636,99,10651.8,-0.0,17.85
2019-01-31,2019,Q1,1,January,2019-01,292037792659.75,635381927,6958560.0,0.5313858585858586,99,10830.95,1.68,17.12
2019-02-01,2019,Q1,2,February,2019-02,238317708080.69998,439575744,6321853.0,0.41478686868686865,99,10893.65,0.58,15.72
2019-02-04,2019,Q1,2,February,2019-02,166418528844.0,325150134,5107155.0,0.39398585858585855,99,10912.25,0.17,15.72
2019-02-05,2019,Q1,2,February,2019-02,155921033900.25,351897311,4542349.0,0.36307676767676766,99,10934.35,0.2,15.78
2019-02-06,2019,Q1,2,February,2019-02,176961100742.55,344663685,5143518.0,0.43017272727272726,99,11062.45,1.17,15.63
2019-02-07,2019,Q1,2,February,2019-02,165043124107.15,320661914,4706431.0,0.3889343434343434,99,11069.4,0.06,15.44
2019-02-08,2019,Q1,2,February,2019-02,171928975816.5,401942893,5091926.0,0.39897676767676765,99,10943.6,-1.14,15.57
2019-02-11,2019,Q1,2,February,2019-02,155439955585.95,330759838,4518039.0,0.42044444444444445,99,10888.8,-0.5,15.84
2019-02-12,2019,Q1,2,February,2019-02,160283249125.85,349380043,4992638.0,0.43391515151515153,99,10831.4,-0.53,15.75
2019-02-13,2019,Q1,2,February,2019-02,177102398688.85,373112487,5298600.0,0.4232070707070707,99,10793.65,-0.35,15.73
2019-02-14,2019,Q1,2,February,2019-02,173835045657.4,444917163,5626982.0,0.41642727272727276,99,10746.05,-0.44,15.77
2019-02-15,2019,Q1,2,February,2019-02,212520477309.9,464635774,5989955.0,0.4306141414141414,99,10724.4,-0.2,16.46
2019-02-18,2019,Q1,2,February,2019-02,156672186824.05002,326451229,4771555.0,0.407640404040404,99,10640.95,-0.78,18.0
2019-02-19,2019,Q1,2,February,2019-02,157616000812.9,348964983,4395401.0,0.3689353535353535,99,10604.35,-0.34,18.47
2019-02-20,2019,Q1,2,February,2019-02,146918391366.15,305654024,4674775.0,0.41934848484848486,99,10735.45,1.24,17.06
2019-02-21,2019,Q1,2,February,2019-02,162824528862.9,347920176,5187996.0,0.4094,99,10789.85,0.51,16.05
2019-02-22,2019,Q1,2,February,2019-02,248735842695.65,413161322,4770656.0,0.42563535353535353,99,10791.65,0.02,15.45
2019-02-25,2019,Q1,2,February,2019-02,184454917513.69998,464326892,5757215.0,0.43846969696969695,99,10880.1,0.82,15.36
2019-02-26,2019,Q1,2,February,2019-02,203124797263.6,433009051,5369644.0,0.42796565656565655,99,10835.3,-0.41,17.11
2019-02-27,2019,Q1,2,February,2019-02,198896935752.15,408051228,5976163.0,0.40453333333333336,99,10806.65,-0.26,18.9
2019-02-28,2019,Q1,2,February,2019-02,296382139497.15,741433738,6349937.0,0.5173414141414141,99,10792.5,-0.13,18.28
2019-03-01,2019,Q1,3,March,2019-03,176662249853.0,398301345,4862747.0,0.4218191919191919,99,10863.5,0.66,16.27
2019-03-05,2019,Q1,3,March,2019-03,201406963170.35,468309924,7359475.0,0.45339090909090907,99,10987.45,1.14,15.66
2019-03-06,2019,Q1,3,March,2019-03,207358356280.9,442469265,5821099.0,0.43694646464646464,99,11053.0,0.6,15.61
2019-03-07,2019,Q1,3,March,2019-03,178499152915.65,444086017,5290703.0,0.42736767676767673,99,11058.2,0.05,15.29
2019-03-08,2019,Q1,3,March,2019-03,163711254449.75,414538336,4876816.0,0.40121313131313135,99,11035.4,-0.21,14.94
2019-03-11,2019,Q1,3,March,2019-03,203407682025.85,435881093,5530541.0,0.4798656565656566,99,11168.05,1.2,14.9
2019-03-12,2019,Q1,3,March,2019-03,252520156202.4,504252426,6514834.0,0.45060505050505056,99,11301.2,1.19,15.1
2019-03-13,2019,Q1,3,March,2019-03,241139974213.95,454427773,5584470.0,0.4328505050505051,99,11341.7,0.36,15.28
2019-03-14,2019,Q1,3,March,2019-03,174744267929.2,334225245,4851404.0,0.4115040404040404,99,11343.25,0.01,15.15
2019-03-15,2019,Q1,3,March,2019-03,284743266928.8,565716737,5986358.0,0.5243313131313131,99,11426.85,0.74,15.86
2019-03-18,2019,Q1,3,March,2019-03,192979368883.55,398966132,5212424.0,0.40663737373737374,99,11462.2,0.31,16.9
2019-03-19,2019,Q1,3,March,2019-03,194175577138.35,479061561,5423852.0,0.43485656565656566,99,11532.4,0.61,16.49
2019-03-20,2019,Q1,3,March,2019-03,210328889495.5,503118650,5458347.0,0.4663747474747475,99,11521.05,-0.1,16.03
2019-03-22,2019,Q1,3,March,2019-03,229427645272.8,527720469,6041551.0,0.46508686868686866,99,11456.9,-0.56,16.27
2019-03-25,2019,Q1,3,March,2019-03,169008669853.95,383449094,4376500.0,0.46056868686868685,99,11354.25,-0.9,16.67
2019-03-26,2019,Q1,3,March,2019-03,183909208799.2,402926131,4767166.0,0.4482020202020202,99,11483.25,1.14,16.49
2019-03-27,2019,Q1,3,March,2019-03,208076938119.8,417820198,5454163.0,0.4486272727272727,99,11445.05,-0.33,17.05
2019-03-28,2019,Q1,3,March,2019-03,304049534165.5,656255769,6569791.0,0.5228343434343434,99,11570.0,1.09,16.65
2019-03-29,2019,Q1,3,March,2019-03,243259579491.35,554564170,6390758.0,0.4520222222222222,99,11623.9,0.47,17.18
2019-04-01,2019,Q2,4,April,2019-04,218633156860.1,513204995,6296120.0,0.43299797979797977,99,11669.15,0.39,18.0
2019-04-02,2019,Q2,4,April,2019-04,220173276193.3,526254338,5965091.0,0.4437121212121212,99,11713.2,0.38,18.08
2019-04-03,2019,Q2,4,April,2019-04,218643699075.2,503190807,5641959.0,0.46236666666666665,99,11643.95,-0.59,18.78
2019-04-04,2019,Q2,4,April,2019-04,210131899845.7,429070221,5739710.0,0.43906868686868683,99,11598.0,-0.39,18.65
2019-04-05,2019,Q2,4,April,2019-04,164589089430.9,338425871,4521036.0,0.4100343434343435,99,11665.95,0.59,18.39
2019-04-08,2019,Q2,4,April,2019-04,168438633528.1,427477533,4718341.0,0.4193969696969697,99,11604.5,-0.53,20.15
2019-04-09,2019,Q2,4,April,2019-04,171413969815.0,369682757,5302358.0,0.4007252525252525,99,11671.95,0.58,20.28
2019-04-10,2019,Q2,4,April,2019-04,240795180879.5,425079671,5133676.0,0.4388010101010101,99,11584.3,-0.75,21.13
2019-04-11,2019,Q2,4,April,2019-04,165447211903.4,341230906,4728113.0,0.43097878787878785,99,11596.7,0.11,20.96
2019-04-12,2019,Q2,4,April,2019-04,163575169372.4,326480137,4529328.0,0.4293777777777778,99,11643.45,0.4,21.0
2019-04-15,2019,Q2,4,April,2019-04,177565491452.35,359220549,4465548.0,0.43814040404040405,99,11690.35,0.4,21.39
2019-04-16,2019,Q2,4,April,2019-04,209065414096.3,431822421,5813189.0,0.46115252525252526,99,11787.15,0.83,21.69
2019-04-18,2019,Q2,4,April,2019-04,212850939398.35,410646086,5678209.0,0.4211888888888889,99,11752.8,-0.29,22.74
2019-04-22,2019,Q2,4,April,2019-04,149695936061.8,303263007,4016873.0,0.4014828282828283,99,11594.45,-1.35,24.05
2019-04-23,2019,Q2,4,April,2019-04,161927238027.6,319725159,4591898.0,0.4226777777777778,99,11575.95,-0.16,24.64
2019-04-24,2019,Q2,4,April,2019-04,196979873932.3,390486338,5431690.0,0.4476171717171717,99,11726.15,1.3,23.71
2019-04-25,2019,Q2,4,April,2019-04,312064858488.5,682928061,5970342.0,0.49489696969696967,99,11641.8,-0.72,23.23
2019-04-26,2019,Q2,4,April,2019-04,205976396764.55002,376662304,5212365.0,0.42609898989898987,99,11754.65,0.97,21.72
2019-04-30,2019,Q2,4,April,2019-04,233556862738.1,443855927,6361612.0,0.5008272727272727,99,11748.15,-0.06,21.83
2019-05-02,2019,Q2,5,May,2019-05,197620679446.1,377626309,5614473.0,0.4223555555555556,99,11724.75,-0.2,22.98
2019-05-03,2019,Q2,5,May,2019-05,179096841107.4,364054741,5274655.0,0.4287282828282828,99,11712.25,-0.11,24.03
2019-05-06,2019,Q2,5,May,2019-05,166659391926.0,334878699,4660953.0,0.45445454545454544,99,11598.25,-0.97,26.43
2019-05-07,2019,Q2,5,May,2019-05,191875441127.25,391095118,5284651.0,0.44197676767676763,99,11497.9,-0.87,26.48
2019-05-08,2019,Q2,5,May,2019-05,196824827877.8,405421989,5886249.0,0.4484757575757575,99,11359.45,-1.2,26.36
2019-05-09,2019,Q2,5,May,2019-05,189570610253.3,369231839,5675214.0,0.4283515151515151,99,11301.8,-0.51,25.49
2019-05-10,2019,Q2,5,May,2019-05,196874220633.65,411195984,5642563.0,0.41214646464646465,99,11278.9,-0.2,26.33
2019-05-13,2019,Q2,5,May,2019-05,183800507305.1,399836028,5179323.0,0.40753636363636364,99,11148.2,-1.16,27.38
2019-05-14,2019,Q2,5,May,2019-05,217959450555.75,434735565,6539601.0,0.43114141414141416,99,11222.05,0.66,27.13
2019-05-15,2019,Q2,5,May,2019-05,193048378729.15,400030380,6000655.0,0.4311070707070707,99,11157.0,-0.58,28.66
2019-05-16,2019,Q2,5,May,2019-05,189883828225.4,389630685,5903645.0,0.4124989898989899,99,11257.1,0.9,28.37
2019-05-17,2019,Q2,5,May,2019-05,233988850351.5,417985485,6438473.0,0.43009898989898987,99,11407.15,1.33,28.08
2019-05-20,2019,Q2,5,May,2019-05,277360851018.6,506520097,7008856.0,0.4507393939393939,99,11828.25,3.69,23.67
2019-05-21,2019,Q2,5,May,2019-05,239736197125.05,461250436,6728584.0,0.43905858585858587,99,11709.1,-1.01,25.65
2019-05-22,2019,Q2,5,May,2019-05,217418430104.65,422819597,6375345.0,0.44628585858585856,99,11737.9,0.25,27.63
2019-05-23,2019,Q2,5,May,2019-05,354543982997.1,714657237,9027894.0,0.4700464646464646,99,11657.05,-0.69,19.41
2019-05-24,2019,Q2,5,May,2019-05,246374457781.25,521532297,6410966.0,0.44532727272727274,99,11844.1,1.6,16.47
2019-05-27,2019,Q2,5,May,2019-05,228007878286.55002,451026220,5608184.0,0.41168686868686866,99,11924.75,0.68,16.19
2019-05-28,2019,Q2,5,May,2019-05,359096532916.35,763256554,8314391.0,0.5076767676767676,99,11928.75,0.03,15.92
2019-05-29,2019,Q2,5,May,2019-05,198353169179.45,460004169,5565742.0,0.4269,99,11861.1,-0.57,16.41
2019-05-30,2019,Q2,5,May,2019-05,245056926809.7,532686345,5375632.0,0.47345959595959597,99,11945.9,0.71,15.61
2019-05-31,2019,Q2,5,May,2019-05,269286464970.45,536056829,6754659.0,0.4510818181818182,99,11922.8,-0.19,16.07
2019-06-03,2019,Q2,6,June,2019-06,213993110239.85,421040974,5642016.0,0.4340323232323232,99,12088.55,1.39,15.97
2019-06-04,2019,Q2,6,June,2019-06,186172097981.3,382346357,5271814.0,0.42294545454545457,99,12021.65,-0.55,15.63
2019-06-06,2019,Q2,6,June,2019-06,243592575517.9,509734993,6679623.0,0.46818383838383837,99,11843.75,-1.48,15.52
2019-06-07,2019,Q2,6,June,2019-06,165013687641.15,345719914,4703347.0,0.37069494949494947,99,11870.65,0.23,14.86
2019-06-10,2019,Q2,6,June,2019-06,148867666595.2,336538078,4627333.0,0.3983,99,11922.7,0.44,14.86
2019-06-11,2019,Q2,6,June,2019-06,152754878375.9,324288290,4735260.0,0.41422222222222227,99,11965.6,0.36,14.49
2019-06-12,2019,Q2,6,June,2019-06,142935258209.9,295309438,4245357.0,0.4189090909090909,99,11906.2,-0.5,14.12
2019-06-13,2019,Q2,6,June,2019-06,169784940161.65,354025540,4750505.0,0.43969090909090913,99,11914.05,0.07,13.66
2019-06-14,2019,Q2,6,June,2019-06,155852575021.3,307660602,4540872.0,0.43573131313131314,99,11823.3,-0.76,13.9
2019-06-17,2019,Q2,6,June,2019-06,178726628804.0,317824836,4248453.0,0.428649494949495,99,11672.15,-1.28,14.65
2019-06-18,2019,Q2,6,June,2019-06,180164171303.5,353087158,5633295.0,0.4163434343434343,99,11691.5,0.17,14.6
2019-06-19,2019,Q2,6,June,2019-06,174391112756.65,374006361,5221274.0,0.42334646464646464,99,11691.45,-0.0,14.73
2019-06-20,2019,Q2,6,June,2019-06,187626835152.1,347543610,5250697.0,0.4247262626262626,99,11831.75,1.2,14.0
2019-06-21,2019,Q2,6,June,2019-06,248869826800.8,455703956,5629077.0,0.5445050505050505,99,11724.1,-0.91,14.61
2019-06-24,2019,Q2,6,June,2019-06,137765800400.8,272799592,4178826.0,0.399759595959596,99,11699.65,-0.21,15.22
2019-06-25,2019,Q2,6,June,2019-06,182306633425.9,348195350,4886488.0,0.42009090909090907,99,11796.45,0.83,15.01
2019-06-26,2019,Q2,6,June,2019-06,172212289515.95,355503588,4644580.0,0.4245424242424242,99,11847.55,0.43,14.75
2019-06-27,2019,Q2,6,June,2019-06,266988036378.05,580276935,5798376.0,0.47688686868686864,99,11841.55,-0.05,14.64
2019-06-28,2019,Q2,6,June,2019-06,186400271380.4,432423386,5004167.0,0.44492525252525256,99,11788.85,-0.45,14.95
2019-07-01,2019,Q3,7,July,2019-07,149805640922.15,335677747,4332141.0,0.3863979797979798,99,11865.6,0.65,14.6
2019-07-02,2019,Q3,7,July,2019-07,138359590273.35,279163068,3938346.0,0.3983979797979798,99,11910.3,0.38,14.25
2019-07-03,2019,Q3,7,July,2019-07,147934567593.2,316626473,4159936.0,0.41779696969696967,99,11916.75,0.05,13.7
2019-07-04,2019,Q3,7,July,2019-07,156647610499.15,321402856,4155275.0,0.4182717171717172,99,11946.75,0.25,13.53
2019-07-05,2019,Q3,7,July,2019-07,205553238143.5,456834237,5429552.0,0.394769696969697,99,11811.15,-1.14,13.06
2019-07-08,2019,Q3,7,July,2019-07,203056117512.95,432417490,5590668.0,0.41804848484848484,99,11558.6,-2.14,13.85
2019-07-09,2019,Q3,7,July,2019-07,232462835930.6,429781754,6205371.0,0.40470707070707074,99,11555.9,-0.02,13.69
2019-07-10,2019,Q3,7,July,2019-07,193865887403.65,366197140,5625547.0,0.397240404040404,99,11498.9,-0.49,13.64
2019-07-11,2019,Q3,7,July,2019-07,178071359600.5,340741681,5309081.0,0.38985555555555557,99,11582.9,0.73,12.47
2019-07-12,2019,Q3,7,July,2019-07,205520946807.75,467175495,5528669.0,0.4097212121212121,99,11552.5,-0.26,12.0
2019-07-15,2019,Q3,7,July,2019-07,174470936485.7,318520365,5221279.0,0.4006262626262626,99,11588.35,0.31,12.02
2019-07-16,2019,Q3,7,July,2019-07,169652249783.1,342741792,5314888.0,0.4150060606060606,99,11662.6,0.64,11.56
2019-07-17,2019,Q3,7,July,2019-07,165025800823.8,319393501,4826400.0,0.39708282828282826,99,11687.5,0.21,11.8
2019-07-18,2019,Q3,7,July,2019-07,183170037228.3,369183910,5893412.0,0.43826666666666664,99,11596.9,-0.78,11.75
2019-07-19,2019,Q3,7,July,2019-07,219464786781.0,438870068,6458474.0,0.40502828282828285,99,11419.25,-1.53,12.52
2019-07-22,2019,Q3,7,July,2019-07,208777463615.85,388882335,6177398.0,0.3960868686868687,99,11346.2,-0.64,13.01
2019-07-23,2019,Q3,7,July,2019-07,212780591557.45,412084497,6083854.0,0.4343989898989899,99,11331.05,-0.13,13.43
2019-07-24,2019,Q3,7,July,2019-07,226010921721.45,427698550,6619360.0,0.42343636363636367,99,11271.3,-0.53,12.76
2019-07-25,2019,Q3,7,July,2019-07,281523387671.95,563155208,7422559.0,0.43453838383838383,99,11252.15,-0.17,12.64
2019-07-26,2019,Q3,7,July,2019-07,218963267811.2,471269940,5932286.0,0.37594343434343436,99,11284.3,0.29,12.13
2019-07-29,2019,Q3,7,July,2019-07,195136937928.35,439678640,5682724.0,0.38782727272727274,99,11189.2,-0.84,13.06
2019-07-30,2019,Q3,7,July,2019-07,219083264675.0,451903683,6174399.0,0.42516767676767675,99,11085.4,-0.93,13.61
2019-07-31,2019,Q3,7,July,2019-07,252036062391.25,500843595,7158498.0,0.42178989898989894,99,11118.0,0.29,13.59
2019-08-01,2019,Q3,8,August,2019-08,229761804213.0,479212964,7420247.0,0.41907878787878783,99,10980.0,-1.24,14.56
2019-08-02,2019,Q3,8,August,2019-08,264791489793.6,571285119,7733664.0,0.3915949494949495,99,10997.35,0.16,15.19
2019-08-05,2019,Q3,8,August,2019-08,224085272695.1,476117663,7032684.0,0.3992878787878788,99,10862.6,-1.23,16.58
2019-08-06,2019,Q3,8,August,2019-08,236723348580.35,478812479,7878563.0,0.421450505050505,99,10948.25,0.79,16.12
2019-08-07,2019,Q3,8,August,2019-08,221180498488.6,491218073,6969764.0,0.3961757575757576,99,10855.5,-0.85,16.74
2019-08-08,2019,Q3,8,August,2019-08,234502768287.85,490818465,6981011.0,0.39114747474747474,99,11032.45,1.63,16.09
2019-08-09,2019,Q3,8,August,2019-08,222569609040.2,447639484,5900498.0,0.37544848484848486,99,11109.65,0.7,15.84
2019-08-13,2019,Q3,8,August,2019-08,256904594443.4,511529960,7507604.0,0.42414949494949494,99,10925.85,-1.65,17.78
2019-08-14,2019,Q3,8,August,2019-08,220362827422.95,443598885,6831763.0,0.3902464646464646,99,11029.4,0.95,16.36
2019-08-16,2019,Q3,8,August,2019-08,202180106698.7,413190953,6729052.0,0.40443535353535354,99,11047.8,0.17,16.65
2019-08-19,2019,Q3,8,August,2019-08,157190443921.7,327029921,5107900.0,0.3651979797979798,99,11053.9,0.06,16.75
2019-08-20,2019,Q3,8,August,2019-08,182679781854.75,378550940,5236090.0,0.38647070707070713,99,11017.0,-0.33,16.63
2019-08-21,2019,Q3,8,August,2019-08,181653662652.6,443374277,5310390.0,0.4004353535353535,99,10918.7,-0.89,17.02
2019-08-22,2019,Q3,8,August,2019-08,203959032648.4,540210319,6654845.0,0.4121030303030303,99,10741.35,-1.62,17.85
2019-08-23,2019,Q3,8,August,2019-08,221837832743.3,494689602,6845889.0,0.37990505050505047,99,10829.35,0.82,17.35
2019-08-26,2019,Q3,8,August,2019-08,239217405694.2,551821984,6834354.0,0.3857252525252525,99,11057.85,2.11,16.66
2019-08-27,2019,Q3,8,August,2019-08,349546002374.9,718109229,9304038.0,0.4688737373737374,99,11105.35,0.43,16.01
2019-08-28,2019,Q3,8,August,2019-08,185538745753.55,445515847,5544758.0,0.3695020202020202,99,11046.1,-0.53,16.83
2019-08-29,2019,Q3,8,August,2019-08,216866050778.95,547650674,5395804.0,0.4031212121212121,99,10948.3,-0.89,16.42
2019-08-30,2019,Q3,8,August,2019-08,234967779976.4,518834986,6723172.0,0.4058535353535353,99,11023.25,0.68,16.28
2019-09-03,2019,Q3,9,September,2019-09,191817566526.2,429119886,5823329.0,0.40064141414141413,99,10797.9,-2.04,18.06
2019-09-04,2019,Q3,9,September,2019-09,216633870604.8,485023046,6389443.0,0.3656141414141414,99,10844.65,0.43,17.24
2019-09-05,2019,Q3,9,September,2019-09,202001313918.85,524479606,6558801.0,0.36929999999999996,99,10847.9,0.03,17.27
2019-09-06,2019,Q3,9,September,2019-09,195232726438.6,475937001,5440955.0,0.3834737373737374,99,10946.2,0.91,16.27
2019-09-09,2019,Q3,9,September,2019-09,160759464270.3,341132396,4475757.0,0.358649494949495,99,11003.05,0.52,15.85
2019-09-11,2019,Q3,9,September,2019-09,224778857146.55,485210535,6322539.0,0.43754242424242423,99,11035.7,0.3,15.37
2019-09-12,2019,Q3,9,September,2019-09,190038555884.9,440485864,5410719.0,0.3972020202020202,99,10982.8,-0.48,14.9
2019-09-13,2019,Q3,9,September,2019-09,192781166235.45,473128100,5051031.0,0.36206666666666665,99,11075.9,0.85,14.12
2019-09-16,2019,Q3,9,September,2019-09,181264581431.6,393939648,5244439.0,0.371980808080808,99,11003.5,-0.65,14.95
2019-09-17,2019,Q3,9,September,2019-09,198356757328.85,435695409,5965531.0,0.4086313131313132,99,10817.6,-1.69,16.02
2019-09-18,2019,Q3,9,September,2019-09,181604675727.95,422736291,5287731.0,0.3532545454545455,99,10840.65,0.21,15.35
2019-09-19,2019,Q3,9,September,2019-09,169624420291.8,393233797,5265284.0,0.36180808080808086,99,10704.8,-1.25,15.55
2019-09-20,2019,Q3,9,September,2019-09,598189492812.0,1220794162,12983055.0,0.46035959595959597,99,11274.2,5.32,15.4
2019-09-23,2019,Q3,9,September,2019-09,459130923308.7,872224149,11725915.0,0.44250404040404034,99,11600.2,2.89,16.79
2019-09-24,2019,Q3,9,September,2019-09,303276445292.85,597437239,8514620.0,0.39699595959595957,99,11588.2,-0.1,16.73
2019-09-25,2019,Q3,9,September,2019-09,285508875381.3,605225196,8088832.0,0.42957272727272733,99,11440.2,-1.28,16.17
2019-09-26,2019,Q3,9,September,2019-09,353479684797.0,754332148,8572885.0,0.4219070707070707,99,11571.2,1.15,16.34
2019-09-27,2019,Q3,9,September,2019-09,220417936857.5,491201209,6542378.0,0.3628929292929293,99,11512.4,-0.51,16.11
2019-09-30,2019,Q3,9,September,2019-09,265019517651.3,530649948,6804640.0,0.4119050505050505,99,11474.45,-0.33,15.87
2019-10-01,2019,Q4,10,October,2019-10,314573055230.5,694362826,8186316.0,0.37438787878787877,99,11359.9,-1.0,16.76
2019-10-03,2019,Q4,10,October,2019-10,237263062103.35,581161071,7665294.0,0.39902929292929296,99,11314.0,-0.4,17.7
2019-10-04,2019,Q4,10,October,2019-10,243504220586.85,547924648,7181014.0,0.38918080808080807,99,11174.75,-1.23,17.58
2019-10-07,2019,Q4,10,October,2019-10,217621886704.5,515511401,6035345.0,0.3536838383838384,99,11126.4,-0.43,17.83
2019-10-09,2019,Q4,10,October,2019-10,249383199673.1,564287013,6958479.0,0.4003191919191919,99,11313.3,1.68,17.16
2019-10-10,2019,Q4,10,October,2019-10,231666449827.5,494478758,6242782.0,0.3790818181818182,99,11234.55,-0.7,17.23
2019-10-11,2019,Q4,10,October,2019-10,259706096264.95,549748833,6563868.0,0.35867373737373737,99,11305.05,0.63,17.14
2019-10-14,2019,Q4,10,October,2019-10,210192813680.85,517761113,5631009.0,0.3926313131313131,99,11341.15,0.32,17.43
2019-10-15,2019,Q4,10,October,2019-10,238342660366.7,502682599,6191865.0,0.3836868686868687,99,11428.3,0.77,16.85
2019-10-16,2019,Q4,10,October,2019-10,257245207950.85,500375623,6699027.0,0.39450202020202024,99,11464.0,0.31,16.36
2019-10-17,2019,Q4,10,October,2019-10,239295636999.2,520230157,6421270.0,0.4109515151515151,99,11586.35,1.07,15.88
2019-10-18,2019,Q4,10,October,2019-10,251506946889.1,564972318,6075783.0,0.40210606060606063,99,11661.85,0.65,15.93
2019-10-22,2019,Q4,10,October,2019-10,335836153045.2,618325824,9155948.0,0.42172828282828284,99,11588.35,-0.63,16.81
2019-10-23,2019,Q4,10,October,2019-10,265526738420.75,489962755,7249804.0,0.39016262626262627,99,11604.1,0.14,16.54
2019-10-24,2019,Q4,10,October,2019-10,286809377814.55,598648115,7484849.0,0.39705252525252527,99,11582.6,-0.19,16.24
2019-10-25,2019,Q4,10,October,2019-10,285648104333.45,613318501,7132734.0,0.3950474747474747,99,11583.9,0.01,15.32
2019-10-27,2019,Q4,10,October,2019-10,37893629790.45,100250140,1100028.0,0.34924646464646464,99,11627.15,0.37,15.58
2019-10-29,2019,Q4,10,October,2019-10,301029838826.05,719853996,8115608.0,0.45229393939393936,99,11786.85,1.37,16.42
2019-10-30,2019,Q4,10,October,2019-10,289966719615.25,641430516,7322767.0,0.413369696969697,99,11844.1,0.49,16.66
2019-10-31,2019,Q4,10,October,2019-10,314849791335.1,763012102,7512804.0,0.4558585858585859,99,11877.45,0.28,16.28
2019-11-01,2019,Q4,11,November,2019-11,268887384087.8,556805808,6655332.0,0.40036363636363637,99,11890.6,0.11,15.73
2019-11-04,2019,Q4,11,November,2019-11,252973552265.95,545543533,6537404.0,0.40365959595959594,99,11941.3,0.43,15.92
2019-11-05,2019,Q4,11,November,2019-11,246592034895.65,536195839,6763497.0,0.4154060606060606,99,11917.2,-0.2,15.92
2019-11-06,2019,Q4,11,November,2019-11,273861943282.75,543318732,6801099.0,0.39717979797979797,99,11966.05,0.41,15.78
2019-11-07,2019,Q4,11,November,2019-11,257777276202.19998,542568863,6142779.0,0.4180686868686868,99,12012.05,0.38,15.21
2019-11-08,2019,Q4,11,November,2019-11,276067364815.6,565606790,7020955.0,0.39741010101010105,99,11908.15,-0.86,15.86
2019-11-11,2019,Q4,11,November,2019-11,194772479292.3,430536476,5450779.0,0.3915626262626262,99,11913.45,0.04,16.25
2019-11-13,2019,Q4,11,November,2019-11,245087144070.45,500856267,6477871.0,0.44105252525252525,99,11840.45,-0.61,16.46
2019-11-14,2019,Q4,11,November,2019-11,234351594040.1,498616005,6100708.0,0.40533232323232327,99,11872.1,0.27,15.65
2019-11-15,2019,Q4,11,November,2019-11,263892877626.3,586931152,5975409.0,0.41603939393939393,99,11895.45,0.2,15.03
2019-11-18,2019,Q4,11,November,2019-11,212436537331.75,457187504,5689129.0,0.4070343434343434,99,11884.5,-0.09,15.76
2019-11-19,2019,Q4,11,November,2019-11,297828139919.75,563484296,6188923.0,0.43956060606060604,99,11940.1,0.47,15.41
2019-11-20,2019,Q4,11,November,2019-11,282524415104.2,552708715,6202361.0,0.4024757575757576,99,11999.1,0.49,15.16
2019-11-21,2019,Q4,11,November,2019-11,258188572894.6,550860746,6448361.0,0.41764949494949494,99,11968.4,-0.26,14.98
2019-11-22,2019,Q4,11,November,2019-11,232697969476.05,480241307,5650988.0,0.38852222222222227,99,11914.4,-0.45,14.87
2019-11-25,2019,Q4,11,November,2019-11,238616267244.9,477763815,5915128.0,0.4160939393939394,99,12073.75,1.34,15.0
2019-11-26,2019,Q4,11,November,2019-11,657138109000.4501,1166355755,9695830.0,0.5477777777777777,99,12037.7,-0.3,14.84
2019-11-27,2019,Q4,11,November,2019-11,230236472126.55,452388647,5593583.0,0.3989090909090909,99,12100.7,0.52,14.62
2019-11-28,2019,Q4,11,November,2019-11,244276290065.95,560099781,5822583.0,0.38543434343434346,99,12151.15,0.42,13.99
2019-11-29,2019,Q4,11,November,2019-11,236396708798.6,521986167,6030727.0,0.417410101010101,99,12056.05,-0.78,13.9
2019-12-02,2019,Q4,12,December,2019-12,245331218982.6,456814855,5501047.0,0.4445151515151515,99,12048.2,-0.07,14.2
2019-12-03,2019,Q4,12,December,2019-12,208177755497.55002,435500821,5233348.0,0.4173868686868687,99,11994.2,-0.45,14.56
2019-12-04,2019,Q4,12,December,2019-12,246650417549.65,530879734,6253399.0,0.40792020202020196,99,12043.2,0.41,13.32
2019-12-05,2019,Q4,12,December,2019-12,227400077748.45,448212841,5418297.0,0.4053282828282828,99,12018.4,-0.21,14.3
2019-12-06,2019,Q4,12,December,2019-12,210824140089.9,464646576,5003353.0,0.39101010101010103,99,11921.5,-0.81,13.64
2019-12-09,2019,Q4,12,December,2019-12,186097386631.95,396985873,4836211.0,0.3931131313131313,99,11937.5,0.13,14.6
2019-12-10,2019,Q4,12,December,2019-12,189327660434.95,405619932,5191575.0,0.3986151515151515,99,11856.8,-0.68,14.29
2019-12-11,2019,Q4,12,December,2019-12,200917857195.95,439436754,5733106.0,0.42409191919191924,99,11910.15,0.45,13.38
2019-12-12,2019,Q4,12,December,2019-12,202709492278.75,448749419,5318582.0,0.41082020202020203,99,11971.8,0.52,13.35
2019-12-13,2019,Q4,12,December,2019-12,236685536082.3,531788495,5550468.0,0.4177383838383838,99,12086.7,0.96,13.3
2019-12-16,2019,Q4,12,December,2019-12,188107414466.8,372037844,5079672.0,0.42843434343434345,99,12053.95,-0.27,13.42
2019-12-17,2019,Q4,12,December,2019-12,239476595486.65,452678933,6076440.0,0.463810101010101,99,12165.0,0.92,12.52
2019-12-18,2019,Q4,12,December,2019-12,258510205762.8,504975826,6213391.0,0.42637979797979797,99,12221.65,0.47,12.34
2019-12-19,2019,Q4,12,December,2019-12,219911585834.7,413445142,5056593.0,0.3841252525252525,99,12259.7,0.31,12.12
2019-12-20,2019,Q4,12,December,2019-12,294139658116.75,550000991,5824796.0,0.4691848484848485,99,12271.8,0.1,12.32
2019-12-23,2019,Q4,12,December,2019-12,201999278845.9,421150719,4439276.0,0.41485656565656565,99,12262.75,-0.07,11.96
2019-12-24,2019,Q4,12,December,2019-12,151535309806.2,291541762,3525406.0,0.3462414141414142,99,12214.55,-0.39,11.62
2019-12-26,2019,Q4,12,December,2019-12,180251671899.2,376043197,3741169.0,0.3490252525252525,99,12126.55,-0.72,11.12
2019-12-27,2019,Q4,12,December,2019-12,162360186941.1,348750240,3769570.0,0.3771818181818182,99,12245.8,0.98,10.52
2019-12-30,2019,Q4,12,December,2019-12,163207587721.25,323955294,3681972.0,0.3755353535353535,99,12255.85,0.08,11.01
2019-12-31,2019,Q4,12,December,2019-12,170514648626.7,366427868,3934414.0,0.3983090909090909,99,12168.45,-0.71,11.67
2020-01-01,2020,Q1,1,January,2020-01,115803108486.2,242115668,2477680.0,0.2712090909090909,99,12182.5,0.12,11.6
2020-01-02,2020,Q1,1,January,2020-01,173477230825.45,368976780,4234728.0,0.36712424242424246,99,12282.2,0.82,11.49
2020-01-03,2020,Q1,1,January,2020-01,197998799078.8,422591504,4744295.0,0.3845585858585859,99,12226.65,-0.45,12.7
2020-01-06,2020,Q1,1,January,2020-01,202231714467.15,414575426,5127401.0,0.4036989898989899,99,11993.05,-1.91,14.78
2020-01-07,2020,Q1,1,January,2020-01,210983681837.95,453631350,4939942.0,0.36734242424242425,99,12052.95,0.5,14.61
2020-01-08,2020,Q1,1,January,2020-01,209501941452.9,410659557,4883033.0,0.3772121212121212,99,12025.35,-0.23,15.64
2020-01-09,2020,Q1,1,January,2020-01,215408239350.15,434427176,5123362.0,0.42543636363636367,99,12215.9,1.58,14.0
2020-01-10,2020,Q1,1,January,2020-01,213271746499.4,456335325,4862483.0,0.3822848484848485,99,12256.8,0.33,14.08
2020-01-13,2020,Q1,1,January,2020-01,207741407891.0,398500098,4855201.0,0.4146656565656566,99,12329.55,0.59,14.28
2020-01-14,2020,Q1,1,January,2020-01,209030624273.95,391070664,5165848.0,0.4396030303030303,99,12362.3,0.27,13.91
2020-01-15,2020,Q1,1,January,2020-01,207558669379.19998,392461641,4869774.0,0.43404242424242423,99,12343.3,-0.15,14.12
2020-01-16,2020,Q1,1,January,2020-01,198568839880.9,364859445,4888435.0,0.41743030303030304,99,12355.5,0.1,14.18
2020-01-17,2020,Q1,1,January,2020-01,251908509824.69998,471312696,5530691.0,0.41603030303030303,99,12352.35,-0.03,14.13
2020-01-20,2020,Q1,1,January,2020-01,251389777177.6,586648620,5576878.0,0.3916171717171717,99,12224.55,-1.03,15.41
2020-01-21,2020,Q1,1,January,2020-01,224669792638.65,486884583,5343896.0,0.4033878787878788,99,12169.85,-0.45,15.86
2020-01-22,2020,Q1,1,January,2020-01,248431920949.9,657671105,5974208.0,0.40627575757575757,99,12106.9,-0.52,16.36
2020-01-23,2020,Q1,1,January,2020-01,292131796366.9,1117393011,5901883.0,0.4220121212121212,99,12180.35,0.61,15.86
2020-01-24,2020,Q1,1,January,2020-01,214027951861.2,438902824,5102057.0,0.37967171717171716,99,12248.25,0.56,15.56
2020-01-27,2020,Q1,1,January,2020-01,215294925160.85,429768467,4984170.0,0.37655656565656564,99,12119.0,-1.06,17.17
2020-01-28,2020,Q1,1,January,2020-01,266033116803.45,496983163,6492245.0,0.39955656565656567,99,12055.8,-0.52,17.3
2020-01-29,2020,Q1,1,January,2020-01,244434987932.44998,475125055,5661072.0,0.4059919191919192,99,12129.5,0.61,16.5
2020-01-30,2020,Q1,1,January,2020-01,245082417166.44998,513258200,6003510.0,0.4180323232323232,99,12035.8,-0.77,16.8
2020-01-31,2020,Q1,1,January,2020-01,309908255557.85,815788635,7158949.0,0.4364626262626263,99,11962.1,-0.61,17.37
2020-02-01,2020,Q1,2,February,2020-02,252666724242.15,560690705,6048488.0,0.3193979797979798,99,11661.85,-2.51,16.83
2020-02-03,2020,Q1,2,February,2020-02,309613790003.95,682327434,8609210.0,0.40759797979797985,99,11707.9,0.39,15.78
2020-02-04,2020,Q1,2,February,2020-02,290331364536.95,613770536,6967753.0,0.4060949494949495,99,11979.65,2.32,14.38
2020-02-05,2020,Q1,2,February,2020-02,278299305170.8,621051067,7068699.0,0.40485858585858586,99,12089.15,0.91,14.17
2020-02-06,2020,Q1,2,February,2020-02,288372957868.05,604912785,6935564.0,0.40208787878787877,99,12137.95,0.4,13.78
2020-02-07,2020,Q1,2,February,2020-02,228762052743.3,507426448,5625370.0,0.37414343434343433,99,12098.35,-0.33,13.75
2020-02-10,2020,Q1,2,February,2020-02,216903686602.85,542617854,5355852.0,0.39342525252525257,99,12031.5,-0.55,14.21
2020-02-11,2020,Q1,2,February,2020-02,209080246601.25,496525322,5885376.0,0.40983939393939395,99,12107.9,0.63,13.88
2020-02-12,2020,Q1,2,February,2020-02,218470524994.3,441210298,5372988.0,0.40720505050505046,99,12201.2,0.77,13.62
2020-02-13,2020,Q1,2,February,2020-02,206934176918.65,454192939,4978605.0,0.4204919191919192,99,12174.65,-0.22,13.37
2020-02-14,2020,Q1,2,February,2020-02,255673127805.0,560481886,6074909.0,0.39897272727272726,99,12113.45,-0.5,13.62
2020-02-17,2020,Q1,2,February,2020-02,205759664064.25,476168886,5100276.0,0.38903030303030306,99,12045.8,-0.56,14.42
2020-02-18,2020,Q1,2,February,2020-02,242750910509.95,620310700,5824488.0,0.4333272727272727,99,11992.5,-0.44,14.51
2020-02-19,2020,Q1,2,February,2020-02,235158193118.65,523380933,5822253.0,0.36685959595959594,99,12125.9,1.11,14.02
2020-02-20,2020,Q1,2,February,2020-02,248222505155.65,541099646,6035131.0,0.43126464646464646,99,12080.85,-0.37,13.7
2020-02-24,2020,Q1,2,February,2020-02,244424848713.85,519884250,6557781.0,0.43955656565656565,99,11829.4,-2.08,17.0
2020-02-25,2020,Q1,2,February,2020-02,237805741701.8,495604035,6256627.0,0.4192636363636364,99,11797.9,-0.27,16.9
2020-02-26,2020,Q1,2,February,2020-02,268575476319.7,548895652,6530598.0,0.44429191919191924,99,11678.5,-1.01,18.26
2020-02-27,2020,Q1,2,February,2020-02,266963472406.30002,604248398,7133817.0,0.4192828282828283,99,11633.3,-0.39,17.76
2020-02-28,2020,Q1,2,February,2020-02,404721032489.75,866052462,9470791.0,0.46506969696969697,99,11201.75,-3.71,23.24
2020-03-02,2020,Q1,3,March,2020-03,299762722734.4,723140244,7477168.0,0.40994444444444444,99,11132.75,-0.62,25.2
2020-03-03,2020,Q1,3,March,2020-03,284998063653.9,683953225,7506879.0,0.39580606060606066,99,11303.3,1.53,24.54
2020-03-04,2020,Q1,3,March,2020-03,325058740125.45,741366637,8452649.0,0.40200510204081635,98,11251.0,-0.46,24.22
2020-03-05,2020,Q1,3,March,2020-03,296264442058.5,722695199,7261499.0,0.37628775510204077,98,11269.0,0.16,23.25
2020-03-06,2020,Q1,3,March,2020-03,299693677121.15,694861135,7904985.0,0.4367857142857143,98,10989.45,-2.48,25.64
2020-03-09,2020,Q1,3,March,2020-03,396421939813.55,1016197516,10445294.0,0.44376734693877545,98,10451.45,-4.9,30.8
2020-03-11,2020,Q1,3,March,2020-03,366315856185.4,969149620,9990494.0,0.4290275510204081,98,10458.4,0.07,31.56
2020-03-12,2020,Q1,3,March,2020-03,459895698995.15,1296122208,12806945.0,0.472915306122449,98,9590.15,-8.3,41.16
2020-03-13,2020,Q1,3,March,2020-03,503872201173.9,1372998595,13651269.0,0.44114591836734696,98,9955.2,3.81,51.47
2020-03-16,2020,Q1,3,March,2020-03,382906777300.95,986107468,12979255.0,0.4363090909090909,99,9197.4,-7.61,58.88
2020-03-17,2020,Q1,3,March,2020-03,334653427816.7,907595466,11749893.0,0.42856161616161614,99,8967.05,-2.5,62.92
2020-03-18,2020,Q1,3,March,2020-03,441519860333.35,1426460403,15221007.0,0.4472424242424243,99,8468.8,-5.56,63.96
2020-03-19,2020,Q1,3,March,2020-03,408180592278.75,1160740783,14728886.0,0.4015090909090909,99,8263.45,-2.42,72.2
2020-03-20,2020,Q1,3,March,2020-03,444334268086.45,1344215245,13889248.0,0.40024747474747474,99,8745.45,5.83,67.1
2020-03-23,2020,Q1,3,March,2020-03,278709819669.95,786293072,11821900.0,0.5466575757575757,99,7610.25,-12.98,71.99
2020-03-24,2020,Q1,3,March,2020-03,330169657161.15,902791220,14371532.0,0.4357171717171717,99,7801.05,2.51,83.61
2020-03-25,2020,Q1,3,March,2020-03,336464474123.85,910837024,13835225.0,0.44028686868686867,99,8317.85,6.62,77.62
2020-03-26,2020,Q1,3,March,2020-03,389441265527.6,1095060037,14084822.0,0.41411818181818183,99,8641.45,3.89,71.53
2020-03-27,2020,Q1,3,March,2020-03,378605123186.4,1036252972,14368597.0,0.3940929292929293,99,8660.25,0.22,70.39
2020-03-30,2020,Q1,3,March,2020-03,291045543260.3,738634752,11221925.0,0.39740606060606065,99,8281.1,-4.38,71.89
2020-03-31,2020,Q1,3,March,2020-03,321057629794.25,845001646,11584141.0,0.4288080808080808,99,8597.75,3.82,64.41
2020-04-01,2020,Q2,4,April,2020-04,251971884806.65,643170844,10300938.0,0.3941414141414142,99,8253.8,-4.0,60.05
2020-04-03,2020,Q2,4,April,2020-04,323230310357.05,868208505,12819514.0,0.3926585858585858,99,8083.8,-2.06,55.3
2020-04-07,2020,Q2,4,April,2020-04,424910188197.3,1025723365,13927985.0,0.4021272727272727,99,8792.2,8.76,51.8
2020-04-08,2020,Q2,4,April,2020-04,464498374315.4,1154321051,15367087.0,0.3267070707070707,99,8748.75,-0.49,52.24
2020-04-09,2020,Q2,4,April,2020-04,411089491044.0,958695425,12805908.0,0.3385020202020202,99,9111.9,4.15,49.74
2020-04-13,2020,Q2,4,April,2020-04,352734631980.5,841990528,12038207.0,0.3065989898989899,99,8993.85,-1.3,51.46
2020-04-15,2020,Q2,4,April,2020-04,504376300664.8,1116666288,15163189.0,0.37697777777777774,99,8925.3,-0.76,49.74
2020-04-16,2020,Q2,4,April,2020-04,385616085832.6,916004759,12324018.0,0.35842222222222225,99,8992.8,0.76,46.1
2020-04-17,2020,Q2,4,April,2020-04,416571220354.35,973068062,13165080.0,0.35846262626262626,99,9266.75,3.05,42.59
2020-04-20,2020,Q2,4,April,2020-04,360082472128.95,980257617,11165958.0,0.343389898989899,99,9261.85,-0.05,43.46
2020-04-21,2020,Q2,4,April,2020-04,366233646056.55,866674143,11614972.0,0.36071414141414143,99,8981.45,-3.03,45.2
2020-04-22,2020,Q2,4,April,2020-04,423872457495.85,934932583,11915960.0,0.3173616161616162,99,9187.3,2.29,42.82
2020-04-23,2020,Q2,4,April,2020-04,372032272224.0,838114598,10798078.0,0.33255151515151515,99,9313.9,1.38,39.23
2020-04-24,2020,Q2,4,April,2020-04,410866209214.3,842323953,11291932.0,0.348579797979798,99,9154.4,-1.71,39.12
2020-04-27,2020,Q2,4,April,2020-04,340696919031.0,703293784,10020203.0,0.333579797979798,99,9282.3,1.4,38.04
2020-04-28,2020,Q2,4,April,2020-04,360964117429.85,776967612,9666217.0,0.3568535353535353,99,9380.9,1.06,35.35
2020-04-29,2020,Q2,4,April,2020-04,381146127815.85,895770813,10970967.0,0.3431181818181818,99,9553.35,1.84,33.84
2020-04-30,2020,Q2,4,April,2020-04,475481012388.35004,1164126511,13201044.0,0.36127474747474747,99,9859.9,3.21,33.99
2020-05-04,2020,Q2,5,May,2020-05,376975410853.0,885005254,12629557.0,0.38347676767676764,99,9293.5,-5.74,43.67
2020-05-05,2020,Q2,5,May,2020-05,371014815958.15,927583188,11153027.0,0.28932222222222226,99,9205.6,-0.95,43.61
2020-05-06,2020,Q2,5,May,2020-05,380261188379.7,934244709,11714114.0,0.27503232323232324,99,9270.9,0.71,41.25
2020-05-07,2020,Q2,5,May,2020-05,651257884589.05,852474730,10031966.0,0.2994181818181818,99,9199.05,-0.78,39.93
2020-05-08,2020,Q2,5,May,2020-05,366192962267.5,772189400,10070719.0,0.3056292929292929,99,9251.5,0.57,38.41
2020-05-11,2020,Q2,5,May,2020-05,371170925950.6,879437921,11174735.0,0.307789898989899,99,9239.2,-0.13,38.04
2020-05-12,2020,Q2,5,May,2020-05,433023552718.85,888702566,11882866.0,0.30506262626262626,99,9196.55,-0.46,38.21
2020-05-13,2020,Q2,5,May,2020-05,423252121819.85,982441217,11752252.0,0.33679595959595954,99,9383.55,2.03,38.83
2020-05-14,2020,Q2,5,May,2020-05,362695924384.05,777079505,10174594.0,0.31683232323232324,99,9142.75,-2.57,38.18
2020-05-15,2020,Q2,5,May,2020-05,318037601998.85,704699992,9132400.0,0.30411717171717173,99,9136.85,-0.06,38.02
2020-05-18,2020,Q2,5,May,2020-05,396549250145.64996,909164837,12266740.0,0.3378080808080808,99,8823.25,-3.43,40.92
2020-05-19,2020,Q2,5,May,2020-05,377736041770.55,933706884,10627972.0,0.3036333333333333,99,8879.1,0.63,39.45
2020-05-20,2020,Q2,5,May,2020-05,363464308314.45,774425005,9962538.0,0.31494848484848487,99,9066.55,2.11,35.81
2020-05-21,2020,Q2,5,May,2020-05,359863716744.2,838800347,9973090.0,0.33022727272727276,99,9106.25,0.44,32.99
2020-05-22,2020,Q2,5,May,2020-05,381958018972.9,893120534,10749447.0,0.3086191919191919,99,9039.25,-0.74,32.38
2020-05-26,2020,Q2,5,May,2020-05,367081086495.35,823132273,10174275.0,0.3521343434343434,99,9029.05,-0.11,31.47
2020-05-27,2020,Q2,5,May,2020-05,406125861262.85,953782289,10450366.0,0.336008,100,9314.95,3.17,31.27
2020-05-28,2020,Q2,5,May,2020-05,449665360723.25,1114747304,11281149.0,0.34501600000000004,100,9490.1,1.88,30.02
2020-05-29,2020,Q2,5,May,2020-05,620753087296.2,1360676354,13329859.0,0.419345,100,9580.3,0.95,30.22
2020-06-01,2020,Q2,6,June,2020-06,469268781321.75,1130603521,11678999.0,0.32711599999999996,100,9826.15,2.57,30.74
2020-06-02,2020,Q2,6,June,2020-06,448807373832.4,1071204649,10960892.0,0.307595,100,9979.1,1.56,30.12
2020-06-03,2020,Q2,6,June,2020-06,488121476392.35004,1145297474,11791915.0,0.35527200000000003,100,10061.55,0.83,30.04
2020-06-04,2020,Q2,6,June,2020-06,460339294156.95,1112411718,11453296.0,0.317297,100,10029.1,-0.32,29.69
2020-06-05,2020,Q2,6,June,2020-06,455509799970.95,1309886555,11103131.0,0.29731799999999997,100,10142.15,1.13,28.68
2020-06-08,2020,Q2,6,June,2020-06,461089981380.3,1252917572,12107907.0,0.333081,100,10167.45,0.25,29.65
2020-06-09,2020,Q2,6,June,2020-06,455336307154.5,1069384107,11156011.0,0.315174,100,10046.65,-1.19,30.2
2020-06-10,2020,Q2,6,June,2020-06,357950801994.15,894309060,9295492.0,0.306267,100,10116.15,0.69,29.44
2020-06-11,2020,Q2,6,June,2020-06,384330889685.75,1017279440,10405649.0,0.305336,100,9902.0,-2.12,29.66
2020-06-12,2020,Q2,6,June,2020-06,443361136137.0,1047653159,10623403.0,0.281584,100,9972.9,0.72,30.82
2020-06-15,2020,Q2,6,June,2020-06,389657616516.85,940475633,9243596.0,0.302246,100,9813.7,-1.6,32.58
2020-06-16,2020,Q2,6,June,2020-06,432359827995.6,1150215804,10137673.0,0.287041,100,9914.0,1.02,32.97
2020-06-17,2020,Q2,6,June,2020-06,377943105202.55,948125116,8692211.0,0.317459,100,9881.15,-0.33,33.35
2020-06-18,2020,Q2,6,June,2020-06,360777853429.0,821198135,8728625.0,0.321673,100,10091.65,2.13,31.46
2020-06-19,2020,Q2,6,June,2020-06,619132160463.0,1195232699,11288740.0,0.41891300000000004,100,10244.4,1.51,29.96
2020-06-22,2020,Q2,6,June,2020-06,435220515202.35,998500694,10336839.0,0.342699,100,10311.2,0.65,30.46
2020-06-23,2020,Q2,6,June,2020-06,428780753356.0,984381207,9986222.0,0.39818800000000004,100,10471.0,1.55,29.34
2020-06-24,2020,Q2,6,June,2020-06,509688320941.45,1237167889,11685705.0,0.3392,100,10305.3,-1.58,29.58
2020-06-25,2020,Q2,6,June,2020-06,497186553608.45,1284326422,10586220.0,0.35117,100,10288.9,-0.16,29.73
2020-06-26,2020,Q2,6,June,2020-06,380411741861.15,854697363,8795992.0,0.328001,100,10383.0,0.91,28.74
2020-06-29,2020,Q2,6,June,2020-06,325056475610.95,733652526,7770744.0,0.337558,100,10312.4,-0.68,28.91
2020-06-30,2020,Q2,6,June,2020-06,337434753348.5,736812722,8019803.0,0.361708,100,10302.1,-0.1,29.12
2020-07-01,2020,Q3,7,July,2020-07,341052956798.1,770991299,7739727.0,0.317841,100,10430.05,1.24,28.12
2020-07-02,2020,Q3,7,July,2020-07,378757119416.5,832814727,8197223.0,0.33699599999999996,100,10551.7,1.17,26.51
2020-07-03,2020,Q3,7,July,2020-07,323524115428.7,766812867,7285773.0,0.293494,100,10607.35,0.53,25.77
2020-07-06,2020,Q3,7,July,2020-07,359013595843.8,761712154,7879594.0,0.34287300000000004,100,10763.65,1.47,25.2
2020-07-07,2020,Q3,7,July,2020-07,449839364768.1,896950306,10140537.0,0.354985,100,10799.65,0.33,25.1
2020-07-08,2020,Q3,7,July,2020-07,461603213984.05,1084515366,10229040.0,0.355556,100,10705.75,-0.87,26.1
2020-07-09,2020,Q3,7,July,2020-07,375953494894.55,814238098,8222292.0,0.339574,100,10813.45,1.01,24.91
2020-07-10,2020,Q3,7,July,2020-07,375917418870.1,848379303,8454554.0,0.302645,100,10768.05,-0.42,24.94
2020-07-13,2020,Q3,7,July,2020-07,366368913288.05,726863038,7609581.0,0.310912,100,10802.7,0.32,25.25
2020-07-14,2020,Q3,7,July,2020-07,381452897986.65,729417747,8729547.0,0.33376300000000003,100,10607.35,-1.81,26.64
2020-07-15,2020,Q3,7,July,2020-07,487915266649.0,890588534,9359693.0,0.337716,100,10618.2,0.1,26.29
2020-07-16,2020,Q3,7,July,2020-07,477308864749.85,842740853,9663722.0,0.321025,100,10739.95,1.15,25.36
2020-07-17,2020,Q3,7,July,2020-07,435720137837.65,866473715,9473689.0,0.317949,100,10901.7,1.51,24.16
2020-07-20,2020,Q3,7,July,2020-07,398404840223.65,721090531,8757730.0,0.311707,100,11022.2,1.11,24.71
2020-07-21,2020,Q3,7,July,2020-07,513174646525.8,984533579,10881303.0,0.332127,100,11162.25,1.27,24.43
2020-07-22,2020,Q3,7,July,2020-07,485159522488.85004,925420512,9847923.0,0.298354,100,11132.6,-0.27,24.88
2020-07-23,2020,Q3,7,July,2020-07,391462254311.45,777754788,7998912.0,0.308125,100,11215.45,0.74,24.64
2020-07-24,2020,Q3,7,July,2020-07,463514241869.14996,835755235,8738101.0,0.31446,100,11194.15,-0.19,24.54
2020-07-27,2020,Q3,7,July,2020-07,413440797231.85004,770318949,8891903.0,0.308373,100,11131.8,-0.56,25.02
2020-07-28,2020,Q3,7,July,2020-07,450952349437.2,847750713,8982691.0,0.310958,100,11300.55,1.52,23.64
2020-07-29,2020,Q3,7,July,2020-07,456697135831.3,788662607,9030577.0,0.317832,100,11202.85,-0.86,24.11
2020-07-30,2020,Q3,7,July,2020-07,476080292168.35,807088740,9480493.0,0.33720799999999995,100,11102.15,-0.9,24.73
2020-07-31,2020,Q3,7,July,2020-07,458805445201.45,857549547,9355086.0,0.292345,100,11073.45,-0.26,24.19
2020-08-03,2020,Q3,8,August,2020-08,417489822369.0,982402456,8876851.0,0.324758,100,10891.6,-1.64,25.18
2020-08-04,2020,Q3,8,August,2020-08,417986828478.6,804498496,8521589.0,0.326042,100,11095.25,1.87,23.82
2020-08-05,2020,Q3,8,August,2020-08,425224752289.2,868007162,8262209.0,0.315977,100,11101.65,0.06,23.57
2020-08-06,2020,Q3,8,August,2020-08,407008204174.75,825662871,8176703.0,0.307782,100,11200.15,0.89,23.15
2020-08-07,2020,Q3,8,August,2020-08,360147856608.55,680924527,7445354.0,0.32626600000000006,100,11214.05,0.12,22.58
2020-08-10,2020,Q3,8,August,2020-08,401470091204.4,746983109,8195000.0,0.321479,100,11270.15,0.5,22.51
2020-08-11,2020,Q3,8,August,2020-08,392956606408.35,858386306,7985980.0,0.324831,100,11322.5,0.46,21.36
2020-08-12,2020,Q3,8,August,2020-08,383017666388.4,954983974,8358886.0,0.329171,100,11308.4,-0.12,20.84
2020-08-13,2020,Q3,8,August,2020-08,366136886759.4,814730858,7852389.0,0.334679,100,11300.45,-0.07,20.57
2020-08-14,2020,Q3,8,August,2020-08,428775028772.64996,913132359,9013620.0,0.317008,100,11178.4,-1.08,21.67
2020-08-17,2020,Q3,8,August,2020-08,342415049026.15,832239668,7341915.0,0.296007,100,11247.1,0.61,21.31
2020-08-18,2020,Q3,8,August,2020-08,358619650581.45,815036837,7644092.0,0.32259,100,11385.35,1.23,20.43
2020-08-19,2020,Q3,8,August,2020-08,352239572307.65,870414477,7133317.0,0.326862,100,11408.4,0.2,19.96
2020-08-20,2020,Q3,8,August,2020-08,349340534314.9,1061535618,8023499.0,0.32116500000000003,100,11312.2,-0.84,20.62
2020-08-21,2020,Q3,8,August,2020-08,340001201959.1,906275671,7123060.0,0.33008899999999997,100,11371.6,0.53,19.94
2020-08-24,2020,Q3,8,August,2020-08,351858239261.35,747901386,7348178.0,0.32175,100,11466.45,0.83,19.23
2020-08-25,2020,Q3,8,August,2020-08,355218139726.05,835414982,7362523.0,0.321199,100,11472.25,0.05,19.32
2020-08-26,2020,Q3,8,August,2020-08,408450229842.9,913698261,7775237.0,0.344974,100,11549.6,0.67,19.3
2020-08-27,2020,Q3,8,August,2020-08,404591999939.8,1019748805,8482964.0,0.340952,100,11559.25,0.08,18.9
2020-08-28,2020,Q3,8,August,2020-08,487764041869.05,1242901428,10046986.0,0.338027,100,11647.6,0.76,18.35
2020-08-31,2020,Q3,8,August,2020-08,728845900132.4,1749528540,13067979.0,0.359595,100,11387.5,-2.23,22.83
2020-09-01,2020,Q3,9,September,2020-09,443052621953.05,1031875168,8577794.0,0.274328,100,11470.25,0.73,21.8
2020-09-02,2020,Q3,9,September,2020-09,344017649429.55,792559954,7582423.0,0.319999,100,11535.0,0.56,21.1
2020-09-03,2020,Q3,9,September,2020-09,331330811489.15,756153040,7600599.0,0.315006,100,11527.45,-0.07,20.5
2020-09-04,2020,Q3,9,September,2020-09,387498665784.0,874262419,8443578.0,0.308226,100,11333.85,-1.68,22.15
2020-09-07,2020,Q3,9,September,2020-09,311910926461.8,709029632,7105607.0,0.262432,100,11355.05,0.19,22.01
2020-09-08,2020,Q3,9,September,2020-09,344244037651.4,723008019,7394458.0,0.30887,100,11317.35,-0.33,22.72
2020-09-09,2020,Q3,9,September,2020-09,389162094701.45,897414151,8393720.0,0.308344,100,11278.0,-0.35,22.23
2020-09-10,2020,Q3,9,September,2020-09,448869132965.95,825431885,8480393.0,0.296218,100,11449.25,1.52,21.26
2020-09-11,2020,Q3,9,September,2020-09,354434884175.2,696962368,7688001.0,0.292955,100,11464.45,0.13,20.71
2020-09-14,2020,Q3,9,September,2020-09,403596284004.1,802126364,8735903.0,0.323546,100,11440.05,-0.21,21.19
2020-09-15,2020,Q3,9,September,2020-09,352056328890.15,670346837,7377087.0,0.29755,100,11521.8,0.71,20.6
2020-09-16,2020,Q3,9,September,2020-09,348075972723.9,729509772,7588790.0,0.310184,100,11604.55,0.72,19.66
2020-09-17,2020,Q3,9,September,2020-09,354815391649.15,664077965,7626314.0,0.31729199999999996,100,11516.1,-0.76,20.1
2020-09-18,2020,Q3,9,September,2020-09,601027021177.65,1005722849,9708643.0,0.415209,100,11504.95,-0.1,20.05
2020-09-21,2020,Q3,9,September,2020-09,442909885867.4,795322439,9409902.0,0.31383,100,11250.55,-2.21,22.19
2020-09-22,2020,Q3,9,September,2020-09,429992583516.85,868986867,9632356.0,0.280615,100,11153.65,-0.86,21.41
2020-09-23,2020,Q3,9,September,2020-09,417972313830.4,910056854,8629514.0,0.293035,100,11131.85,-0.2,20.99
2020-09-24,2020,Q3,9,September,2020-09,425221693994.2,922902558,9810058.0,0.364525,100,10805.55,-2.93,23.51
2020-09-25,2020,Q3,9,September,2020-09,383400411280.6,818791225,8504151.0,0.27085899999999996,100,11050.25,2.26,20.67
2020-09-28,2020,Q3,9,September,2020-09,302175011501.75,656559172,6543538.0,0.26561599999999996,100,11227.55,1.6,19.57
2020-09-29,2020,Q3,9,September,2020-09,340145898367.45,730594098,7160537.0,0.249638,100,11222.4,-0.05,19.77
2020-09-30,2020,Q3,9,September,2020-09,352508003780.45,720553843,7427739.0,0.268685,100,11247.55,0.22,19.53
2020-10-01,2020,Q4,10,October,2020-10,321983615685.9,662891031,6613057.0,0.272212,100,11416.95,1.51,18.35
